{
"type": "FeatureCollection",
"name": "976",
"crs": { "type": "name", "properties": { "name": "urn:ogc:def:crs:OGC:1.3:CRS84" } },
"features": [
{ "type": "Feature", "properties": { "code_iris": "976110302", "nom_iris": "Z.I. Kawéni - La Geôle" }, "geometry": { "type": "MultiPolygon", "coordinates": [ [ [ [ 45.237611620509149, -12.76325467541723 ], [ 45.236739764222641, -12.763900210354265 ], [ 45.236211405717228, -12.764396229214208 ], [ 45.235977664281151, -12.764683095148916 ], [ 45.235803029832532, -12.765126348728693 ], [ 45.235789545567265, -12.765488073124473 ], [ 45.235883823272871, -12.76581805147976 ], [ 45.236177123503154, -12.76617226751088 ], [ 45.236202781522266, -12.767015938546475 ], [ 45.234793808274084, -12.769677588667097 ], [ 45.234647202242328, -12.770548541221922 ], [ 45.23468446758595, -12.770996127001363 ], [ 45.234620192569452, -12.77123129706467 ], [ 45.234452692780174, -12.771425866154519 ], [ 45.234266266514517, -12.772078017886695 ], [ 45.234366192731166, -12.772538207991877 ], [ 45.234270671342941, -12.77285931233253 ], [ 45.234378766461774, -12.773185661646817 ], [ 45.234520728132637, -12.773270537950996 ], [ 45.234062855181051, -12.773296264106857 ], [ 45.233671146905941, -12.773136553421685 ], [ 45.233088023439848, -12.773215741254116 ], [ 45.232908303876343, -12.773148078810813 ], [ 45.232782136818827, -12.773206968310651 ], [ 45.232550726685098, -12.773033550364554 ], [ 45.232188776818866, -12.77317493667835 ], [ 45.231700500159505, -12.773200685473926 ], [ 45.230549255415191, -12.773649312164141 ], [ 45.23031060680146, -12.773620583468119 ], [ 45.230374946994466, -12.773452331133459 ], [ 45.229708587464927, -12.773182531790717 ], [ 45.229742447623906, -12.772929303727025 ], [ 45.230141602387171, -12.77215760464486 ], [ 45.230857639942926, -12.771334084106716 ], [ 45.231707554466716, -12.770830559614616 ], [ 45.23165591983696, -12.770785390876775 ], [ 45.231414637372069, -12.77089682896221 ], [ 45.230846493915628, -12.771234622964748 ], [ 45.231577467594207, -12.770630827672395 ], [ 45.23277200223302, -12.769179311111506 ], [ 45.232970923949971, -12.769091420478563 ], [ 45.233215172650731, -12.769203335732179 ], [ 45.233351671868881, -12.769362368579987 ], [ 45.233513230058172, -12.768717473588122 ], [ 45.233693340876201, -12.767208069558109 ], [ 45.233588927858484, -12.766874482256307 ], [ 45.233458878933988, -12.766715443781116 ], [ 45.232304494890634, -12.766717365776261 ], [ 45.232345902060452, -12.766661263936042 ], [ 45.232916148240612, -12.76662097338256 ], [ 45.232906522316675, -12.766169745652741 ], [ 45.23174486331839, -12.763238183430836 ], [ 45.231371237721511, -12.762682377855127 ], [ 45.230722135386294, -12.762109631027631 ], [ 45.230451262618288, -12.762091781769675 ], [ 45.230103239377058, -12.762336241045752 ], [ 45.230137836071187, -12.762899578237434 ], [ 45.230374152657092, -12.763416621245392 ], [ 45.2301378222529, -12.763903330560044 ], [ 45.230133498696567, -12.764216215661421 ], [ 45.230401354860867, -12.764970152785358 ], [ 45.23040533144566, -12.765292073434303 ], [ 45.230564895145434, -12.765490876087938 ], [ 45.230646313072839, -12.765870603111106 ], [ 45.23055992198536, -12.766103078782493 ], [ 45.230409841001276, -12.766202680654775 ], [ 45.231068742673813, -12.766395621284822 ], [ 45.231155486567978, -12.766551986022611 ], [ 45.231099420522561, -12.766698528613801 ], [ 45.232217847605675, -12.766667706505777 ], [ 45.232248295784146, -12.766717415193066 ], [ 45.231069129392303, -12.766821537339183 ], [ 45.230797562381298, -12.767059600678015 ], [ 45.230614148654354, -12.76697656701028 ], [ 45.23043547582153, -12.767041831177471 ], [ 45.230163028387899, -12.767326012977255 ], [ 45.230183020238989, -12.768038569036714 ], [ 45.230110442657086, -12.768265606816975 ], [ 45.229942005267276, -12.768443896872261 ], [ 45.229731006415157, -12.768421473455245 ], [ 45.229479110054235, -12.769021230758506 ], [ 45.229045993965009, -12.768907667314735 ], [ 45.228597411867703, -12.76901204827889 ], [ 45.228527279765835, -12.768886413901903 ], [ 45.228614507179451, -12.768556275816886 ], [ 45.228551761057453, -12.768447816388123 ], [ 45.228275154263109, -12.768207516817212 ], [ 45.227825408052418, -12.768039708835529 ], [ 45.22753849907506, -12.767610422579212 ], [ 45.227493384460054, -12.76764301556282 ], [ 45.227777602345363, -12.768153689494168 ], [ 45.228197861359163, -12.768315193063028 ], [ 45.22844218035393, -12.768508498022864 ], [ 45.228373421030923, -12.768885642703909 ], [ 45.228510911490623, -12.769126062548263 ], [ 45.228686037615169, -12.769212721949531 ], [ 45.228999179950179, -12.769099415490256 ], [ 45.229298662963402, -12.76916426388377 ], [ 45.229419471446548, -12.769294375435008 ], [ 45.22943993344871, -12.769508672254636 ], [ 45.229153680588162, -12.769812759196064 ], [ 45.229075731706544, -12.770215231852099 ], [ 45.228541655571021, -12.770531288642021 ], [ 45.228034955651552, -12.770555237969479 ], [ 45.227752877434298, -12.770380050876865 ], [ 45.227411633704357, -12.769978844164477 ], [ 45.22720439894718, -12.770045939333833 ], [ 45.227106083626737, -12.77034262808988 ], [ 45.227577116656427, -12.7706144111835 ], [ 45.227646447230612, -12.770873880075012 ], [ 45.227420071198686, -12.771172487854406 ], [ 45.227181198409667, -12.771921438113221 ], [ 45.227204487345219, -12.772208075132673 ], [ 45.227577892574779, -12.772511591949238 ], [ 45.227706132263499, -12.772708614619146 ], [ 45.227675949711177, -12.772955509320971 ], [ 45.227407221869569, -12.773288516260681 ], [ 45.227475744950816, -12.773674585145596 ], [ 45.227441932580199, -12.773983878310354 ], [ 45.227239432900198, -12.774198367229387 ], [ 45.22670976737075, -12.774306432007952 ], [ 45.226280319040775, -12.774182009677876 ], [ 45.226037775287487, -12.773917263152475 ], [ 45.225936412854452, -12.773898360015805 ], [ 45.225812083993169, -12.773954531797814 ], [ 45.225615315440621, -12.774399606214613 ], [ 45.225637483401144, -12.774462886929951 ], [ 45.225993055503494, -12.774395666012296 ], [ 45.226379187278454, -12.774503848896064 ], [ 45.226409925909117, -12.774880003350757 ], [ 45.226487446208999, -12.775024621781503 ], [ 45.227029336793301, -12.775192352543362 ], [ 45.227357738581723, -12.775649635952693 ], [ 45.227786065262407, -12.775547082990718 ], [ 45.228152452444924, -12.775210374186088 ], [ 45.228448086584159, -12.775085327791073 ], [ 45.228828261193563, -12.774714243465288 ], [ 45.229097251730096, -12.774673317546378 ], [ 45.229113907284137, -12.774752879789409 ], [ 45.228828401952519, -12.774870683897241 ], [ 45.228200568409918, -12.775440924165812 ], [ 45.227867234593546, -12.775650100934463 ], [ 45.227651726067279, -12.775742523498513 ], [ 45.227256535371929, -12.775809780776475 ], [ 45.225970447710132, -12.775911259979155 ], [ 45.224939399618194, -12.775822616762058 ], [ 45.224728367035866, -12.775768539650702 ], [ 45.224661982537071, -12.775713435025116 ], [ 45.224291646195979, -12.775757155420772 ], [ 45.223924886748151, -12.775677890066035 ], [ 45.223568180262582, -12.775505474750831 ], [ 45.223191127249812, -12.775244456614129 ], [ 45.222893099930296, -12.774744641030541 ], [ 45.222809080175857, -12.774540344446061 ], [ 45.222758957124213, -12.77411627893841 ], [ 45.222838742336307, -12.773693912354217 ], [ 45.223199646169327, -12.772353462911097 ], [ 45.22118330806375, -12.771786366706301 ], [ 45.220735479482187, -12.771707164685576 ], [ 45.220457107366833, -12.771551860847291 ], [ 45.220062944868715, -12.771737567306413 ], [ 45.219716536377462, -12.771745090022083 ], [ 45.219577453591178, -12.771786802656356 ], [ 45.219099589666264, -12.772134443648278 ], [ 45.218919872092663, -12.772064058760822 ], [ 45.218690433051492, -12.772028077627111 ], [ 45.218564013731118, -12.771796686251967 ], [ 45.218433126279663, -12.771726260603831 ], [ 45.217747015328257, -12.772041517225997 ], [ 45.217676141238499, -12.772120248149232 ], [ 45.21757868038555, -12.772352728810628 ], [ 45.217251699705102, -12.772455181850901 ], [ 45.217145013684515, -12.770515585713163 ], [ 45.217319066466317, -12.769348919232328 ], [ 45.216719207736631, -12.768164803058518 ], [ 45.21775014630019, -12.767087859849932 ], [ 45.218753219662489, -12.765757736827323 ], [ 45.219500475040249, -12.765856587992626 ], [ 45.220107481501131, -12.764644345322578 ], [ 45.221036953242582, -12.764516969872341 ], [ 45.221516480276016, -12.765041051666371 ], [ 45.221696183305035, -12.765099679239889 ], [ 45.221755261787685, -12.765232559068764 ], [ 45.221853926750228, -12.765331947218497 ], [ 45.222203254492051, -12.76551250996512 ], [ 45.22249095802033, -12.765809776477987 ], [ 45.222600764447478, -12.766006817366893 ], [ 45.224259384377504, -12.76633366872071 ], [ 45.224367292399705, -12.766465602187678 ], [ 45.224556722301571, -12.767104768209085 ], [ 45.224662721151283, -12.767160743524363 ], [ 45.225597721841098, -12.763909054731746 ], [ 45.225574416403347, -12.76360071460569 ], [ 45.225746486771236, -12.763363645863741 ], [ 45.226556504411889, -12.76049095398197 ], [ 45.226671514813965, -12.760323563235447 ], [ 45.227085780860044, -12.759978676246273 ], [ 45.227716500912699, -12.75958477099185 ], [ 45.228066509492891, -12.759501275270544 ], [ 45.229164555411799, -12.759379151713011 ], [ 45.229957764366041, -12.759373037064202 ], [ 45.23011085215014, -12.759546525895654 ], [ 45.230295230664858, -12.75968381610465 ], [ 45.231515634577228, -12.760387185162161 ], [ 45.232605699784123, -12.76161152925509 ], [ 45.232912093651244, -12.76218999941249 ], [ 45.233386325657925, -12.762946464372783 ], [ 45.233659225489959, -12.763164154950625 ], [ 45.233828773286049, -12.763198367645526 ], [ 45.234572216112547, -12.763161537433323 ], [ 45.234768496264152, -12.763212002849306 ], [ 45.235161146179045, -12.763409691234259 ], [ 45.235381337392866, -12.763414016572685 ], [ 45.235721104697554, -12.763212058998242 ], [ 45.236063412252463, -12.762769559963946 ], [ 45.236487952850879, -12.762585611289257 ], [ 45.236608686124526, -12.762634334382586 ], [ 45.236792339984305, -12.762976892369684 ], [ 45.236922260242224, -12.762997574370242 ], [ 45.237111989801946, -12.762938625915201 ], [ 45.237333392756319, -12.763254925477245 ], [ 45.237611620509149, -12.76325467541723 ] ] ] ] } },
{ "type": "Feature", "properties": { "code_iris": "976100105", "nom_iris": "La Carrière" }, "geometry": { "type": "MultiPolygon", "coordinates": [ [ [ [ 45.211766760944194, -12.76210108620071 ], [ 45.202003458255795, -12.76498615827693 ], [ 45.198908627795014, -12.765900023668568 ], [ 45.198236065573433, -12.765879730712703 ], [ 45.19397201921835, -12.755829976905474 ], [ 45.19344370066738, -12.751615496452722 ], [ 45.19270473625663, -12.74901260166344 ], [ 45.18935620748757, -12.747992274307785 ], [ 45.189276767345149, -12.747703864386839 ], [ 45.189401779202662, -12.747333018227598 ], [ 45.189384860463591, -12.746879983750391 ], [ 45.189285161055466, -12.746601535437357 ], [ 45.189335463134107, -12.746109568583025 ], [ 45.189205370418158, -12.745840184815695 ], [ 45.189067090928503, -12.74571097095852 ], [ 45.188996018618568, -12.745524739085567 ], [ 45.1890244652188, -12.745374607495737 ], [ 45.18909163126753, -12.745262428190879 ], [ 45.189357684355052, -12.745019889593847 ], [ 45.189561176677607, -12.74488862258657 ], [ 45.189690042573197, -12.744747461805641 ], [ 45.189711159302846, -12.744651592480679 ], [ 45.189670540202208, -12.744536777436629 ], [ 45.189678714111025, -12.744379426025558 ], [ 45.189799131872128, -12.74402757288941 ], [ 45.189953783191157, -12.74387554206332 ], [ 45.190389347861824, -12.743646444961906 ], [ 45.193760962764379, -12.746022265882761 ], [ 45.194992943951974, -12.746419245847147 ], [ 45.195080215407501, -12.746099064830895 ], [ 45.196027825079561, -12.745668829296484 ], [ 45.196786479934715, -12.745107609773285 ], [ 45.196806579250797, -12.744890566567777 ], [ 45.196716238284289, -12.744811056724448 ], [ 45.196692181920135, -12.744675431946481 ], [ 45.196769475699782, -12.744560530352562 ], [ 45.196787803055145, -12.744434821186017 ], [ 45.19782311847073, -12.744261330820107 ], [ 45.197924347116121, -12.744125612456807 ], [ 45.197889197679473, -12.743941164728083 ], [ 45.1976889781713, -12.74353438639735 ], [ 45.19762604817474, -12.743163676773625 ], [ 45.197591912109814, -12.743097689498704 ], [ 45.197347663146189, -12.742933291992115 ], [ 45.197211143186074, -12.742700088364609 ], [ 45.197245978564446, -12.742479416973376 ], [ 45.197366396171944, -12.742142029051138 ], [ 45.197622365721479, -12.741978162516107 ], [ 45.197726456781155, -12.741970850486501 ], [ 45.197828759434465, -12.742033169663351 ], [ 45.197967192214641, -12.742356800002305 ], [ 45.19812024951419, -12.742532116650032 ], [ 45.198284300391066, -12.742628752216568 ], [ 45.19843724265764, -12.742655766105075 ], [ 45.199081110433383, -12.742579322596901 ], [ 45.199300376451767, -12.742601764658518 ], [ 45.199357460464277, -12.742561933144357 ], [ 45.199797753487289, -12.742502822589893 ], [ 45.200363138430788, -12.742198555547668 ], [ 45.20114882888798, -12.744404413181545 ], [ 45.204445084400078, -12.742275914735162 ], [ 45.205136072021588, -12.742374851251194 ], [ 45.205449218005171, -12.742293222745037 ], [ 45.206167191642301, -12.741587322734416 ], [ 45.206590698037679, -12.741279535856503 ], [ 45.207613111985623, -12.741125007460681 ], [ 45.20822093134511, -12.740908406043234 ], [ 45.208349943632292, -12.740961657270711 ], [ 45.21071368943165, -12.740879304571639 ], [ 45.210592375664191, -12.741224837605232 ], [ 45.210311565804588, -12.742533559742139 ], [ 45.212394003664976, -12.744240088437673 ], [ 45.213110903053838, -12.744470104310114 ], [ 45.211206354648233, -12.745110960034555 ], [ 45.211086038725547, -12.745550537905583 ], [ 45.210258751130638, -12.745514121042172 ], [ 45.20969437632025, -12.745920592344564 ], [ 45.209507875664023, -12.746538365847721 ], [ 45.208966150723342, -12.746484537293362 ], [ 45.208878893692699, -12.746801105488487 ], [ 45.208676524484524, -12.747168404365361 ], [ 45.209088563194172, -12.747472822586934 ], [ 45.209860452278825, -12.747350133060818 ], [ 45.210173029737497, -12.747690799794064 ], [ 45.210785690043906, -12.74885593368484 ], [ 45.209689962937532, -12.750633721535882 ], [ 45.209056463090626, -12.752138950541617 ], [ 45.210002900481186, -12.752524329559293 ], [ 45.210663560832579, -12.752676627911944 ], [ 45.210306021159866, -12.754792934999383 ], [ 45.211786626066903, -12.754969896848356 ], [ 45.212228001871324, -12.75618851624097 ], [ 45.210031287037538, -12.757902078174059 ], [ 45.212411056971504, -12.759171597955929 ], [ 45.212125542127197, -12.75926677693881 ], [ 45.212022415477684, -12.759333776603189 ], [ 45.211967229524276, -12.759442334784852 ], [ 45.211829083893257, -12.759496702500895 ], [ 45.211764714428384, -12.759640535023808 ], [ 45.211176730766304, -12.760496456865505 ], [ 45.211152875839723, -12.760614936947377 ], [ 45.211766760944194, -12.76210108620071 ] ] ] ] } },
{ "type": "Feature", "properties": { "code_iris": "976110207", "nom_iris": "Hauts de Mtsapéré" }, "geometry": { "type": "MultiPolygon", "coordinates": [ [ [ [ 45.181545490176219, -12.765371765007561 ], [ 45.198236065573433, -12.765879730712703 ], [ 45.198908627795014, -12.765900023668568 ], [ 45.202003458255795, -12.76498615827693 ], [ 45.201066939359556, -12.769036250549121 ], [ 45.201013594989817, -12.769152039320192 ], [ 45.201071906065309, -12.769492005162572 ], [ 45.200972668290767, -12.769825760942775 ], [ 45.20100592761144, -12.769942388072092 ], [ 45.201816402893407, -12.770752911291529 ], [ 45.201884689871143, -12.770891214300136 ], [ 45.201979189426396, -12.771553076718602 ], [ 45.202054783322296, -12.771610892955254 ], [ 45.201764660104615, -12.772887961386388 ], [ 45.203177176115091, -12.775357376902038 ], [ 45.201731030978415, -12.77579073278128 ], [ 45.202354253845861, -12.777454134596359 ], [ 45.202552412734121, -12.777543506512476 ], [ 45.202614227400545, -12.77765016433092 ], [ 45.202509523986727, -12.778063501498863 ], [ 45.202534561516224, -12.77826604142111 ], [ 45.20269314165737, -12.778403370521637 ], [ 45.203156722840944, -12.778586583298162 ], [ 45.203245308985714, -12.77875832863209 ], [ 45.203282311620967, -12.778944582177193 ], [ 45.203238171740125, -12.779050417137165 ], [ 45.203136860105296, -12.779095709223515 ], [ 45.2025987566049, -12.779047291636211 ], [ 45.202441373953576, -12.779257205779224 ], [ 45.202343918764107, -12.779517713667181 ], [ 45.202319290731886, -12.779829709754328 ], [ 45.202518606227102, -12.780212068043637 ], [ 45.202713062474871, -12.780277027024805 ], [ 45.203415095442935, -12.780233985580079 ], [ 45.203565304784377, -12.780270945301185 ], [ 45.203600389870779, -12.780363154962556 ], [ 45.203600543415213, -12.780554862551028 ], [ 45.203555459601851, -12.780632665551179 ], [ 45.203558694342561, -12.781220446100329 ], [ 45.203731055856956, -12.781306219831139 ], [ 45.20384245163379, -12.781196715731811 ], [ 45.204007549101831, -12.781415424280942 ], [ 45.204089590072428, -12.781466000606482 ], [ 45.204556762099052, -12.781523512879405 ], [ 45.205024079475194, -12.781760976223707 ], [ 45.205118069157344, -12.781775371680448 ], [ 45.205197300409473, -12.781768980107294 ], [ 45.205309624401359, -12.781668517491408 ], [ 45.205669891577273, -12.781690843965903 ], [ 45.205826561079839, -12.781739553001854 ], [ 45.206000876330812, -12.781960965918845 ], [ 45.206192625730033, -12.782093745513075 ], [ 45.207067070350753, -12.782190723116155 ], [ 45.2073849885413, -12.782252868843901 ], [ 45.207682685841981, -12.782374712668465 ], [ 45.208070936107617, -12.782813887479186 ], [ 45.208349519402425, -12.783220594186734 ], [ 45.208380300133932, -12.783679040439027 ], [ 45.208423623324776, -12.783702517527834 ], [ 45.20855900607993, -12.78363278089182 ], [ 45.208637337976668, -12.78365261314392 ], [ 45.208846604029816, -12.783795323993234 ], [ 45.209141710161624, -12.78412424854529 ], [ 45.209480941827223, -12.784331059770155 ], [ 45.209669072034252, -12.784539799242966 ], [ 45.209763263030034, -12.784796540179025 ], [ 45.209745894455537, -12.784962941695934 ], [ 45.20968245089724, -12.785121241307641 ], [ 45.209718488612928, -12.785247812000241 ], [ 45.209870577381764, -12.785324554930311 ], [ 45.210008743364824, -12.785277422362128 ], [ 45.210112514462452, -12.784862274758121 ], [ 45.21018426043068, -12.78471662836424 ], [ 45.210300299836057, -12.784653236216768 ], [ 45.210387985810193, -12.784842161029358 ], [ 45.210324469334481, -12.78491184131258 ], [ 45.21035129144574, -12.785035706420766 ], [ 45.210242720810143, -12.785217553446211 ], [ 45.210241054650773, -12.785430965080753 ], [ 45.210366436039365, -12.785522197499121 ], [ 45.211193119573927, -12.785783778409384 ], [ 45.211356294090784, -12.785894874265512 ], [ 45.21138225111612, -12.786085656726774 ], [ 45.211176232130732, -12.786528015072195 ], [ 45.211174440498276, -12.786589507602788 ], [ 45.211266672254062, -12.786703373129539 ], [ 45.211484195489597, -12.786799052579676 ], [ 45.211667555829408, -12.786807948309551 ], [ 45.211876670074645, -12.786763470660125 ], [ 45.212095035693096, -12.786764199445349 ], [ 45.212325289958358, -12.786658213350959 ], [ 45.212322150840421, -12.787312010850552 ], [ 45.212099149620208, -12.788381050044197 ], [ 45.210168496721082, -12.787936785192581 ], [ 45.209383651319165, -12.788139064056161 ], [ 45.208821251110585, -12.788821337678909 ], [ 45.206972891545476, -12.788731462359875 ], [ 45.205772732429821, -12.791496788101407 ], [ 45.205605017802768, -12.791469790507703 ], [ 45.205487929803922, -12.791381262264061 ], [ 45.205449016458395, -12.791115434029997 ], [ 45.205378927437472, -12.791036816198652 ], [ 45.205291394246366, -12.79103507579959 ], [ 45.205146852679157, -12.791178968943257 ], [ 45.205071294551828, -12.791173602031659 ], [ 45.204937548216371, -12.790993754126402 ], [ 45.204493115938938, -12.790591694168905 ], [ 45.204410087216878, -12.790462446373823 ], [ 45.204380439922211, -12.79025991042764 ], [ 45.204138965399963, -12.790170573656493 ], [ 45.204020165027941, -12.790243008071446 ], [ 45.203979700389951, -12.79033798887404 ], [ 45.203844201762735, -12.790269368298636 ], [ 45.203776881247684, -12.790195269290653 ], [ 45.203652004350879, -12.789584071810726 ], [ 45.203575423158156, -12.78945120162898 ], [ 45.203378178848524, -12.789365447118129 ], [ 45.203008679899874, -12.789334081976175 ], [ 45.202845477112575, -12.789185905461062 ], [ 45.202742358327384, -12.789280934269211 ], [ 45.202535012406592, -12.789236783816573 ], [ 45.202305351067771, -12.788938547326053 ], [ 45.202341212828252, -12.788848091701713 ], [ 45.202298778992208, -12.788784824575574 ], [ 45.20199476574556, -12.788837505904729 ], [ 45.201817104864027, -12.789045626581879 ], [ 45.201780322227386, -12.789136987122356 ], [ 45.201680875654944, -12.789215735651021 ], [ 45.201046923103604, -12.789161962831445 ], [ 45.200926228751364, -12.789170193344424 ], [ 45.200800972522948, -12.789235396990103 ], [ 45.20064245367557, -12.789183069331457 ], [ 45.200469276307167, -12.789236553619657 ], [ 45.200332097603443, -12.789372300040311 ], [ 45.200058428965185, -12.789348996476571 ], [ 45.199815244892832, -12.789426044747602 ], [ 45.19951595726176, -12.789631543180509 ], [ 45.199341818218343, -12.789634387713235 ], [ 45.199276572493098, -12.789854177360795 ], [ 45.195453400429535, -12.789395855158753 ], [ 45.194503334489681, -12.789237404039607 ], [ 45.194395927718368, -12.788549324998066 ], [ 45.191425751039745, -12.78778918806708 ], [ 45.190952907943633, -12.7875535132838 ], [ 45.189333143301418, -12.786334804709723 ], [ 45.188489280990773, -12.785245749236152 ], [ 45.188365779662732, -12.785194293373848 ], [ 45.188204397889173, -12.785001796476889 ], [ 45.188062449348926, -12.784923225166557 ], [ 45.187921301221813, -12.784680978146071 ], [ 45.187700968188359, -12.784509321400005 ], [ 45.187709167618408, -12.784383620348327 ], [ 45.187579145901118, -12.784235410555008 ], [ 45.187518147781113, -12.783980446345504 ], [ 45.187190799163147, -12.783620774492606 ], [ 45.18715649971282, -12.783336854204794 ], [ 45.186929758758168, -12.783219458256319 ], [ 45.186652422967107, -12.783210611780605 ], [ 45.18649664556466, -12.783118485146103 ], [ 45.186373087311971, -12.782987451521446 ], [ 45.186360933275132, -12.782746921011302 ], [ 45.186315743663584, -12.78268817457467 ], [ 45.186329222612962, -12.782222459649804 ], [ 45.186289501586849, -12.782082323930178 ], [ 45.1859483977222, -12.781805854121616 ], [ 45.185844251636205, -12.781760713373219 ], [ 45.185676419870511, -12.781561889391826 ], [ 45.185258066786247, -12.781481702302401 ], [ 45.185328828342627, -12.781231166370338 ], [ 45.185407070062915, -12.78113073605264 ], [ 45.185417107309668, -12.780996895193011 ], [ 45.185365449649822, -12.780911928931376 ], [ 45.185018818945458, -12.780633653180217 ], [ 45.184956802287928, -12.780240333747715 ], [ 45.184969473510336, -12.779927443098085 ], [ 45.18490205137384, -12.779702323981144 ], [ 45.184736993641692, -12.779514348791881 ], [ 45.184617979778956, -12.77929378711306 ], [ 45.184406924169728, -12.779200793557241 ], [ 45.184399398620684, -12.778987388107335 ], [ 45.184453660166675, -12.778852612071484 ], [ 45.184438712681967, -12.778568677754349 ], [ 45.184365878749837, -12.778502716005095 ], [ 45.18421292805963, -12.778491971410945 ], [ 45.184044175134936, -12.778288625526965 ], [ 45.184035536808409, -12.777810265975775 ], [ 45.183904635258038, -12.777711790392736 ], [ 45.183888918204737, -12.777636745872279 ], [ 45.183952402291027, -12.777514623459659 ], [ 45.184059248131589, -12.77747385624893 ], [ 45.184140246689502, -12.777364381536483 ], [ 45.184205415385328, -12.7770243257318 ], [ 45.183970335097676, -12.776831877437607 ], [ 45.183982138430991, -12.776591329974471 ], [ 45.183926744496674, -12.776434023360187 ], [ 45.183938657093108, -12.776344491055635 ], [ 45.183623451631576, -12.776193695264618 ], [ 45.183383090403424, -12.776342164749487 ], [ 45.183162841941183, -12.776273592165378 ], [ 45.183031162078905, -12.776372250339168 ], [ 45.1828367500569, -12.776357916541958 ], [ 45.182751910583526, -12.776251269906156 ], [ 45.182994922225937, -12.775944549640228 ], [ 45.183043644832857, -12.775794404891512 ], [ 45.182946757887798, -12.775590104105651 ], [ 45.182789115893904, -12.775459092275478 ], [ 45.182763226982523, -12.775331606298552 ], [ 45.182643372131885, -12.775217749589753 ], [ 45.182507034683198, -12.775244972370139 ], [ 45.182362368914987, -12.775221560984676 ], [ 45.182234269625212, -12.775173722442458 ], [ 45.182084002130026, -12.775047226503624 ], [ 45.182115194600101, -12.774861826962503 ], [ 45.181906814427812, -12.774638612708729 ], [ 45.18168926333562, -12.774474182995306 ], [ 45.181641033956147, -12.774025691755336 ], [ 45.181545490176219, -12.765371765007561 ] ] ] ] } },
{ "type": "Feature", "properties": { "code_iris": "976170303", "nom_iris": "Tsingoni-Sud Épars" }, "geometry": { "type": "MultiPolygon", "coordinates": [ [ [ [ 45.147588804207345, -12.805797219711019 ], [ 45.132976131162735, -12.810269445831604 ], [ 45.128055001883652, -12.809216587024981 ], [ 45.128037416605608, -12.809062867498234 ], [ 45.127912917012516, -12.808858560082262 ], [ 45.127361756155032, -12.808598393752758 ], [ 45.12721979644099, -12.808487235575223 ], [ 45.127022334090782, -12.807945665431053 ], [ 45.12685818407985, -12.807682598216036 ], [ 45.126313438721944, -12.807345562493197 ], [ 45.125752196154053, -12.807184868688381 ], [ 45.125614856372223, -12.807096314490368 ], [ 45.125516192458214, -12.806957101940936 ], [ 45.125461744722053, -12.806790739802278 ], [ 45.125451408895607, -12.806386530195384 ], [ 45.12550833274846, -12.805970532855062 ], [ 45.125609578817446, -12.805742605249112 ], [ 45.12576891281801, -12.805589705372912 ], [ 45.126188024172663, -12.805297421480239 ], [ 45.126266289141874, -12.805181635735149 ], [ 45.126284585638409, -12.804915767719852 ], [ 45.126142375791794, -12.804296401879215 ], [ 45.126167158849206, -12.804103777688074 ], [ 45.126262016087189, -12.804001548238295 ], [ 45.126681142771467, -12.803746339158936 ], [ 45.126854295059836, -12.803590719125241 ], [ 45.127334965555093, -12.802954776123487 ], [ 45.127454642449727, -12.802736785989039 ], [ 45.127480206788199, -12.802267450597967 ], [ 45.127529887715347, -12.802115506960902 ], [ 45.1276551326619, -12.801977090963078 ], [ 45.12795910423926, -12.801778001185889 ], [ 45.128083417771549, -12.801620595487142 ], [ 45.128148633264516, -12.801212731993505 ], [ 45.128153878256278, -12.800651169471843 ], [ 45.128206222248998, -12.800300282051639 ], [ 45.128592810675862, -12.799491664299905 ], [ 45.128907491614392, -12.798615259873669 ], [ 45.129476538932892, -12.797852669921639 ], [ 45.12961283308416, -12.797705204713591 ], [ 45.130215199676151, -12.797240106057421 ], [ 45.130776882226115, -12.796503741144608 ], [ 45.130914891351253, -12.796111213555525 ], [ 45.131332792187123, -12.795301671828867 ], [ 45.13230266836198, -12.792834300899909 ], [ 45.132440741092267, -12.792571989279072 ], [ 45.132596361114899, -12.792388341450852 ], [ 45.132723594438076, -12.792542909963574 ], [ 45.132931134222517, -12.792974148766803 ], [ 45.133010393319381, -12.793010280143056 ], [ 45.133085002800485, -12.792965028304906 ], [ 45.133472657168653, -12.792481944816165 ], [ 45.133518719802431, -12.792468357237352 ], [ 45.133588766771389, -12.792508110241783 ], [ 45.13370316834029, -12.792790188783686 ], [ 45.133827587354439, -12.79284799981874 ], [ 45.134136180230747, -12.792705870454489 ], [ 45.134341561626108, -12.792535760544201 ], [ 45.134436467752494, -12.792540233588605 ], [ 45.134473342724824, -12.792576386133264 ], [ 45.134452231057125, -12.792728316566036 ], [ 45.134405298720139, -12.792839567392615 ], [ 45.134119860638791, -12.793208660503241 ], [ 45.134113467684827, -12.793316273515186 ], [ 45.134630567255741, -12.793684053415189 ], [ 45.134779858472314, -12.793730095600873 ], [ 45.134911582128005, -12.79366130266982 ], [ 45.135328691784999, -12.793127561540842 ], [ 45.13559947499359, -12.792925767154067 ], [ 45.135864777773286, -12.792814403681486 ], [ 45.136482965265607, -12.792684771833825 ], [ 45.1365990548287, -12.792672956026571 ], [ 45.13681837773936, -12.792729812174985 ], [ 45.136943747584468, -12.792840973974126 ], [ 45.137000025945383, -12.792976587280096 ], [ 45.13713391271267, -12.793502810727514 ], [ 45.137123111312846, -12.793975756648365 ], [ 45.137427533225612, -12.794640246514792 ], [ 45.137521777380336, -12.795122180456776 ], [ 45.137684057887128, -12.795330985222007 ], [ 45.137873143413017, -12.795694408325453 ], [ 45.138164538755241, -12.796118364656555 ], [ 45.138401434354947, -12.79629005421446 ], [ 45.138688173826914, -12.796621775479711 ], [ 45.13859796400331, -12.796783689641986 ], [ 45.13840723789999, -12.796794641262723 ], [ 45.138209223691625, -12.796958420446533 ], [ 45.13816059411193, -12.797335532074682 ], [ 45.138088805573005, -12.797485680720046 ], [ 45.138155217705233, -12.797614958423436 ], [ 45.13807974047738, -12.797759683297988 ], [ 45.138236524697369, -12.798023651817262 ], [ 45.138360034755017, -12.79809773823051 ], [ 45.138505857217062, -12.798535334705308 ], [ 45.138238900876914, -12.799002989272587 ], [ 45.138479576681767, -12.799342873376629 ], [ 45.138570050610269, -12.799662942042188 ], [ 45.138683409130962, -12.799706287998513 ], [ 45.138752474204651, -12.799630291862313 ], [ 45.138798601137054, -12.799732451561097 ], [ 45.138754404053898, -12.799789444671182 ], [ 45.13869175479558, -12.799803041897567 ], [ 45.138537829497309, -12.79971540740339 ], [ 45.138250353418982, -12.799729122624317 ], [ 45.138287285165973, -12.799866554278591 ], [ 45.138453190933724, -12.799957799756086 ], [ 45.138794171558246, -12.800057091520788 ], [ 45.141532423925206, -12.801321631153893 ], [ 45.140952447224905, -12.802262396238541 ], [ 45.14245399052745, -12.803211085562982 ], [ 45.146260325387672, -12.804619680686873 ], [ 45.147376450464598, -12.8050711998455 ], [ 45.147588804207345, -12.805797219711019 ] ] ] ] } },
{ "type": "Feature", "properties": { "code_iris": "976170304", "nom_iris": "Tsingoni-Nord Épars" }, "geometry": { "type": "MultiPolygon", "coordinates": [ [ [ [ 45.158866830823442, -12.762355213679081 ], [ 45.173054852237598, -12.764049069899444 ], [ 45.172527296849381, -12.772709742055882 ], [ 45.171756182251087, -12.774121831504949 ], [ 45.167644654145072, -12.781649921416232 ], [ 45.163003711910271, -12.790147664839161 ], [ 45.16289316825457, -12.790183000176896 ], [ 45.162732841342851, -12.790174056335383 ], [ 45.162551253705878, -12.790057515842561 ], [ 45.161974079012332, -12.789450192874519 ], [ 45.161405926117666, -12.78853631112554 ], [ 45.161223388462737, -12.788371843264624 ], [ 45.160900803779171, -12.788211077880229 ], [ 45.160291691447895, -12.788083040579005 ], [ 45.159995008223341, -12.788084125005264 ], [ 45.159665244602159, -12.788227201573745 ], [ 45.159097011557961, -12.78863899377594 ], [ 45.158796699798053, -12.78873231592708 ], [ 45.15860690836724, -12.788753228646124 ], [ 45.158187658727513, -12.788719117688363 ], [ 45.157524127839793, -12.788498869750198 ], [ 45.156554699107183, -12.788276993315739 ], [ 45.156357523977526, -12.788277110283614 ], [ 45.155932822596, -12.788365981481277 ], [ 45.1558047159116, -12.788309087347166 ], [ 45.155480201690239, -12.788000918258547 ], [ 45.154926285221336, -12.787725437803468 ], [ 45.154721648619677, -12.787576351176023 ], [ 45.154566715953841, -12.787344041193688 ], [ 45.154527007693808, -12.787197570554508 ], [ 45.15448051172168, -12.786494969588604 ], [ 45.154325547540779, -12.786209306731106 ], [ 45.154118122625178, -12.786017719909472 ], [ 45.153801129392548, -12.78594917937972 ], [ 45.153238200193712, -12.78599652973878 ], [ 45.153120310482734, -12.786072558011655 ], [ 45.152874522528116, -12.786435318255768 ], [ 45.152729903994022, -12.786496893308847 ], [ 45.152563134427439, -12.786495181251158 ], [ 45.152173285404416, -12.786314549741146 ], [ 45.151620452915466, -12.786299495268873 ], [ 45.150769856844789, -12.786014229206328 ], [ 45.150403025871633, -12.785802836251584 ], [ 45.149448022878644, -12.785015747937965 ], [ 45.148664557282217, -12.784498036020437 ], [ 45.148265497227825, -12.784311978133822 ], [ 45.147976150677096, -12.784247032152779 ], [ 45.147633391388503, -12.784227329939622 ], [ 45.14599802282774, -12.78432228554929 ], [ 45.145837695419473, -12.784305192832601 ], [ 45.14538150326257, -12.784101980737478 ], [ 45.145236843359719, -12.784092113290807 ], [ 45.145039717823629, -12.784173607291494 ], [ 45.144626113283785, -12.782709798555061 ], [ 45.144423393654982, -12.782673738233703 ], [ 45.143949856993899, -12.781121341155339 ], [ 45.144053012735064, -12.781057984969395 ], [ 45.144169943077024, -12.780914139925299 ], [ 45.144104207650606, -12.780350806766693 ], [ 45.143952184239957, -12.780349985453929 ], [ 45.143910662018278, -12.78024149399165 ], [ 45.143859972387943, -12.780214393101948 ], [ 45.142856534868244, -12.780060305592361 ], [ 45.142635464167462, -12.780155375023456 ], [ 45.142533317496707, -12.7803751712969 ], [ 45.141442479085775, -12.780449909537293 ], [ 45.141589071161803, -12.780624357796809 ], [ 45.141506438935807, -12.781144365585687 ], [ 45.141343585072384, -12.781550476500474 ], [ 45.13911151386786, -12.78391636598152 ], [ 45.139000117355387, -12.784078291561091 ], [ 45.138883274547986, -12.784390331128337 ], [ 45.138887766718177, -12.784180534841274 ], [ 45.138705314182566, -12.782451639401568 ], [ 45.138218808246805, -12.78239944621548 ], [ 45.138099961836687, -12.782415785563247 ], [ 45.137995778103949, -12.78228652741555 ], [ 45.137978000835901, -12.781786467476453 ], [ 45.138127097416493, -12.78148616706461 ], [ 45.138241660941922, -12.780372028690218 ], [ 45.136304694551143, -12.779839508401398 ], [ 45.136324923018499, -12.77976263376666 ], [ 45.136248466554051, -12.779791610356028 ], [ 45.136075591255953, -12.780423794437549 ], [ 45.134035422425576, -12.779862373541151 ], [ 45.134881649692637, -12.777196111158048 ], [ 45.135002317843231, -12.777144505236953 ], [ 45.135050934639096, -12.776741169354789 ], [ 45.134982638488147, -12.776520558795873 ], [ 45.134995243897926, -12.7759680343183 ], [ 45.135067765711916, -12.775471544831353 ], [ 45.135189975140577, -12.773121245672309 ], [ 45.135942049441638, -12.773631780546618 ], [ 45.136722118239113, -12.773082476771075 ], [ 45.137817480862154, -12.772910997441146 ], [ 45.137905416160173, -12.771966877996899 ], [ 45.13661735928337, -12.770158073011569 ], [ 45.138201941038233, -12.768316123866247 ], [ 45.136884237239833, -12.767881848818451 ], [ 45.13643905248874, -12.767520365008771 ], [ 45.136577024460337, -12.76710341814151 ], [ 45.136117114709435, -12.766768165641359 ], [ 45.13643666397347, -12.766502140868319 ], [ 45.136556227861895, -12.766119566339695 ], [ 45.136769193337479, -12.764675312204529 ], [ 45.136508868914973, -12.763706956961121 ], [ 45.138689361917315, -12.763334160021779 ], [ 45.138688860741965, -12.759031568768718 ], [ 45.139130819256074, -12.758568342119508 ], [ 45.139869455567514, -12.758160119346751 ], [ 45.147819385714797, -12.760236554008333 ], [ 45.158866830823442, -12.762355213679081 ] ] ] ] } },
{ "type": "Feature", "properties": { "code_iris": "976110308", "nom_iris": "Hauts de Kawéni" }, "geometry": { "type": "MultiPolygon", "coordinates": [ [ [ [ 45.202003458255795, -12.76498615827693 ], [ 45.211766760944194, -12.76210108620071 ], [ 45.2187385591617, -12.759417827467747 ], [ 45.221992320748726, -12.758165396632046 ], [ 45.222111618499859, -12.760798565835728 ], [ 45.222002059676974, -12.761938957445498 ], [ 45.221882498952318, -12.762175075445736 ], [ 45.22104467365498, -12.761737200874167 ], [ 45.220775582399298, -12.761647901911402 ], [ 45.220407978679148, -12.761632835982624 ], [ 45.220732174874222, -12.763649114113026 ], [ 45.221036953242582, -12.764516969872341 ], [ 45.220107481501131, -12.764644345322578 ], [ 45.219500475040249, -12.765856587992626 ], [ 45.218753219662489, -12.765757736827323 ], [ 45.21775014630019, -12.767087859849932 ], [ 45.216719207736631, -12.768164803058518 ], [ 45.217319066466317, -12.769348919232328 ], [ 45.217145013684515, -12.770515585713163 ], [ 45.217251699705102, -12.772455181850901 ], [ 45.217072122841053, -12.772549374815496 ], [ 45.216845653380624, -12.77275483279508 ], [ 45.216608007578422, -12.77281923184257 ], [ 45.216539472875446, -12.773482126364177 ], [ 45.216678125740096, -12.774015538642377 ], [ 45.217480791331226, -12.775317043745185 ], [ 45.218291871235998, -12.775678086793716 ], [ 45.219526914183561, -12.776210588477685 ], [ 45.219407695776532, -12.776853631435561 ], [ 45.21929445041669, -12.77694505792844 ], [ 45.219040233703218, -12.77702846286426 ], [ 45.218695816176165, -12.777216838910478 ], [ 45.21847496288445, -12.777528094489076 ], [ 45.218311736412247, -12.777353703298902 ], [ 45.217650937061656, -12.777119135923797 ], [ 45.216949653418503, -12.776946995550009 ], [ 45.216097463999738, -12.777001047187394 ], [ 45.215438857261113, -12.777176111836075 ], [ 45.215154958824016, -12.777026232711419 ], [ 45.21506840761505, -12.777090507216307 ], [ 45.212345291584192, -12.777514107066374 ], [ 45.212182125857851, -12.777407533077735 ], [ 45.2118027009342, -12.776500843520459 ], [ 45.211526108222998, -12.775161824346444 ], [ 45.211339524149928, -12.774589563519148 ], [ 45.211217281352148, -12.774943235465525 ], [ 45.211139058567539, -12.775051811832139 ], [ 45.211041389509361, -12.775041942830377 ], [ 45.210744604144999, -12.77490020770005 ], [ 45.210592593292709, -12.774910276101799 ], [ 45.210347603102377, -12.775010846682695 ], [ 45.210164271486853, -12.775026365482967 ], [ 45.209640867552707, -12.774918267836751 ], [ 45.208143163401076, -12.774252092945455 ], [ 45.207393204332448, -12.774252683139995 ], [ 45.207172050078967, -12.774208546962754 ], [ 45.206972041493934, -12.774109232827124 ], [ 45.206634616812046, -12.773839116838774 ], [ 45.206563657222077, -12.773817469599384 ], [ 45.206337037160132, -12.77384929667372 ], [ 45.2061075709926, -12.773779846196534 ], [ 45.205512060289585, -12.773365244969465 ], [ 45.205429025134116, -12.773221528745582 ], [ 45.20542610049602, -12.773022588971356 ], [ 45.205342831170952, -12.772588598350445 ], [ 45.205282886274439, -12.772515398112736 ], [ 45.205036778801869, -12.772372712762506 ], [ 45.204862618924501, -12.772334868093818 ], [ 45.204615575991596, -12.772174097425909 ], [ 45.203917987247891, -12.771986546376972 ], [ 45.203246410244788, -12.772066640989729 ], [ 45.202942363043199, -12.772051502047381 ], [ 45.202461176690775, -12.771727234094259 ], [ 45.202162627645421, -12.771674110174672 ], [ 45.202054783322296, -12.771610892955254 ], [ 45.201979189426396, -12.771553076718602 ], [ 45.201884689871143, -12.770891214300136 ], [ 45.201816402893407, -12.770752911291529 ], [ 45.20100592761144, -12.769942388072092 ], [ 45.200972668290767, -12.769825760942775 ], [ 45.201071906065309, -12.769492005162572 ], [ 45.201013594989817, -12.769152039320192 ], [ 45.201066939359556, -12.769036250549121 ], [ 45.202003458255795, -12.76498615827693 ] ] ] ] } },
{ "type": "Feature", "properties": { "code_iris": "976110405", "nom_iris": "Hauts de Passamainty" }, "geometry": { "type": "MultiPolygon", "coordinates": [ [ [ [ 45.192097051486101, -12.794592513791745 ], [ 45.19294114823655, -12.793503142746617 ], [ 45.194754377893467, -12.790996950405845 ], [ 45.194503334489681, -12.789237404039607 ], [ 45.195453400429535, -12.789395855158753 ], [ 45.199276572493098, -12.789854177360795 ], [ 45.201950789969409, -12.793787573658605 ], [ 45.201068835078601, -12.794726891275056 ], [ 45.201382383703496, -12.795070278624788 ], [ 45.200039305721944, -12.796653792569858 ], [ 45.199728587990755, -12.796395403910614 ], [ 45.19923698703321, -12.796943770090893 ], [ 45.199265424281514, -12.797956542970157 ], [ 45.199044817191371, -12.798634920156692 ], [ 45.198667341558959, -12.799024045652081 ], [ 45.198789101613919, -12.799193958587754 ], [ 45.198082645355171, -12.799540830018822 ], [ 45.197285112086533, -12.798889441927582 ], [ 45.195345228752593, -12.798496620564412 ], [ 45.192827588495753, -12.796842736170888 ], [ 45.193850938303399, -12.796403409227681 ], [ 45.192844480158179, -12.79481984694948 ], [ 45.192185707745061, -12.796076374598002 ], [ 45.192071439077871, -12.796057467983202 ], [ 45.192097051486101, -12.794592513791745 ] ] ] ] } },
{ "type": "Feature", "properties": { "code_iris": "976110603", "nom_iris": "Épars" }, "geometry": { "type": "MultiPolygon", "coordinates": [ [ [ [ 45.167644654145072, -12.781649921416232 ], [ 45.171756182251087, -12.774121831504949 ], [ 45.172527296849381, -12.772709742055882 ], [ 45.173054852237598, -12.764049069899444 ], [ 45.181545490176219, -12.765371765007561 ], [ 45.181641033956147, -12.774025691755336 ], [ 45.18168926333562, -12.774474182995306 ], [ 45.181906814427812, -12.774638612708729 ], [ 45.182115194600101, -12.774861826962503 ], [ 45.182084002130026, -12.775047226503624 ], [ 45.182234269625212, -12.775173722442458 ], [ 45.182362368914987, -12.775221560984676 ], [ 45.182507034683198, -12.775244972370139 ], [ 45.182643372131885, -12.775217749589753 ], [ 45.182763226982523, -12.775331606298552 ], [ 45.182789115893904, -12.775459092275478 ], [ 45.182946757887798, -12.775590104105651 ], [ 45.183043644832857, -12.775794404891512 ], [ 45.182994922225937, -12.775944549640228 ], [ 45.182751910583526, -12.776251269906156 ], [ 45.1828367500569, -12.776357916541958 ], [ 45.183031162078905, -12.776372250339168 ], [ 45.183162841941183, -12.776273592165378 ], [ 45.183383090403424, -12.776342164749487 ], [ 45.183623451631576, -12.776193695264618 ], [ 45.183938657093108, -12.776344491055635 ], [ 45.183926744496674, -12.776434023360187 ], [ 45.183982138430991, -12.776591329974471 ], [ 45.183970335097676, -12.776831877437607 ], [ 45.184205415385328, -12.7770243257318 ], [ 45.184140246689502, -12.777364381536483 ], [ 45.184059248131589, -12.77747385624893 ], [ 45.183952402291027, -12.777514623459659 ], [ 45.183888918204737, -12.777636745872279 ], [ 45.183904635258038, -12.777711790392736 ], [ 45.184035536808409, -12.777810265975775 ], [ 45.184044175134936, -12.778288625526965 ], [ 45.18421292805963, -12.778491971410945 ], [ 45.184365878749837, -12.778502716005095 ], [ 45.184438712681967, -12.778568677754349 ], [ 45.184453660166675, -12.778852612071484 ], [ 45.184399398620684, -12.778987388107335 ], [ 45.184406924169728, -12.779200793557241 ], [ 45.184617979778956, -12.77929378711306 ], [ 45.184736993641692, -12.779514348791881 ], [ 45.18490205137384, -12.779702323981144 ], [ 45.184969473510336, -12.779927443098085 ], [ 45.184956802287928, -12.780240333747715 ], [ 45.185018818945458, -12.780633653180217 ], [ 45.185365449649822, -12.780911928931376 ], [ 45.185417107309668, -12.780996895193011 ], [ 45.185407070062915, -12.78113073605264 ], [ 45.185328828342627, -12.781231166370338 ], [ 45.185258066786247, -12.781481702302401 ], [ 45.185676419870511, -12.781561889391826 ], [ 45.185844251636205, -12.781760713373219 ], [ 45.1859483977222, -12.781805854121616 ], [ 45.186289501586849, -12.782082323930178 ], [ 45.186329222612962, -12.782222459649804 ], [ 45.186315743663584, -12.78268817457467 ], [ 45.186360933275132, -12.782746921011302 ], [ 45.186373087311971, -12.782987451521446 ], [ 45.18649664556466, -12.783118485146103 ], [ 45.186652422967107, -12.783210611780605 ], [ 45.186929758758168, -12.783219458256319 ], [ 45.18715649971282, -12.783336854204794 ], [ 45.187190799163147, -12.783620774492606 ], [ 45.187518147781113, -12.783980446345504 ], [ 45.187579145901118, -12.784235410555008 ], [ 45.187709167618408, -12.784383620348327 ], [ 45.187700968188359, -12.784509321400005 ], [ 45.187921301221813, -12.784680978146071 ], [ 45.188062449348926, -12.784923225166557 ], [ 45.188204397889173, -12.785001796476889 ], [ 45.188365779662732, -12.785194293373848 ], [ 45.188489280990773, -12.785245749236152 ], [ 45.189333143301418, -12.786334804709723 ], [ 45.190952907943633, -12.7875535132838 ], [ 45.191425751039745, -12.78778918806708 ], [ 45.194395927718368, -12.788549324998066 ], [ 45.194503334489681, -12.789237404039607 ], [ 45.194754377893467, -12.790996950405845 ], [ 45.19294114823655, -12.793503142746617 ], [ 45.192097051486101, -12.794592513791745 ], [ 45.190538017050983, -12.79456018682643 ], [ 45.19040003010641, -12.794857795075743 ], [ 45.190388950236603, -12.794827057513782 ], [ 45.188250352409469, -12.794794230690613 ], [ 45.188253870403123, -12.794568157824241 ], [ 45.186269995144634, -12.795689067536218 ], [ 45.184711858517339, -12.795633194241466 ], [ 45.183231121060246, -12.795578162219407 ], [ 45.18221496653068, -12.795794085625827 ], [ 45.181449927516233, -12.795413006496046 ], [ 45.181180637652233, -12.796368113155804 ], [ 45.179840169017275, -12.79532096862593 ], [ 45.17725212237206, -12.79557501620963 ], [ 45.176929990917301, -12.79344745720525 ], [ 45.177013877117176, -12.793503466380644 ], [ 45.177277447821304, -12.793576536123677 ], [ 45.179432968635616, -12.792798299714221 ], [ 45.180705277949265, -12.793900654623368 ], [ 45.181708696241721, -12.792633970385719 ], [ 45.182777408778676, -12.792488546588448 ], [ 45.182735637672259, -12.79205994595138 ], [ 45.181755034326436, -12.791721518020699 ], [ 45.181125357086522, -12.791206510594348 ], [ 45.182876418075118, -12.789233062995061 ], [ 45.182249820381656, -12.789152111373685 ], [ 45.182513773368399, -12.788479142963332 ], [ 45.182292662619417, -12.788507328631312 ], [ 45.182163650146606, -12.788480289308517 ], [ 45.182266373537928, -12.787823709503343 ], [ 45.182246916306134, -12.787672707826497 ], [ 45.182127953824697, -12.787526296286067 ], [ 45.181986009581983, -12.787453147404888 ], [ 45.181739053938038, -12.787415337829888 ], [ 45.181648757269919, -12.78741268718562 ], [ 45.181462706090521, -12.78750595632177 ], [ 45.181406556445673, -12.787581954653046 ], [ 45.181402923889586, -12.787656108293158 ], [ 45.181475066364285, -12.788041282881432 ], [ 45.181436418901612, -12.788111843481017 ], [ 45.18135075727691, -12.788148977965465 ], [ 45.181295450752408, -12.788115557547712 ], [ 45.181293517008974, -12.787988055087926 ], [ 45.181249263177385, -12.787949201368754 ], [ 45.180991311188407, -12.787996401184218 ], [ 45.180222793007857, -12.787870327931811 ], [ 45.18011311714843, -12.787825188738914 ], [ 45.180067893436288, -12.787717610028372 ], [ 45.179937547761263, -12.7871082127176 ], [ 45.179951080154773, -12.78670127643678 ], [ 45.17967744153831, -12.786714122930594 ], [ 45.179364147489721, -12.786675452014419 ], [ 45.179397281772609, -12.78662569395061 ], [ 45.179593470096421, -12.786535132209059 ], [ 45.179523270143143, -12.786286502340552 ], [ 45.179412561341827, -12.78608220984035 ], [ 45.179863908484123, -12.785906471684806 ], [ 45.179954139282792, -12.785816886187378 ], [ 45.180036050148495, -12.785688422194193 ], [ 45.180045206167698, -12.785607030527984 ], [ 45.179930823308894, -12.785419017827733 ], [ 45.180543918949063, -12.784665331667805 ], [ 45.180393889478992, -12.783583008147421 ], [ 45.179850957655553, -12.783229804330327 ], [ 45.178193445993749, -12.784565650142127 ], [ 45.178024525858923, -12.784122665715982 ], [ 45.177639169187508, -12.78379828800446 ], [ 45.177320301632641, -12.783689084308151 ], [ 45.177058486915342, -12.78347675371314 ], [ 45.175778370878874, -12.784309549797374 ], [ 45.17460404950409, -12.784918007610862 ], [ 45.174509250642771, -12.78506637270122 ], [ 45.173818561542646, -12.785557854209509 ], [ 45.173727224271737, -12.785379770684873 ], [ 45.173635036204701, -12.78530477591508 ], [ 45.173341950647938, -12.785172039102262 ], [ 45.173083025558974, -12.785141463499741 ], [ 45.172654659343863, -12.785243928160718 ], [ 45.172400328207779, -12.785194358943032 ], [ 45.172028875198571, -12.784984807825202 ], [ 45.171816789716182, -12.784731746850559 ], [ 45.171638867219706, -12.784585368848342 ], [ 45.171580721090969, -12.784437104283002 ], [ 45.171447068942797, -12.78435670999826 ], [ 45.171309673512397, -12.784190411200196 ], [ 45.171128131998941, -12.784141697743696 ], [ 45.171005525552452, -12.78404501897233 ], [ 45.170861789261679, -12.784039686403196 ], [ 45.170783515939085, -12.78410303688929 ], [ 45.170546785645875, -12.784192714039495 ], [ 45.170277725039611, -12.784159429368291 ], [ 45.170155146148922, -12.784103442913151 ], [ 45.169966080991472, -12.783825949914146 ], [ 45.169863535368698, -12.783415471477161 ], [ 45.169727068276075, -12.783257309774102 ], [ 45.169553790400769, -12.783164280034185 ], [ 45.169388763302322, -12.783008849350439 ], [ 45.169197814345885, -12.782667152868399 ], [ 45.167644654145072, -12.781649921416232 ] ] ] ] } },
{ "type": "Feature", "properties": { "code_iris": "976010100", "nom_iris": "Acoua" }, "geometry": { "type": "MultiPolygon", "coordinates": [ [ [ [ 45.064146066446433, -12.71279672886755 ], [ 45.06824437162939, -12.713885376353227 ], [ 45.095778119818355, -12.715932312610189 ], [ 45.095116452401982, -12.732429504712147 ], [ 45.082177096845733, -12.73383548434885 ], [ 45.069274178185552, -12.734267807505026 ], [ 45.065076363377031, -12.734394568714087 ], [ 45.048998022626435, -12.744298191755702 ], [ 45.04319865443955, -12.748147855827158 ], [ 45.043077915841032, -12.747813288658493 ], [ 45.042928662390494, -12.747734639794862 ], [ 45.042975623598451, -12.747605318866686 ], [ 45.042810679085349, -12.747346719002641 ], [ 45.042485291874065, -12.746197420273219 ], [ 45.042339699989903, -12.74597137137763 ], [ 45.04232862061469, -12.74582306976129 ], [ 45.042510035699024, -12.745421536368243 ], [ 45.042514612879771, -12.745247912145681 ], [ 45.04237179571269, -12.745085163035249 ], [ 45.042536597086112, -12.744497348720083 ], [ 45.042579815468258, -12.744023494296954 ], [ 45.043588455349372, -12.743448202197019 ], [ 45.044047114660302, -12.742821453878738 ], [ 45.044981095137366, -12.742059885287373 ], [ 45.045310800924327, -12.741557948531474 ], [ 45.045915932630074, -12.740972769097093 ], [ 45.046047584823349, -12.740524218746145 ], [ 45.045985767590224, -12.739990698805409 ], [ 45.046155243422334, -12.73984507872434 ], [ 45.046893107756773, -12.739722869965533 ], [ 45.047956116991564, -12.739387188157115 ], [ 45.048309821799137, -12.739186371602081 ], [ 45.049315719476418, -12.738887770614703 ], [ 45.04982605595174, -12.738835226258781 ], [ 45.050607179807159, -12.738550226921959 ], [ 45.050962719964744, -12.738330416392868 ], [ 45.051477570828219, -12.737831149029821 ], [ 45.052042132442644, -12.737175428814005 ], [ 45.053142644419715, -12.735645152385699 ], [ 45.053658471833899, -12.735455147544508 ], [ 45.053956879201699, -12.735178374299661 ], [ 45.054437477031904, -12.733943920638549 ], [ 45.054971647369065, -12.733399427919039 ], [ 45.055473444923628, -12.732260822554128 ], [ 45.056359418653038, -12.731350919999436 ], [ 45.05651040344403, -12.730953000319062 ], [ 45.056408962305653, -12.730446619644185 ], [ 45.0565341721165, -12.730131900080854 ], [ 45.056806793269601, -12.729926567952356 ], [ 45.057235020587264, -12.729403796213115 ], [ 45.057331657635501, -12.729022164972466 ], [ 45.058014918506359, -12.727941389717857 ], [ 45.057709761650926, -12.726828275346778 ], [ 45.057256440703092, -12.72633643989764 ], [ 45.056656575587681, -12.725474780349284 ], [ 45.056574478595905, -12.724959352482141 ], [ 45.0567642037675, -12.724813721180588 ], [ 45.056770621277295, -12.724676267691985 ], [ 45.056684939280892, -12.724609368558712 ], [ 45.056468475200845, -12.724639256355744 ], [ 45.056346863191571, -12.724548853220968 ], [ 45.055252259786762, -12.7232767472772 ], [ 45.055037635839113, -12.723292164875405 ], [ 45.054878312756614, -12.723456778759646 ], [ 45.054367971520051, -12.723337517630185 ], [ 45.053919396280079, -12.723448836995773 ], [ 45.05339432394959, -12.723362131439417 ], [ 45.052938371554937, -12.723437279017762 ], [ 45.052663916546194, -12.723665214874428 ], [ 45.052348863375038, -12.723565805361 ], [ 45.052013589399238, -12.723683429128968 ], [ 45.051544681891301, -12.72347101251621 ], [ 45.051029740033719, -12.723369831654914 ], [ 45.050860205323431, -12.723151025970244 ], [ 45.05009830528514, -12.722581468126162 ], [ 45.049701244796843, -12.722339193043467 ], [ 45.049221310085017, -12.722241619243256 ], [ 45.048520344867022, -12.722372870627202 ], [ 45.047695973441712, -12.722653350327665 ], [ 45.046307782319779, -12.722511622926516 ], [ 45.044655259350435, -12.722569781126305 ], [ 45.043415508259642, -12.723214746265702 ], [ 45.042133330133233, -12.723569435100519 ], [ 45.041840400388253, -12.723541448508863 ], [ 45.041111728504212, -12.723270275407476 ], [ 45.040130702031647, -12.723240584200436 ], [ 45.040047723353887, -12.722759514184522 ], [ 45.039809071856332, -12.722279371844717 ], [ 45.039959140884129, -12.721784702296187 ], [ 45.040321125796012, -12.721633630936171 ], [ 45.041382300069188, -12.721753738019 ], [ 45.041859427775002, -12.721608976590858 ], [ 45.042219615510739, -12.72173913730534 ], [ 45.042560421806215, -12.72164232370001 ], [ 45.043137914642656, -12.721270566889535 ], [ 45.043416979628923, -12.721032692884741 ], [ 45.043776118189946, -12.720415907580721 ], [ 45.044458523709835, -12.719514216165313 ], [ 45.044456614877696, -12.719131701499485 ], [ 45.044505400701979, -12.7189354622168 ], [ 45.04459842314747, -12.718867624774624 ], [ 45.044542221525944, -12.718795290961827 ], [ 45.044714463848635, -12.718742813098665 ], [ 45.044837872686024, -12.718613478670955 ], [ 45.045212679609726, -12.718087117761662 ], [ 45.045631763828681, -12.717923369316404 ], [ 45.046456022169906, -12.717092182867006 ], [ 45.046668793259656, -12.717044218081856 ], [ 45.047010489424714, -12.716820797865553 ], [ 45.047245324181773, -12.716540425944293 ], [ 45.047760316710857, -12.716994287696892 ], [ 45.050210875682176, -12.718865716814447 ], [ 45.055709762545902, -12.717643825791102 ], [ 45.055838481170106, -12.716549606896544 ], [ 45.061743067928177, -12.717335030478971 ], [ 45.061797500506032, -12.717691308308384 ], [ 45.06174873848223, -12.717930052394232 ], [ 45.061843641334249, -12.718040353726041 ], [ 45.061977216746406, -12.718089154223673 ], [ 45.062057414205903, -12.71833329392099 ], [ 45.062011399892256, -12.718506928479048 ], [ 45.061937730779157, -12.718594661886863 ], [ 45.061956174213059, -12.718680565180177 ], [ 45.061907373587147, -12.718760154150253 ], [ 45.061885308508892, -12.718933783087449 ], [ 45.062744718866746, -12.718912782376817 ], [ 45.062763214136268, -12.7192084809981 ], [ 45.063563472635899, -12.718382673061221 ], [ 45.063570799594203, -12.718213568969874 ], [ 45.063740244174333, -12.718040808784133 ], [ 45.063775207763463, -12.717883453814673 ], [ 45.063862692494126, -12.717793907986332 ], [ 45.064021103473792, -12.717702536428927 ], [ 45.064179537281639, -12.717702498121044 ], [ 45.064315834454398, -12.717584907313029 ], [ 45.0646603302202, -12.717563120539717 ], [ 45.064865703500196, -12.717413862421655 ], [ 45.065031463323315, -12.717245623761148 ], [ 45.065159448521293, -12.71704483982044 ], [ 45.065917349139198, -12.716328454285732 ], [ 45.066146640584165, -12.716066152888917 ], [ 45.066395293873036, -12.715876189697447 ], [ 45.066705594759277, -12.715429392212609 ], [ 45.066744251271082, -12.715312728983683 ], [ 45.066783855333078, -12.715297346069535 ], [ 45.063897640078324, -12.713889172235229 ], [ 45.064146066446433, -12.71279672886755 ] ] ] ] } },
{ "type": "Feature", "properties": { "code_iris": "976020100", "nom_iris": "Bandraboua" }, "geometry": { "type": "MultiPolygon", "coordinates": [ [ [ [ 45.113632100670578, -12.695020782673817 ], [ 45.114144358718633, -12.695374140758933 ], [ 45.114561769018785, -12.69576913615688 ], [ 45.114889734639512, -12.695931766825563 ], [ 45.115406457955181, -12.695966810092312 ], [ 45.115989560737603, -12.696142892743358 ], [ 45.117015648914766, -12.696231967329656 ], [ 45.117365735100748, -12.696423522473728 ], [ 45.118016276574458, -12.697032726114077 ], [ 45.118493497774317, -12.697284810681989 ], [ 45.119085799323351, -12.697424710739345 ], [ 45.119693865563328, -12.697791579320555 ], [ 45.120217305660603, -12.698390887506399 ], [ 45.123066649385372, -12.699467496215705 ], [ 45.123898634989928, -12.700022343514805 ], [ 45.124859458782147, -12.700342916384487 ], [ 45.126408165772965, -12.70115333174674 ], [ 45.127098143547649, -12.701353754677758 ], [ 45.128000806495358, -12.701389492510073 ], [ 45.128712757969282, -12.701324039325531 ], [ 45.128952206876157, -12.701267857112697 ], [ 45.129223834052489, -12.701095005592464 ], [ 45.129845181775849, -12.700363131633202 ], [ 45.130064437866082, -12.700448027565965 ], [ 45.130606040340609, -12.700482124657784 ], [ 45.130468309750697, -12.701323182197967 ], [ 45.13046041903533, -12.702105396979265 ], [ 45.130538950748758, -12.702577397754132 ], [ 45.130502409173786, -12.703167917082352 ], [ 45.130698146461725, -12.704087483610097 ], [ 45.129830393344456, -12.703891678655355 ], [ 45.129168175406775, -12.703961632135142 ], [ 45.128954420696225, -12.703832422627794 ], [ 45.128444793743526, -12.703290095781608 ], [ 45.128346128214211, -12.703069496749242 ], [ 45.127470975209341, -12.702800440098489 ], [ 45.127164142011083, -12.702566376158288 ], [ 45.125937081908717, -12.702172690745288 ], [ 45.125796281496235, -12.702423245895563 ], [ 45.125381952861247, -12.70273542206316 ], [ 45.125044910630521, -12.702878458923696 ], [ 45.124842540080522, -12.703422032572659 ], [ 45.12430395144451, -12.703915123508214 ], [ 45.123839211539057, -12.704748191966585 ], [ 45.123521583561619, -12.705046755730955 ], [ 45.123420358623115, -12.705241225193014 ], [ 45.123257602836112, -12.705812812144368 ], [ 45.123134015193223, -12.707388142638914 ], [ 45.123228953065279, -12.707524646334353 ], [ 45.123364370968226, -12.7075616592861 ], [ 45.123433540792959, -12.70774429366945 ], [ 45.123370083793475, -12.707947788406553 ], [ 45.123553920362077, -12.709064500779997 ], [ 45.123484920412636, -12.709234539386539 ], [ 45.123688017096924, -12.710176714668206 ], [ 45.124038497249465, -12.711130576595668 ], [ 45.124262525358773, -12.71154282779229 ], [ 45.124774866071419, -12.711967603350764 ], [ 45.125363574688059, -12.712217813928703 ], [ 45.124739682180845, -12.7134823048054 ], [ 45.120271003923435, -12.714648189780018 ], [ 45.119748393643931, -12.711959973299233 ], [ 45.118289678531426, -12.712640653781655 ], [ 45.118190198959049, -12.712640698134081 ], [ 45.11740021381226, -12.713348203564728 ], [ 45.114869342296636, -12.714101680957441 ], [ 45.106928792626576, -12.708365472420802 ], [ 45.104742095062207, -12.708305757340154 ], [ 45.099692935729507, -12.711355161448029 ], [ 45.098539391869281, -12.710518219663367 ], [ 45.097636815979172, -12.710786223392283 ], [ 45.094122700375962, -12.702968091722511 ], [ 45.093517062513115, -12.701620007855947 ], [ 45.105359380091286, -12.701970053172909 ], [ 45.106287640802378, -12.701543762107733 ], [ 45.106622453938485, -12.698240253189375 ], [ 45.106445795118972, -12.696467913582023 ], [ 45.113401703898212, -12.694714326499202 ], [ 45.113632100670578, -12.695020782673817 ] ] ], [ [ [ 45.120221155648274, -12.696783056964099 ], [ 45.120015632594381, -12.696508245559937 ], [ 45.120272640533642, -12.696583185397632 ], [ 45.120327050887155, -12.696728751551959 ], [ 45.120221155648274, -12.696783056964099 ] ] ], [ [ [ 45.128664589573368, -12.689787123998094 ], [ 45.128472041463503, -12.689679606565043 ], [ 45.128128224830782, -12.689130867995255 ], [ 45.128320683122212, -12.689060240406539 ], [ 45.129541991081012, -12.689124756633205 ], [ 45.130109415573742, -12.689271878761257 ], [ 45.130203420567852, -12.689391199105025 ], [ 45.129937313274461, -12.689526068741257 ], [ 45.128664589573368, -12.689787123998094 ] ] ] ] } },
{ "type": "Feature", "properties": { "code_iris": "976030100", "nom_iris": "Bandrele" }, "geometry": { "type": "MultiPolygon", "coordinates": [ [ [ [ 45.207675706039865, -12.920811319614568 ], [ 45.207680463279928, -12.920990361645556 ], [ 45.207724800023875, -12.921096126189124 ], [ 45.207994066468146, -12.921196286087127 ], [ 45.207980297663013, -12.921267734518191 ], [ 45.207836534374735, -12.921324818065013 ], [ 45.207603257045058, -12.921268938722621 ], [ 45.207513790186148, -12.921212944963205 ], [ 45.207529405083633, -12.921144207903206 ], [ 45.207308053256071, -12.921016881346606 ], [ 45.20627520938308, -12.920579127142219 ], [ 45.20558563362065, -12.920548925508051 ], [ 45.205432475686564, -12.920390798411615 ], [ 45.205428597581076, -12.92015749930011 ], [ 45.205518896003078, -12.920104076230558 ], [ 45.206789296523802, -12.920201639321602 ], [ 45.20713599623037, -12.920299930278841 ], [ 45.207361060133813, -12.920457999294225 ], [ 45.207827691041551, -12.920663802437774 ], [ 45.207675706039865, -12.920811319614568 ] ] ], [ [ [ 45.205374234692158, -12.911160937289665 ], [ 45.205349292276345, -12.911095849259219 ], [ 45.205616426943628, -12.910857815583974 ], [ 45.205850643368144, -12.910947154234821 ], [ 45.205791713965787, -12.911029489436988 ], [ 45.205524391621474, -12.911037838203976 ], [ 45.205374234692158, -12.911160937289665 ] ] ], [ [ [ 45.205356316793342, -12.90953778199348 ], [ 45.205397825950143, -12.909571207473892 ], [ 45.205331521422451, -12.909652644100083 ], [ 45.205197991894224, -12.909817326570172 ], [ 45.204972185851865, -12.909866334435982 ], [ 45.205356316793342, -12.90953778199348 ] ] ], [ [ [ 45.204704797743275, -12.909792393584222 ], [ 45.204788523594075, -12.909596100834214 ], [ 45.204988517771902, -12.909546209096563 ], [ 45.204980295082791, -12.909636642814096 ], [ 45.204846744713059, -12.909776005488999 ], [ 45.204704797743275, -12.909792393584222 ] ] ], [ [ [ 45.194337101672332, -12.905042923911035 ], [ 45.194019126403802, -12.905103746337817 ], [ 45.194013789387903, -12.905355138344113 ], [ 45.193853426839205, -12.9053959495765 ], [ 45.19346057908092, -12.905189161844557 ], [ 45.193126155276154, -12.905438084263496 ], [ 45.192510589882978, -12.90569987320632 ], [ 45.192461909863688, -12.905929594528615 ], [ 45.193031163695444, -12.906580251883151 ], [ 45.19307095826629, -12.906784588313618 ], [ 45.193273081066188, -12.907105456076113 ], [ 45.193586721325623, -12.907397304377636 ], [ 45.194218256411524, -12.907518912952845 ], [ 45.194463602344349, -12.907705010909829 ], [ 45.195465800842541, -12.907946608858916 ], [ 45.195638165181421, -12.907927490206049 ], [ 45.19571064518933, -12.907486150594684 ], [ 45.19604246428311, -12.907443401173547 ], [ 45.196247052866191, -12.908556408070941 ], [ 45.19625986251404, -12.909615302342768 ], [ 45.196123480464657, -12.909675990991509 ], [ 45.195356412700974, -12.909530073060576 ], [ 45.195042098288397, -12.909563765852345 ], [ 45.19473560773276, -12.910177995829695 ], [ 45.194649904910882, -12.910212422037473 ], [ 45.19445433261123, -12.91002357448788 ], [ 45.194276395306339, -12.909990248673475 ], [ 45.194066572415856, -12.910447062485858 ], [ 45.194167933818896, -12.910396347920454 ], [ 45.194260818619156, -12.910112337131464 ], [ 45.194337297661058, -12.910070683722106 ], [ 45.194589136722129, -12.910305607414619 ], [ 45.19469977146975, -12.910326323322012 ], [ 45.19486006485733, -12.910192371461067 ], [ 45.195018370023952, -12.909872140712045 ], [ 45.195223834237218, -12.909740867749138 ], [ 45.195473626372298, -12.909713552900792 ], [ 45.196178981452476, -12.909921911640199 ], [ 45.196592321011515, -12.910387301773548 ], [ 45.196290988597589, -12.911701436933653 ], [ 45.196604059099606, -12.912431854192587 ], [ 45.196694921738455, -12.913100947776901 ], [ 45.196792710955144, -12.913196727089758 ], [ 45.197159554700413, -12.914314131809784 ], [ 45.198132435017662, -12.914748351220362 ], [ 45.198599284346706, -12.915253485270608 ], [ 45.199453698748115, -12.915087352659052 ], [ 45.199915612862554, -12.915178331234012 ], [ 45.200145254576761, -12.915308370704711 ], [ 45.200367650781274, -12.91560028030697 ], [ 45.200908028881877, -12.91582412498661 ], [ 45.201050185593843, -12.916065456400455 ], [ 45.201199089269366, -12.916673917135705 ], [ 45.20147784299246, -12.917118604356567 ], [ 45.201820189271352, -12.91754334814755 ], [ 45.202074620830118, -12.917544960039457 ], [ 45.202695300242787, -12.917886294184438 ], [ 45.203058933265808, -12.918411393982137 ], [ 45.203561256596259, -12.91944368186083 ], [ 45.204393194114211, -12.919964797260279 ], [ 45.204739888186182, -12.920057665789873 ], [ 45.204880896968852, -12.920014150182263 ], [ 45.204899275141571, -12.91994179400881 ], [ 45.20510683681124, -12.920117964162117 ], [ 45.20479719216177, -12.920240283812927 ], [ 45.204562935744576, -12.92011206073459 ], [ 45.204259668146037, -12.920141234741319 ], [ 45.203568583248156, -12.920522472716874 ], [ 45.202767261586381, -12.920242771601366 ], [ 45.202397608150179, -12.920257526617936 ], [ 45.201579722713099, -12.92001219699833 ], [ 45.200420207903875, -12.920240965749066 ], [ 45.200186047280631, -12.920230294028901 ], [ 45.199996969225261, -12.920108362103845 ], [ 45.199427200159278, -12.920031934547884 ], [ 45.199123803745017, -12.919899237959363 ], [ 45.198725294858683, -12.91956224783708 ], [ 45.198162007454897, -12.919520174915197 ], [ 45.197524779218142, -12.919233098870929 ], [ 45.196875708544233, -12.919125076117149 ], [ 45.196533588189801, -12.918981554386603 ], [ 45.196129334374483, -12.918364240050151 ], [ 45.195402418430525, -12.91772546399819 ], [ 45.195079630860647, -12.917544850673524 ], [ 45.194258997638251, -12.91730221273462 ], [ 45.193065087401045, -12.917150275546906 ], [ 45.192400270818254, -12.916935549000485 ], [ 45.191471830873091, -12.91675175933082 ], [ 45.190892978241322, -12.916839897329787 ], [ 45.190419274595051, -12.917005724914878 ], [ 45.189678144482706, -12.917052381889883 ], [ 45.189564603889117, -12.916849002872594 ], [ 45.188813986666354, -12.916537572165312 ], [ 45.188194413924421, -12.916414133720977 ], [ 45.187695700591746, -12.916420822337123 ], [ 45.187052439873959, -12.916672671525333 ], [ 45.186449816224389, -12.917028481554159 ], [ 45.186002108234689, -12.91744747908724 ], [ 45.185121591223719, -12.918494348390658 ], [ 45.18429476197678, -12.919851342511199 ], [ 45.183899467402028, -12.921360852658784 ], [ 45.18400837238363, -12.921531683542531 ], [ 45.182172101501216, -12.921646004778697 ], [ 45.180967149907502, -12.921542850970024 ], [ 45.176377329748782, -12.920433734393946 ], [ 45.175457716280391, -12.919691040965313 ], [ 45.173067922397742, -12.920539035070469 ], [ 45.171549903920585, -12.919608634623778 ], [ 45.167166556323146, -12.919738978850726 ], [ 45.166645722897933, -12.921154499999927 ], [ 45.166363619561658, -12.921134785798486 ], [ 45.166094466570605, -12.921181979311914 ], [ 45.165837245196684, -12.921149588887365 ], [ 45.165697136876915, -12.921172284643426 ], [ 45.165538538850662, -12.921115415954569 ], [ 45.165428843081678, -12.921124528185853 ], [ 45.165303365010068, -12.92096545544238 ], [ 45.16686798439212, -12.912959827516781 ], [ 45.166668914790122, -12.911638809792612 ], [ 45.166395598460248, -12.909557344201767 ], [ 45.165249707864177, -12.901032567877184 ], [ 45.164484127593575, -12.894630780678398 ], [ 45.176494117104298, -12.898998743424052 ], [ 45.177221609648015, -12.899292140946494 ], [ 45.177358024563766, -12.899279388659309 ], [ 45.177514777335062, -12.89934981577716 ], [ 45.177876990720186, -12.899282653433433 ], [ 45.178063215744366, -12.899317793468036 ], [ 45.178345179409234, -12.899173821735046 ], [ 45.178546915043469, -12.898983786453908 ], [ 45.178616956963602, -12.898964748876825 ], [ 45.178696242356907, -12.898981875955702 ], [ 45.178769962401709, -12.898950175979916 ], [ 45.178931314618893, -12.899007034985445 ], [ 45.179085209685063, -12.898947247561876 ], [ 45.179184794885586, -12.898993297386035 ], [ 45.1793359548086, -12.898976012598283 ], [ 45.179414350043182, -12.899037449527304 ], [ 45.179645703679256, -12.899018301005899 ], [ 45.179733295517543, -12.899049890459974 ], [ 45.17991211534121, -12.899041629082754 ], [ 45.180227290212677, -12.898937420579244 ], [ 45.180304739260698, -12.898964495455266 ], [ 45.18054347153992, -12.89895167097872 ], [ 45.18071040220984, -12.899074537078157 ], [ 45.18098238045507, -12.899147595320091 ], [ 45.181153955511597, -12.899319288743822 ], [ 45.181227810068577, -12.899474772817989 ], [ 45.181484196139074, -12.899655449997534 ], [ 45.181553466205308, -12.899844395308946 ], [ 45.181681667329961, -12.899945585053336 ], [ 45.181988696191056, -12.900048458942509 ], [ 45.182125215249584, -12.900179483735039 ], [ 45.182339086549703, -12.900202845891947 ], [ 45.182483747265096, -12.90012045605063 ], [ 45.182849742048347, -12.900183499708469 ], [ 45.182978728287786, -12.900095694904062 ], [ 45.183324368804186, -12.900055664850226 ], [ 45.183543667967307, -12.899937955411986 ], [ 45.183774152425336, -12.899990241521641 ], [ 45.184103138374631, -12.899865220348605 ], [ 45.184426740340797, -12.899940951471372 ], [ 45.184606613004348, -12.900110828185278 ], [ 45.184830583591285, -12.900079020441867 ], [ 45.185070316196175, -12.900171991214387 ], [ 45.185248093709376, -12.899999148993945 ], [ 45.185347629163253, -12.89997556736156 ], [ 45.185420537401171, -12.900093975632663 ], [ 45.185514606797746, -12.900158112418321 ], [ 45.185710003958349, -12.900129037006511 ], [ 45.185852010960197, -12.900199469555403 ], [ 45.185945180758381, -12.900293447873921 ], [ 45.186044741652005, -12.900304228380296 ], [ 45.186054986216043, -12.900446192153693 ], [ 45.186125141596342, -12.90058087911236 ], [ 45.186373137756703, -12.900628629084126 ], [ 45.186892998812937, -12.900592087233131 ], [ 45.186995371566098, -12.90066526028637 ], [ 45.187323536548348, -12.900676781068157 ], [ 45.187295969044044, -12.900792547901867 ], [ 45.187393712188573, -12.900837691610986 ], [ 45.18745645166544, -12.900915414238293 ], [ 45.187514586280678, -12.900998565795344 ], [ 45.187506350802302, -12.901079956371895 ], [ 45.187329626441326, -12.901428228530781 ], [ 45.187175066273646, -12.901832549703458 ], [ 45.187172376876937, -12.901934734601841 ], [ 45.187457239504674, -12.901973414397442 ], [ 45.187511732331579, -12.902117154918187 ], [ 45.187783801422889, -12.90230504874396 ], [ 45.187995829378949, -12.902325694743411 ], [ 45.188129450196314, -12.902273150778912 ], [ 45.188312001065832, -12.902320945942035 ], [ 45.188449295444762, -12.902250313689883 ], [ 45.188580203586909, -12.902268304824144 ], [ 45.188679713170465, -12.902209455252578 ], [ 45.188790362210291, -12.902254589114721 ], [ 45.188857625954995, -12.902218369597836 ], [ 45.189157354021916, -12.902411667650844 ], [ 45.189200748322477, -12.902504776484825 ], [ 45.189352930009726, -12.902618604880018 ], [ 45.189529971691776, -12.902694435665827 ], [ 45.189607394935351, -12.902684432539539 ], [ 45.189741875359026, -12.902549598203347 ], [ 45.189969582346663, -12.902581082510519 ], [ 45.190145583530381, -12.90249956997174 ], [ 45.190324409462953, -12.902496727091028 ], [ 45.190673900109616, -12.902669188869243 ], [ 45.191031777288366, -12.902960103921632 ], [ 45.191315800231784, -12.903104580140182 ], [ 45.191600809311311, -12.903333152785336 ], [ 45.191722527804288, -12.903387320018311 ], [ 45.192468349989966, -12.903502519286249 ], [ 45.193211340101797, -12.903530003960235 ], [ 45.194756571853041, -12.903915886998426 ], [ 45.19473269044412, -12.904026226160179 ], [ 45.194479706486419, -12.904687438394634 ], [ 45.194512086953829, -12.904839332270933 ], [ 45.194337101672332, -12.905042923911035 ] ] ], [ [ [ 45.195461497526964, -12.907153564374978 ], [ 45.195392907180661, -12.90666892511452 ], [ 45.195524785551932, -12.906745689773558 ], [ 45.195559900032293, -12.906855984865155 ], [ 45.19558871721501, -12.907166129070703 ], [ 45.195556518502706, -12.907249346300922 ], [ 45.195461497526964, -12.907153564374978 ] ] ] ] } },
{ "type": "Feature", "properties": { "code_iris": "976040100", "nom_iris": "Bouéni" }, "geometry": { "type": "MultiPolygon", "coordinates": [ [ [ [ 45.085680441727298, -12.92200021955215 ], [ 45.085234345011926, -12.922259892765277 ], [ 45.084975260031996, -12.922143325556295 ], [ 45.084322595612512, -12.922201410749095 ], [ 45.083993447205224, -12.922079439514896 ], [ 45.083437559227427, -12.92207780912819 ], [ 45.083233788008201, -12.921963031061416 ], [ 45.083290005247214, -12.921912373672406 ], [ 45.083266880627761, -12.92167726922308 ], [ 45.083139520737689, -12.921247778566102 ], [ 45.08302145610287, -12.921048875333785 ], [ 45.082928324081749, -12.920977467089234 ], [ 45.082880403769281, -12.921028121770879 ], [ 45.082749459530739, -12.920908798812249 ], [ 45.082896937108515, -12.920845452710777 ], [ 45.082746391780809, -12.919990959296205 ], [ 45.082357017914013, -12.918928557547204 ], [ 45.082176082475115, -12.91815997950839 ], [ 45.081912349368828, -12.917906864898187 ], [ 45.081241106438675, -12.917495628640241 ], [ 45.080781864782303, -12.917001131726561 ], [ 45.080692379640681, -12.916796792858287 ], [ 45.080848100813256, -12.916574292669061 ], [ 45.080940287217842, -12.916578785513016 ], [ 45.081008447851985, -12.916404238996996 ], [ 45.081063671905859, -12.916134747424419 ], [ 45.080904024924713, -12.915614837801106 ], [ 45.080985069319006, -12.91537246653607 ], [ 45.080764599640808, -12.914909545071428 ], [ 45.080627043475459, -12.914281115177603 ], [ 45.080294923145878, -12.913474602481566 ], [ 45.079893810084101, -12.913117536030422 ], [ 45.079199568125276, -12.912803963227391 ], [ 45.079162622688514, -12.912575192351152 ], [ 45.079343217599899, -12.912306567333784 ], [ 45.079343111770413, -12.911971080604269 ], [ 45.079138280844447, -12.911386075466689 ], [ 45.079002741085461, -12.911288454544971 ], [ 45.079100375461394, -12.911035227442653 ], [ 45.078921201000824, -12.909952861901191 ], [ 45.078798530544823, -12.909736776665119 ], [ 45.078382311298945, -12.908207769003704 ], [ 45.077868476459962, -12.906974488264558 ], [ 45.077936549565038, -12.906518712181514 ], [ 45.077766000800182, -12.906475357641996 ], [ 45.077362819271748, -12.905338800474716 ], [ 45.077213457456978, -12.905244799757488 ], [ 45.077077850861457, -12.904915682744635 ], [ 45.076654556705343, -12.904309036918221 ], [ 45.076298602224483, -12.903854289372262 ], [ 45.076124365050546, -12.90380008348666 ], [ 45.075614429896298, -12.90320702527041 ], [ 45.075182947791205, -12.902941292013761 ], [ 45.074705405644643, -12.902773233188759 ], [ 45.073949343920226, -12.902138645051943 ], [ 45.073396201534273, -12.901918157063509 ], [ 45.07279886336957, -12.901868588709119 ], [ 45.071835670890643, -12.902163649569442 ], [ 45.071559094036466, -12.902030796539156 ], [ 45.071314733449526, -12.901732451586007 ], [ 45.071521083545932, -12.901267596423715 ], [ 45.071832544510826, -12.900898565702649 ], [ 45.071832437950256, -12.900525098952629 ], [ 45.071777048513574, -12.900237553771017 ], [ 45.07153173705958, -12.899831600153835 ], [ 45.070942635056916, -12.899550530105229 ], [ 45.071202557603037, -12.899474500141487 ], [ 45.071276274711813, -12.899383147989054 ], [ 45.071142583954874, -12.89927105390219 ], [ 45.071368406989208, -12.899219448550729 ], [ 45.071627495514228, -12.899453585752624 ], [ 45.072005441357412, -12.89949960018337 ], [ 45.072231276867825, -12.899491399428172 ], [ 45.072575026036951, -12.899222733732167 ], [ 45.072849698932835, -12.899155740822208 ], [ 45.073119798992806, -12.899213539266379 ], [ 45.073614785411287, -12.899169995116091 ], [ 45.073904240246016, -12.899217840244992 ], [ 45.073965993270484, -12.899195215844307 ], [ 45.073984440149864, -12.899233190303633 ], [ 45.074129160835064, -12.89923405361677 ], [ 45.07421394596637, -12.899168921565865 ], [ 45.07470986515132, -12.899163354755251 ], [ 45.075889546597359, -12.898484806751879 ], [ 45.076214971693652, -12.898602268297655 ], [ 45.076706274717488, -12.898576804937985 ], [ 45.077625251188721, -12.898440892209752 ], [ 45.078450149603533, -12.898127766001453 ], [ 45.078443716567421, -12.898190163109991 ], [ 45.078999660454102, -12.898538142851757 ], [ 45.079679114437369, -12.898852625527404 ], [ 45.079243302711532, -12.899464049736899 ], [ 45.079656765334853, -12.901050931714185 ], [ 45.079774977736569, -12.901754423755731 ], [ 45.079792697652678, -12.902403689718794 ], [ 45.080202726727329, -12.901867327664251 ], [ 45.080707124042689, -12.902413356223944 ], [ 45.080589859462499, -12.901800292130984 ], [ 45.081307999673442, -12.901990872478715 ], [ 45.082051825998676, -12.901797124796396 ], [ 45.083031804771373, -12.902131398279563 ], [ 45.084013652055923, -12.902532584006661 ], [ 45.084540482825368, -12.903973832583755 ], [ 45.084461594976545, -12.905127716040168 ], [ 45.084271229607062, -12.906467916444987 ], [ 45.085090489487762, -12.908509509029484 ], [ 45.08631365070017, -12.908236016403022 ], [ 45.086925343950575, -12.909762233404681 ], [ 45.087619883061762, -12.910925805965551 ], [ 45.087623141537051, -12.912340998140303 ], [ 45.088434529217885, -12.915456862295418 ], [ 45.087044418223712, -12.915548660964197 ], [ 45.088431927031955, -12.918542254456085 ], [ 45.089526622865662, -12.919811485537013 ], [ 45.088625423653973, -12.920892402909631 ], [ 45.085956796535939, -12.92139788081224 ], [ 45.085808465470819, -12.921660169680694 ], [ 45.085680441727298, -12.92200021955215 ] ] ] ] } },
{ "type": "Feature", "properties": { "code_iris": "976060100", "nom_iris": "Chirongui" }, "geometry": { "type": "MultiPolygon", "coordinates": [ [ [ [ 45.162733421460935, -12.934098927466673 ], [ 45.160715284129282, -12.944062550297494 ], [ 45.155484271189557, -12.944257427365079 ], [ 45.154817840165308, -12.94448117917787 ], [ 45.154072045788588, -12.944583803675393 ], [ 45.15231508706092, -12.945042397756298 ], [ 45.151582215271539, -12.94517484860501 ], [ 45.150467811572241, -12.945569756903529 ], [ 45.1500464922701, -12.945592606499364 ], [ 45.148968839999313, -12.945781313103634 ], [ 45.148707045126471, -12.945849282988123 ], [ 45.148341119994079, -12.946003217776996 ], [ 45.146930704665273, -12.946305139174369 ], [ 45.145925920104737, -12.943390327764451 ], [ 45.144873300031456, -12.940616604786648 ], [ 45.145496380176773, -12.940360348681764 ], [ 45.145416381207227, -12.939130581704738 ], [ 45.145222483381545, -12.938625200943884 ], [ 45.145526253119336, -12.93782022841318 ], [ 45.145470796097683, -12.937576105531848 ], [ 45.145331569791786, -12.937549054920389 ], [ 45.145147918594333, -12.937223618730988 ], [ 45.144752475095622, -12.935731787186501 ], [ 45.145267920774955, -12.935893365699332 ], [ 45.146519879446224, -12.934302048614308 ], [ 45.146751266250867, -12.934279311761014 ], [ 45.146897933904121, -12.934422104463419 ], [ 45.146994734224016, -12.934421145682773 ], [ 45.14754478885007, -12.933863802774738 ], [ 45.147895054221529, -12.93376051733012 ], [ 45.148086632385606, -12.933456572779889 ], [ 45.148479197289639, -12.933171503565697 ], [ 45.148719768196401, -12.93309179051813 ], [ 45.148875935211308, -12.933706607487766 ], [ 45.148923682532988, -12.933382850323945 ], [ 45.149201303934611, -12.933596100309597 ], [ 45.149146666331731, -12.933183782811541 ], [ 45.149425049784718, -12.933128462890165 ], [ 45.149395433057613, -12.932934061033365 ], [ 45.149663462310912, -12.932521558732249 ], [ 45.150166755795077, -12.932409139727147 ], [ 45.150025595690849, -12.932227461917504 ], [ 45.150389420940442, -12.931681071296072 ], [ 45.150635555926634, -12.931659226798732 ], [ 45.150631783160385, -12.931517258021424 ], [ 45.150776435456066, -12.931373395001486 ], [ 45.15231351503099, -12.931817405178023 ], [ 45.153190694956791, -12.932554778971381 ], [ 45.153331855861424, -12.932733742217939 ], [ 45.153451460550819, -12.932335791618064 ], [ 45.153946211955493, -12.933331105267342 ], [ 45.155424773539245, -12.933039957197453 ], [ 45.15725038798135, -12.933418658382726 ], [ 45.162733421460935, -12.934098927466673 ] ] ] ] } },
{ "type": "Feature", "properties": { "code_iris": "976070100", "nom_iris": "Dembeni" }, "geometry": { "type": "MultiPolygon", "coordinates": [ [ [ [ 45.185158730975317, -12.838507509689753 ], [ 45.185639186334093, -12.838946650074945 ], [ 45.186050607230193, -12.839496160405918 ], [ 45.186076030851019, -12.840232225039314 ], [ 45.185991492718969, -12.840566867899559 ], [ 45.185831304006079, -12.840790338006359 ], [ 45.186004110748847, -12.841434061902889 ], [ 45.185102885180221, -12.841531456194623 ], [ 45.184312012915221, -12.841306846899133 ], [ 45.184111005890884, -12.841163207567391 ], [ 45.183791677508218, -12.84052320199685 ], [ 45.183534476141453, -12.840407634139728 ], [ 45.183280128151438, -12.840414141636398 ], [ 45.183802840787031, -12.840666974465661 ], [ 45.183806758340516, -12.840985277743524 ], [ 45.183928594201177, -12.841244720390414 ], [ 45.184605397692152, -12.841752450154726 ], [ 45.184486859165283, -12.842224566721168 ], [ 45.184340453477127, -12.842395578098998 ], [ 45.184441000710308, -12.842526627882139 ], [ 45.184491030255423, -12.842889208350808 ], [ 45.184667463215, -12.842190981531944 ], [ 45.1848893681547, -12.841924967625296 ], [ 45.18613062480182, -12.841785736561354 ], [ 45.186126441469732, -12.842362669060572 ], [ 45.18621058367129, -12.842741502011778 ], [ 45.186384818777874, -12.842819146375588 ], [ 45.186583849826945, -12.842779216846086 ], [ 45.186941584305963, -12.842999606392667 ], [ 45.187283799234073, -12.843418043415642 ], [ 45.187312450529959, -12.843529249195342 ], [ 45.187201974230277, -12.843682150950874 ], [ 45.187487636244207, -12.843644871813817 ], [ 45.187288001176327, -12.844114334555547 ], [ 45.186868125241098, -12.844608369425611 ], [ 45.186746545807317, -12.844702500812041 ], [ 45.186898693845514, -12.844819948740268 ], [ 45.186780822697592, -12.844943918678885 ], [ 45.186686104524298, -12.845221599375026 ], [ 45.186715993181224, -12.845760527821199 ], [ 45.186420139640347, -12.846977896116195 ], [ 45.187427432343469, -12.849454900289343 ], [ 45.182967608781411, -12.851727783262264 ], [ 45.179494611556954, -12.852498816981894 ], [ 45.179207801165539, -12.849632451777417 ], [ 45.178123045371485, -12.8495888802774 ], [ 45.170613148273766, -12.849936589024257 ], [ 45.169012333904838, -12.85133021315453 ], [ 45.165528805977836, -12.850154157646044 ], [ 45.165889326326152, -12.849013634740373 ], [ 45.165987965381575, -12.849056073502657 ], [ 45.16617044925016, -12.849066809426844 ], [ 45.166315998347855, -12.848969959459957 ], [ 45.166362011666806, -12.848868651100535 ], [ 45.166384934991555, -12.848691397955342 ], [ 45.16636072351308, -12.848311616242457 ], [ 45.16596964999642, -12.847829883138065 ], [ 45.165949174285096, -12.847524249853503 ], [ 45.165999810901184, -12.847446449874617 ], [ 45.166633546803716, -12.84695954653324 ], [ 45.166790197759433, -12.846929605890262 ], [ 45.167067605879183, -12.846942993742637 ], [ 45.16724358507642, -12.846875060824956 ], [ 45.167245361866762, -12.846774684749283 ], [ 45.167363144193523, -12.846500613244059 ], [ 45.167476432119528, -12.846398357521659 ], [ 45.167562017137378, -12.846212925777138 ], [ 45.167788578678945, -12.845987615709124 ], [ 45.167942274340568, -12.845671924167393 ], [ 45.168220436079856, -12.845434825103132 ], [ 45.168503304646229, -12.845346928733498 ], [ 45.168602711135399, -12.845159679222947 ], [ 45.169096359198299, -12.844678285538082 ], [ 45.169288804908973, -12.844431293449974 ], [ 45.169439875397281, -12.844328108252403 ], [ 45.169607434777767, -12.844076610589068 ], [ 45.169788856993982, -12.843883881984494 ], [ 45.169924297755152, -12.843836771902483 ], [ 45.169981343363119, -12.843699284605556 ], [ 45.170286247511264, -12.843492911541986 ], [ 45.170432673183022, -12.84333637633463 ], [ 45.170784584930956, -12.843141727819505 ], [ 45.17097999062085, -12.843187718929222 ], [ 45.171084106308435, -12.843154192823734 ], [ 45.171284235694493, -12.8433710893322 ], [ 45.171409612072779, -12.843432498511749 ], [ 45.171702606639201, -12.843332836490719 ], [ 45.171860122834644, -12.843224220025991 ], [ 45.171962443216401, -12.843261228496447 ], [ 45.172156791592982, -12.843107373800411 ], [ 45.172447041709752, -12.843038458232988 ], [ 45.17244134393404, -12.842791593854271 ], [ 45.172694693511701, -12.842668445506874 ], [ 45.172832776682483, -12.842444093546712 ], [ 45.172829856867828, -12.842217121476908 ], [ 45.172954180377239, -12.842086823502976 ], [ 45.173058133247316, -12.841816375665502 ], [ 45.173123316129903, -12.841452812608949 ], [ 45.173369952119231, -12.8409489666225 ], [ 45.173452715449258, -12.840689383945017 ], [ 45.173665393611024, -12.840391735684999 ], [ 45.174042152439625, -12.840155469586579 ], [ 45.174212619267045, -12.84012189829477 ], [ 45.174396958793402, -12.840159755720874 ], [ 45.174532393560753, -12.840108121893502 ], [ 45.174733330068236, -12.840158627962811 ], [ 45.174899942988311, -12.839882712039227 ], [ 45.175005057164711, -12.839963122873389 ], [ 45.175169055859492, -12.839905139741079 ], [ 45.175246507483912, -12.839962961945147 ], [ 45.175406859357182, -12.839961950668057 ], [ 45.175553496922618, -12.840118292982668 ], [ 45.175732235624913, -12.840053065420028 ], [ 45.175816116392177, -12.840079233392895 ], [ 45.17618506543073, -12.840541977021442 ], [ 45.176260652921478, -12.840569054688734 ], [ 45.176355550496375, -12.840534628414044 ], [ 45.17640341844065, -12.840457732580521 ], [ 45.176479650562761, -12.840087831346484 ], [ 45.176546851714015, -12.83998288985542 ], [ 45.176626081145507, -12.839946665454184 ], [ 45.176963352148292, -12.839914788759703 ], [ 45.177128367514598, -12.839993349827969 ], [ 45.177334738105628, -12.839907304139055 ], [ 45.177546747736976, -12.839977694712669 ], [ 45.178170643474651, -12.839970942440891 ], [ 45.178415707960312, -12.839868592648717 ], [ 45.178672661267726, -12.839636922681271 ], [ 45.178824723923185, -12.839643149187637 ], [ 45.178927080286009, -12.83973169882573 ], [ 45.178949990848054, -12.839549923192113 ], [ 45.178187962267828, -12.837082663974286 ], [ 45.178172923858831, -12.836665801556876 ], [ 45.178132326471079, -12.836596199592933 ], [ 45.178948900397764, -12.836705062619084 ], [ 45.179088964452802, -12.836687785912474 ], [ 45.179224351549557, -12.836572850193432 ], [ 45.179366816756378, -12.836042845524133 ], [ 45.179465374682771, -12.835974957320264 ], [ 45.179559371638156, -12.835973084562008 ], [ 45.179635893778212, -12.836020054779354 ], [ 45.180005822510715, -12.836563273327881 ], [ 45.180174608442556, -12.836762099031166 ], [ 45.180312914382313, -12.83686418769261 ], [ 45.180464997324265, -12.836901158739655 ], [ 45.180567277633834, -12.836883907187774 ], [ 45.180916348999588, -12.836606957786687 ], [ 45.181037994072916, -12.836606874020827 ], [ 45.18132189931255, -12.836699819024874 ], [ 45.18161772265703, -12.836705944714344 ], [ 45.181733900145076, -12.836791770893527 ], [ 45.181840037434078, -12.837012341510709 ], [ 45.181911962280431, -12.83707287841532 ], [ 45.182055728800016, -12.837078204535185 ], [ 45.182314634352707, -12.837006587029997 ], [ 45.182529389926373, -12.83705255618028 ], [ 45.182615194399922, -12.837190851223735 ], [ 45.182670756040324, -12.837562471176092 ], [ 45.182725189938104, -12.837648339812954 ], [ 45.182817383560739, -12.837700723859365 ], [ 45.182984218813985, -12.837746725959127 ], [ 45.183376772215453, -12.837704855509861 ], [ 45.183559267487681, -12.837741803528367 ], [ 45.183824054084965, -12.838153969512096 ], [ 45.184552283610508, -12.83842474267267 ], [ 45.185158730975317, -12.838507509689753 ] ] ] ] } },
{ "type": "Feature", "properties": { "code_iris": "976080100", "nom_iris": "Dzaoudzi" }, "geometry": { "type": "MultiPolygon", "coordinates": [ [ [ [ 45.258272219920826, -12.784007479483639 ], [ 45.257461270322544, -12.783855449095549 ], [ 45.257043002511594, -12.783883889570605 ], [ 45.256637752313274, -12.784029872906061 ], [ 45.256451596958776, -12.783989361400739 ], [ 45.256213660565159, -12.783765331544615 ], [ 45.256117877719063, -12.783803404238446 ], [ 45.255650649605748, -12.783704386775355 ], [ 45.255582538321505, -12.783773177927154 ], [ 45.255191614166996, -12.783505889922148 ], [ 45.255151897806023, -12.783408266259693 ], [ 45.254986946098093, -12.783379488820216 ], [ 45.254909388966105, -12.783216793635184 ], [ 45.254587786230317, -12.783167368840093 ], [ 45.254440201059872, -12.78299931540012 ], [ 45.254352788241576, -12.78311514733832 ], [ 45.254217164577383, -12.782930805223828 ], [ 45.253891106411928, -12.783032398386592 ], [ 45.253856892555383, -12.782908545141234 ], [ 45.254251103605924, -12.7827797579993 ], [ 45.254359864136603, -12.781899790093329 ], [ 45.254743125920534, -12.78187952622692 ], [ 45.254433994755601, -12.781401461089997 ], [ 45.254507411091581, -12.781110212559366 ], [ 45.254955739955619, -12.780743546913451 ], [ 45.25498510511062, -12.780625962312767 ], [ 45.25520245825242, -12.780541654286502 ], [ 45.255768898186844, -12.780354824484474 ], [ 45.256558544336045, -12.780407410402244 ], [ 45.256860230675102, -12.780809520885224 ], [ 45.257036240711194, -12.78084190352833 ], [ 45.257318712758114, -12.781375152546349 ], [ 45.257559360561253, -12.781548539229513 ], [ 45.257619415038725, -12.781713059280426 ], [ 45.257900710118072, -12.781992206522611 ], [ 45.258142970163618, -12.781937712920682 ], [ 45.258167026301713, -12.782037160006681 ], [ 45.258076761494436, -12.782064376659935 ], [ 45.258194235083693, -12.782519113748737 ], [ 45.25827073856491, -12.78254978433773 ], [ 45.258236718353992, -12.7826185427898 ], [ 45.258572638641439, -12.784062346184799 ], [ 45.258272219920826, -12.784007479483639 ] ] ] ] } },
{ "type": "Feature", "properties": { "code_iris": "976090100", "nom_iris": "Kani-Kéli" }, "geometry": { "type": "MultiPolygon", "coordinates": [ [ [ [ 45.108475987384359, -12.957257544714713 ], [ 45.107679409318735, -12.957323887099637 ], [ 45.10746075028721, -12.956984874922989 ], [ 45.107433005093135, -12.95678594625295 ], [ 45.106888210463161, -12.957033036919693 ], [ 45.106662408463734, -12.957238399483415 ], [ 45.106621055889704, -12.957561241950085 ], [ 45.106990980305362, -12.958035833720409 ], [ 45.107001174441663, -12.958157906410884 ], [ 45.106902573126717, -12.958281832312492 ], [ 45.106223914112974, -12.958127479199943 ], [ 45.104946715640203, -12.957587241434499 ], [ 45.104505102015914, -12.957645292438961 ], [ 45.104076517106222, -12.957994513480928 ], [ 45.104072104636032, -12.95847016296366 ], [ 45.103880383165276, -12.958603167645931 ], [ 45.103754176174363, -12.958862744350924 ], [ 45.103776447708576, -12.959209072109193 ], [ 45.103612438044976, -12.959468663793514 ], [ 45.103338596534357, -12.95945520847263 ], [ 45.103219687880312, -12.959528501742904 ], [ 45.103094393566245, -12.959768183747109 ], [ 45.102600398940922, -12.96026030337871 ], [ 45.101826080828253, -12.960678381410371 ], [ 45.101648246077055, -12.960957871262572 ], [ 45.101254654401231, -12.961223880858254 ], [ 45.100808582410671, -12.961677094705239 ], [ 45.100667652608635, -12.962021677252761 ], [ 45.100781210082111, -12.96239328955588 ], [ 45.100525035509193, -12.962757810587663 ], [ 45.100452338181789, -12.963112313653326 ], [ 45.10043205410544, -12.963113225749494 ], [ 45.100436671819075, -12.963132213701389 ], [ 45.10043303993487, -12.963272377414011 ], [ 45.100281925585868, -12.963514780803695 ], [ 45.100216616908838, -12.963901834767332 ], [ 45.099921720017491, -12.964279029900027 ], [ 45.099916253523332, -12.964443609667736 ], [ 45.099811118545489, -12.964383063701494 ], [ 45.09977242196652, -12.964454516090846 ], [ 45.099603697880404, -12.964470857594627 ], [ 45.099433078387307, -12.964357888685281 ], [ 45.099268047099926, -12.964385984109372 ], [ 45.098520232441913, -12.964252435711389 ], [ 45.097600988042778, -12.96428804851457 ], [ 45.096300283877987, -12.964996578518827 ], [ 45.095588539766155, -12.965155992810706 ], [ 45.095290785055923, -12.965314349714417 ], [ 45.094973729429732, -12.965636386722863 ], [ 45.094498879171368, -12.965622995396739 ], [ 45.093934707429625, -12.965917088249629 ], [ 45.093348358411205, -12.966084589621374 ], [ 45.092870868703464, -12.966414819999695 ], [ 45.092586918187237, -12.966510774059993 ], [ 45.092394218362045, -12.966524406607824 ], [ 45.091991212662158, -12.966313853708851 ], [ 45.091920228149412, -12.966346432605684 ], [ 45.091573491839746, -12.966203679655804 ], [ 45.090296193793201, -12.96541559966286 ], [ 45.090047227185913, -12.965363238041931 ], [ 45.089774233166708, -12.96515806231457 ], [ 45.08973085315386, -12.965033287578787 ], [ 45.089423764141557, -12.96488237960925 ], [ 45.089262387221275, -12.964820040132606 ], [ 45.088965502705555, -12.964842748562186 ], [ 45.088747873340964, -12.964755108330262 ], [ 45.088392768112925, -12.964400754031887 ], [ 45.08802653096317, -12.963851079981085 ], [ 45.087325603697543, -12.963306943465325 ], [ 45.085468283099701, -12.962222431610041 ], [ 45.083573261053523, -12.961392923551559 ], [ 45.093429114539056, -12.960114549274248 ], [ 45.105647806678853, -12.947528723007213 ], [ 45.119467207623238, -12.943879438298044 ], [ 45.11980289407866, -12.944082745904055 ], [ 45.122553307457736, -12.946456994640021 ], [ 45.122405883759747, -12.946640631415855 ], [ 45.122210694199566, -12.947185999899746 ], [ 45.122048547925495, -12.947430229692495 ], [ 45.121848529705808, -12.947527984783385 ], [ 45.121691800999479, -12.947538004992444 ], [ 45.121320187326226, -12.947407962796905 ], [ 45.121203104329346, -12.947420677081174 ], [ 45.121145984641821, -12.947507513884267 ], [ 45.121065946371971, -12.947864739089088 ], [ 45.12098486944376, -12.947980523730003 ], [ 45.120814308346588, -12.947985124191685 ], [ 45.120295983028925, -12.947606473273318 ], [ 45.120010116736204, -12.947485432363475 ], [ 45.119669913670648, -12.947487397284757 ], [ 45.119407183808605, -12.94754900834582 ], [ 45.118567404983104, -12.94782157794644 ], [ 45.118092709773094, -12.948067755803081 ], [ 45.117861395807132, -12.948278556214394 ], [ 45.117697386640494, -12.948492943137339 ], [ 45.117573028957764, -12.948722684726111 ], [ 45.117393524869577, -12.949319586130883 ], [ 45.117164070003696, -12.949566556019102 ], [ 45.116852493153999, -12.949671591595328 ], [ 45.11666809747009, -12.949668057093636 ], [ 45.116054930919567, -12.949546253874965 ], [ 45.115834615696322, -12.94962321511389 ], [ 45.115682582026132, -12.949821318523643 ], [ 45.115648554607013, -12.950006709687646 ], [ 45.116029894465541, -12.951229117904674 ], [ 45.116018925319587, -12.951433488571752 ], [ 45.115900998016748, -12.951618917078092 ], [ 45.115725869095435, -12.951720273511521 ], [ 45.115562683232582, -12.951729388649404 ], [ 45.114263507953325, -12.951491233257377 ], [ 45.114098473286681, -12.951489497007309 ], [ 45.11395743138916, -12.951534772382177 ], [ 45.113723322660611, -12.951696739576249 ], [ 45.113623841289609, -12.951900244482148 ], [ 45.113603791727108, -12.952416593329772 ], [ 45.113646470487268, -12.953007065223618 ], [ 45.113591232670124, -12.953186135424348 ], [ 45.113393941389099, -12.953215158087648 ], [ 45.112932844716802, -12.952982055781284 ], [ 45.112833278767688, -12.953000184374133 ], [ 45.112796427545724, -12.953062595187717 ], [ 45.112796466197132, -12.95314850113934 ], [ 45.113021525423981, -12.953360003594558 ], [ 45.113059365905443, -12.953446797420176 ], [ 45.113053882937194, -12.953555312596754 ], [ 45.113389589966935, -12.953786660710941 ], [ 45.113537205489543, -12.954002717753637 ], [ 45.113076293639061, -12.954182868537263 ], [ 45.112639220330095, -12.954068215116575 ], [ 45.112524959379563, -12.954213852478311 ], [ 45.112588634956758, -12.954344040327051 ], [ 45.112617327471291, -12.954590894529362 ], [ 45.112426519303362, -12.954687734158851 ], [ 45.11229280057546, -12.954619971321534 ], [ 45.112156424387599, -12.954794554792274 ], [ 45.111710354598166, -12.955182679625771 ], [ 45.111135297181725, -12.955779745854942 ], [ 45.111016393373127, -12.955854851218914 ], [ 45.110778531985702, -12.955883889197025 ], [ 45.110726007943583, -12.955950827740191 ], [ 45.110707652754002, -12.956142541459201 ], [ 45.110306753309438, -12.956524314776484 ], [ 45.110210880101235, -12.956556909182305 ], [ 45.110049590440873, -12.956692618334213 ], [ 45.109857847766143, -12.956766849652322 ], [ 45.109736194535486, -12.956881743611891 ], [ 45.109229175142509, -12.957062811301492 ], [ 45.108475987384359, -12.957257544714713 ] ] ] ] } },
{ "type": "Feature", "properties": { "code_iris": "976120100", "nom_iris": "Mtzamboro" }, "geometry": { "type": "MultiPolygon", "coordinates": [ [ [ [ 45.093517062513115, -12.701620007855947 ], [ 45.094122700375962, -12.702968091722511 ], [ 45.097636815979172, -12.710786223392283 ], [ 45.095778119818355, -12.715932312610189 ], [ 45.06824437162939, -12.713885376353227 ], [ 45.064146066446433, -12.71279672886755 ], [ 45.059355081893003, -12.711523698342271 ], [ 45.05746253199176, -12.70885012603723 ], [ 45.051579894616452, -12.701683919699416 ], [ 45.051740120254941, -12.70148404001122 ], [ 45.051756671499646, -12.701345680126995 ], [ 45.051715172256174, -12.701092486486296 ], [ 45.051572408123235, -12.701098844306774 ], [ 45.051631305691025, -12.700847439705761 ], [ 45.051542810642822, -12.700486644424149 ], [ 45.051599837341847, -12.700093266343762 ], [ 45.052117471927801, -12.700077792254307 ], [ 45.052612012179964, -12.699733159456999 ], [ 45.053487976017657, -12.699893948369851 ], [ 45.053576427206984, -12.700033191493137 ], [ 45.053898840320471, -12.700227548990368 ], [ 45.054254460190009, -12.700647972282239 ], [ 45.054548393453004, -12.701179635663047 ], [ 45.054904886522003, -12.701365846280485 ], [ 45.055814857596388, -12.701163095116078 ], [ 45.05603592564232, -12.70121730604744 ], [ 45.05628006881313, -12.701491254814275 ], [ 45.057491263945323, -12.701446684930907 ], [ 45.057674580803372, -12.701554255883792 ], [ 45.057677325661608, -12.701472869026251 ], [ 45.057840349662534, -12.701450226255636 ], [ 45.058111070840326, -12.701129143534031 ], [ 45.058344987879053, -12.700979884070005 ], [ 45.058532870371998, -12.700913829402202 ], [ 45.058955679232675, -12.701084646979707 ], [ 45.059634433953001, -12.700777036138689 ], [ 45.059724749072473, -12.700994045865151 ], [ 45.060281161974238, -12.701370105461439 ], [ 45.0607803602134, -12.701283179609224 ], [ 45.061077815857743, -12.701076932805922 ], [ 45.061258368146518, -12.701173650416447 ], [ 45.061431606965009, -12.701499155406481 ], [ 45.061759587015018, -12.701829145770413 ], [ 45.061977892569253, -12.701878830926649 ], [ 45.06227630862373, -12.701835355073152 ], [ 45.063198171568494, -12.701317882315228 ], [ 45.063643885365124, -12.700984092169751 ], [ 45.063996545063155, -12.700549043047509 ], [ 45.064158570870873, -12.700223458897984 ], [ 45.064350171704149, -12.700301181611284 ], [ 45.064380550209229, -12.700235160945713 ], [ 45.064781187114981, -12.700132878503974 ], [ 45.065122947698029, -12.700313653231808 ], [ 45.066010809183005, -12.700141618491154 ], [ 45.066276955540587, -12.699983301116177 ], [ 45.066788023899207, -12.699517462762069 ], [ 45.066994262774742, -12.699216281627479 ], [ 45.067307365660852, -12.69899736381052 ], [ 45.067501596354766, -12.698569584462705 ], [ 45.068609323653483, -12.697430797050547 ], [ 45.069239113243157, -12.696650229638378 ], [ 45.069302552139881, -12.696230621623021 ], [ 45.069174431209902, -12.695878885452455 ], [ 45.068662212274127, -12.69544586252365 ], [ 45.068253231438568, -12.695310324155317 ], [ 45.068170244573651, -12.69496219303042 ], [ 45.067931576377532, -12.694519151069112 ], [ 45.067418497665635, -12.694300443129563 ], [ 45.067354899578341, -12.694125026593547 ], [ 45.067421142664472, -12.693851913555275 ], [ 45.067974705728744, -12.693917785770577 ], [ 45.068932726484569, -12.694430272455879 ], [ 45.069072764531271, -12.694576731386361 ], [ 45.069188004455896, -12.694981824231814 ], [ 45.069668866907811, -12.69526474191537 ], [ 45.069983853963222, -12.695225774530631 ], [ 45.070329195920337, -12.695043016303384 ], [ 45.070583334288898, -12.694788842813566 ], [ 45.071025238014876, -12.694077047140723 ], [ 45.071261996547584, -12.694259650712652 ], [ 45.071453641480922, -12.694503758070882 ], [ 45.071450024195876, -12.694743396433546 ], [ 45.07164999274098, -12.695107772235135 ], [ 45.07166845871383, -12.695268731226752 ], [ 45.072018546710673, -12.695590564450876 ], [ 45.07220185904022, -12.695675518113507 ], [ 45.072928472341772, -12.695348870152142 ], [ 45.074586036483069, -12.694254216465724 ], [ 45.075110889874409, -12.693774793771619 ], [ 45.075479927314085, -12.695881689378995 ], [ 45.080554946854498, -12.696024884938375 ], [ 45.090863197491409, -12.695679735362338 ], [ 45.093517062513115, -12.701620007855947 ] ] ], [ [ [ 45.027969842616692, -12.6569321581539 ], [ 45.027910004485058, -12.657124779294731 ], [ 45.027665067323738, -12.657354495813721 ], [ 45.027641139232998, -12.657499185515261 ], [ 45.027403559791075, -12.657644801581357 ], [ 45.027368588006638, -12.657859123113015 ], [ 45.026948694339488, -12.658261577244197 ], [ 45.027020514649216, -12.658157576034281 ], [ 45.026895215141387, -12.657629480394599 ], [ 45.027010305360506, -12.657404299264719 ], [ 45.026820545479779, -12.656903338944142 ], [ 45.026896041991755, -12.656731515250998 ], [ 45.027266216963845, -12.656448433219934 ], [ 45.027230282411494, -12.656267577860877 ], [ 45.027660310420934, -12.655940178682535 ], [ 45.027638186116647, -12.655730384490335 ], [ 45.027945735328785, -12.655428317789658 ], [ 45.028299362313433, -12.655429184743479 ], [ 45.028248765749204, -12.655912083761953 ], [ 45.028167727094036, -12.65592113529768 ], [ 45.028213813681795, -12.65629731721798 ], [ 45.028009419004853, -12.656724166111402 ], [ 45.02808310371033, -12.656834482358676 ], [ 45.027969842616692, -12.6569321581539 ] ] ], [ [ [ 45.029091273629554, -12.654850350458799 ], [ 45.029555330024614, -12.654173886491042 ], [ 45.029609629694725, -12.653884505957635 ], [ 45.030366395680588, -12.652091203006611 ], [ 45.030468553376956, -12.651574838632602 ], [ 45.030229971908753, -12.650970796417122 ], [ 45.029320018275193, -12.649946331242155 ], [ 45.027819755105526, -12.648619890392467 ], [ 45.026704495706035, -12.647898376504418 ], [ 45.026063533836265, -12.647583745039332 ], [ 45.024994328016696, -12.646867645186973 ], [ 45.024670176144269, -12.646818843416716 ], [ 45.023544826767683, -12.646347807072489 ], [ 45.023223443419788, -12.646354165343354 ], [ 45.022768551723978, -12.64656309694306 ], [ 45.022405765918649, -12.646994476815703 ], [ 45.022271339755207, -12.647240456551504 ], [ 45.022291612398014, -12.647395089442128 ], [ 45.022131378661548, -12.6473770168814 ], [ 45.021986821090891, -12.647607624279932 ], [ 45.021843162075811, -12.647578698628598 ], [ 45.021160805800079, -12.647727962495676 ], [ 45.020460910604307, -12.647356351574439 ], [ 45.020056637892189, -12.647243345329006 ], [ 45.019600805369734, -12.647245187838543 ], [ 45.019284954928899, -12.647370003709002 ], [ 45.019206673498026, -12.647275058299604 ], [ 45.018812531537456, -12.647168379505741 ], [ 45.018659646459945, -12.646892580017255 ], [ 45.018829987256751, -12.646610427721393 ], [ 45.018970873632661, -12.646515466660924 ], [ 45.019140239292184, -12.645512590367277 ], [ 45.018933023771808, -12.645237699192709 ], [ 45.018877749043732, -12.644928433884386 ], [ 45.018695395914797, -12.64463002905338 ], [ 45.018340842742063, -12.644346104731872 ], [ 45.018347261742413, -12.643967204242273 ], [ 45.018453149419827, -12.643807136527508 ], [ 45.018407080753633, -12.643449942756339 ], [ 45.018477053474911, -12.64327360017376 ], [ 45.018633592175874, -12.643170499519602 ], [ 45.01926989529386, -12.64302667119706 ], [ 45.019533272911538, -12.643183999552935 ], [ 45.020335332966113, -12.643075424038962 ], [ 45.020532376522752, -12.642821301722458 ], [ 45.020975288073082, -12.642560829950467 ], [ 45.021004757205397, -12.642581626441574 ], [ 45.021016726576676, -12.642559922390554 ], [ 45.021858372131319, -12.642348249406945 ], [ 45.02228377734761, -12.641996442975667 ], [ 45.022925581440688, -12.6416373829673 ], [ 45.022949509678753, -12.641480937664388 ], [ 45.02327821766098, -12.641075784456344 ], [ 45.023560913489774, -12.641013363182788 ], [ 45.024268077590861, -12.640483382144525 ], [ 45.024733980710039, -12.63999592363094 ], [ 45.024934682970496, -12.639556416926595 ], [ 45.025115147420131, -12.639336655978857 ], [ 45.025137213506476, -12.638986691208954 ], [ 45.025054326933166, -12.638878183445028 ], [ 45.02522743293067, -12.63874885274131 ], [ 45.02511138500261, -12.638527311078702 ], [ 45.025239329433873, -12.637990146926677 ], [ 45.025413358262455, -12.637887944900884 ], [ 45.025605783947526, -12.637586795775041 ], [ 45.025556054664193, -12.637547011500967 ], [ 45.025804650604968, -12.637241335353602 ], [ 45.026601108300049, -12.636590163616876 ], [ 45.026575358253474, -12.636913000038771 ], [ 45.026704338345311, -12.637518865796062 ], [ 45.027137190872381, -12.638069538630289 ], [ 45.027579244181098, -12.638531588738768 ], [ 45.028012080684746, -12.638902305132047 ], [ 45.028325224465263, -12.639417720963616 ], [ 45.028325289314665, -12.640006417847651 ], [ 45.028758211205606, -12.641108708619843 ], [ 45.029163462001875, -12.641777843768521 ], [ 45.029568701388804, -12.642329419770331 ], [ 45.03028707058278, -12.643188420396926 ], [ 45.033528859147282, -12.645973263814421 ], [ 45.034127477096803, -12.646371077990793 ], [ 45.034652406388773, -12.646615170116119 ], [ 45.035186587499844, -12.647166720534262 ], [ 45.035407664464259, -12.647655010941319 ], [ 45.035407724275046, -12.648089072864687 ], [ 45.035343312640343, -12.648450799681347 ], [ 45.034965827492847, -12.649001565526074 ], [ 45.034717248599321, -12.649436564216819 ], [ 45.03433972331694, -12.649707901816178 ], [ 45.03399901343991, -12.649834546891249 ], [ 45.033474109991417, -12.649834613356051 ], [ 45.032663763773421, -12.650078873738453 ], [ 45.032258639477448, -12.650594371561612 ], [ 45.032221847138203, -12.650938008312036 ], [ 45.032221927670498, -12.651580058098627 ], [ 45.032507468533645, -12.652094567517338 ], [ 45.032535122877775, -12.652312499337759 ], [ 45.032508463928679, -12.652683263707068 ], [ 45.032406306362674, -12.653171595656257 ], [ 45.032286632043238, -12.653506199467101 ], [ 45.032001189080951, -12.653786565465381 ], [ 45.031476262031127, -12.653660026669524 ], [ 45.031006623130338, -12.653813811960015 ], [ 45.030573863725337, -12.654338353266068 ], [ 45.030196298259391, -12.654366429493509 ], [ 45.029257040390171, -12.654890121292507 ], [ 45.028868454659097, -12.655198528378165 ], [ 45.028759776110881, -12.655090929001272 ], [ 45.029091273629554, -12.654850350458799 ] ] ] ] } },
{ "type": "Feature", "properties": { "code_iris": "976140100", "nom_iris": "Ouangani" }, "geometry": { "type": "MultiPolygon", "coordinates": [ [ [ [ 45.154087957898021, -12.874236625304034 ], [ 45.145443170964256, -12.870636209125051 ], [ 45.138359400863948, -12.86943011893819 ], [ 45.137727896911933, -12.869143795185243 ], [ 45.136399574760823, -12.868793629537979 ], [ 45.133939746963961, -12.867279326727493 ], [ 45.132508266246319, -12.867030473058009 ], [ 45.132084314243023, -12.867058719577617 ], [ 45.131406063506759, -12.867243533182297 ], [ 45.130737835367469, -12.867206791754477 ], [ 45.13057735532, -12.866994366207864 ], [ 45.128199262737326, -12.857538588144115 ], [ 45.123496158517817, -12.844306704585787 ], [ 45.131927165433176, -12.84322018184508 ], [ 45.133037552107879, -12.842997168886706 ], [ 45.135656742984992, -12.843114290089938 ], [ 45.13855945063473, -12.84262536806829 ], [ 45.139222139454127, -12.842760659723147 ], [ 45.141822500505661, -12.842167869585184 ], [ 45.147259967951562, -12.840877183313721 ], [ 45.150758593764685, -12.850726419967646 ], [ 45.150944621329941, -12.852040230630356 ], [ 45.152277415212168, -12.861453002103662 ], [ 45.154087957898021, -12.874236625304034 ] ] ] ] } },
{ "type": "Feature", "properties": { "code_iris": "976170100", "nom_iris": "Tsingoni" }, "geometry": { "type": "MultiPolygon", "coordinates": [ [ [ [ 45.115998252571089, -12.806304956066542 ], [ 45.099838047207271, -12.801935747149791 ], [ 45.099820321268119, -12.801379619129218 ], [ 45.099709556190028, -12.800886826199008 ], [ 45.099938542828077, -12.799747341340659 ], [ 45.099950466127709, -12.799607172758712 ], [ 45.099841674271268, -12.799444442830632 ], [ 45.100018555875458, -12.799364798740593 ], [ 45.10013550182979, -12.799175758914883 ], [ 45.100224655403089, -12.798607834480809 ], [ 45.1002494526359, -12.798402552506438 ], [ 45.100120360326841, -12.798164774796041 ], [ 45.100233670697286, -12.798104144674499 ], [ 45.10023912885201, -12.797925998578968 ], [ 45.100460139539059, -12.797599467769146 ], [ 45.101095663777087, -12.796966225690408 ], [ 45.101637356661136, -12.796721860573909 ], [ 45.101971801881987, -12.796653910067409 ], [ 45.102843483148895, -12.796717775589229 ], [ 45.103202791066657, -12.796612738161354 ], [ 45.103355777003806, -12.796690446673274 ], [ 45.103544625438651, -12.796589996988349 ], [ 45.103654297371541, -12.796648732366579 ], [ 45.104298341659117, -12.796594221245218 ], [ 45.104944165307217, -12.796386883788507 ], [ 45.105024343726498, -12.796424831796783 ], [ 45.105060242065953, -12.796336197624331 ], [ 45.105425048424301, -12.796162429372181 ], [ 45.106360251504569, -12.796096040914565 ], [ 45.107140489438876, -12.79563182706816 ], [ 45.107336816547921, -12.79579090124113 ], [ 45.107705280086705, -12.795555637019469 ], [ 45.108138975237146, -12.794879959049855 ], [ 45.108716755712194, -12.795018981192129 ], [ 45.108788652838903, -12.795083155719455 ], [ 45.108763842289576, -12.795240511431773 ], [ 45.109121525877867, -12.795654525822441 ], [ 45.110026412836639, -12.795803356579746 ], [ 45.11018955977341, -12.795936218215669 ], [ 45.110136191820907, -12.796106245956583 ], [ 45.110464377586894, -12.796483195143004 ], [ 45.110829350932775, -12.796700070138655 ], [ 45.110766741120308, -12.796805897705388 ], [ 45.111222773785933, -12.796654690211369 ], [ 45.111254999401361, -12.796600419561159 ], [ 45.11131305503573, -12.796615767880942 ], [ 45.111235572904896, -12.796424996630059 ], [ 45.111465041806476, -12.796510806688351 ], [ 45.111724796048762, -12.796320797039177 ], [ 45.111829886975997, -12.796434692279295 ], [ 45.111965337494581, -12.796441869050842 ], [ 45.111954255048374, -12.796383999571798 ], [ 45.112136666310157, -12.796320622140842 ], [ 45.112299468285833, -12.795670372504 ], [ 45.112513991556881, -12.795298620214403 ], [ 45.11243457803058, -12.794908907591278 ], [ 45.112490497683297, -12.794263224764364 ], [ 45.112563325360412, -12.794346387833093 ], [ 45.112631500342729, -12.794326464460458 ], [ 45.112596277326588, -12.793853538816075 ], [ 45.112505008145462, -12.793739637955563 ], [ 45.112387984266121, -12.793726123603671 ], [ 45.112334374621653, -12.793345442741083 ], [ 45.112143590682059, -12.793222541287388 ], [ 45.112080979471294, -12.793322039193132 ], [ 45.111975878966561, -12.793183728342779 ], [ 45.111616453225238, -12.793001215303891 ], [ 45.111300230230718, -12.792582665296653 ], [ 45.111319485613464, -12.792368341752949 ], [ 45.111213489472661, -12.792287000881956 ], [ 45.110968440582731, -12.792383862567695 ], [ 45.110715938335822, -12.792292635986048 ], [ 45.110525150061605, -12.792156169073531 ], [ 45.110454120062947, -12.791966299093202 ], [ 45.109961060605428, -12.791704262665377 ], [ 45.109666051927285, -12.791327298866227 ], [ 45.109196044064916, -12.791099614206292 ], [ 45.10870396740566, -12.790974121959694 ], [ 45.108230369123582, -12.7909661782097 ], [ 45.107957696292878, -12.791104645536088 ], [ 45.107696020046951, -12.791102039686667 ], [ 45.107599240261315, -12.791022502146971 ], [ 45.107567938247627, -12.791082197704908 ], [ 45.106958938323409, -12.791176491039922 ], [ 45.106611631054285, -12.791313178673491 ], [ 45.106219309813703, -12.791771809322528 ], [ 45.106225911616967, -12.792135329081839 ], [ 45.106429597885501, -12.792273602486395 ], [ 45.106392761766202, -12.79232064015191 ], [ 45.106275767225213, -12.792374944410934 ], [ 45.106062889286108, -12.792290027378023 ], [ 45.105698983211113, -12.79239868766677 ], [ 45.105568307378725, -12.792789390966881 ], [ 45.105348145551531, -12.792915174585916 ], [ 45.10487262323452, -12.792719134404134 ], [ 45.104388965939869, -12.792904704687146 ], [ 45.10382872352762, -12.792825348863731 ], [ 45.103422420352707, -12.792906894172615 ], [ 45.103009564420027, -12.792735241716127 ], [ 45.102554376285987, -12.792691109215051 ], [ 45.102207948810026, -12.792735553686235 ], [ 45.101594272178687, -12.792670682369886 ], [ 45.101398048907718, -12.792756664953265 ], [ 45.10119441288267, -12.792738657496038 ], [ 45.10101839182456, -12.792652817949067 ], [ 45.100702350142214, -12.792646608855575 ], [ 45.099978835985738, -12.79209436621813 ], [ 45.099483076942072, -12.791970666719509 ], [ 45.09936426197509, -12.792085555690695 ], [ 45.098570008254534, -12.792056916697362 ], [ 45.097795188254331, -12.792247105030947 ], [ 45.097810044121879, -12.792541896368002 ], [ 45.097731756375573, -12.792622406745844 ], [ 45.097680071190638, -12.792396354698248 ], [ 45.096996208730651, -12.791908293348238 ], [ 45.096979558023833, -12.791736485348034 ], [ 45.096751045818515, -12.79171938788293 ], [ 45.096769399615226, -12.791524959897027 ], [ 45.096593383969882, -12.791447255933996 ], [ 45.096855791927418, -12.790951611543607 ], [ 45.096522785263907, -12.789939838764543 ], [ 45.096460887141774, -12.789504900316491 ], [ 45.096741768582696, -12.789134040559647 ], [ 45.096863214776022, -12.788671002025655 ], [ 45.096829063643476, -12.788513668960199 ], [ 45.097023404466704, -12.788328219092406 ], [ 45.096971436402036, -12.787357035964034 ], [ 45.096681973361946, -12.786961969596723 ], [ 45.096790661336811, -12.786871501214666 ], [ 45.096739009183608, -12.786726834528697 ], [ 45.09679050115102, -12.786451008643462 ], [ 45.096921331172858, -12.786437396325562 ], [ 45.096852303225084, -12.786634555860672 ], [ 45.096918706749932, -12.786803632806166 ], [ 45.097082556173675, -12.786396644200735 ], [ 45.097378243194662, -12.786203018167816 ], [ 45.097824149420752, -12.786102477517961 ], [ 45.098192705739585, -12.786120426285891 ], [ 45.098341906979336, -12.785962120788545 ], [ 45.098504979799159, -12.78593583567134 ], [ 45.098595304149825, -12.786012666170789 ], [ 45.098584184170448, -12.78584899469991 ], [ 45.098504925111087, -12.785794767194583 ], [ 45.098352936501051, -12.785892486713079 ], [ 45.098307731518766, -12.785743296498181 ], [ 45.098172253846762, -12.785650205570786 ], [ 45.0982467160797, -12.785213408061072 ], [ 45.098161766988063, -12.784739594183634 ], [ 45.098309996049075, -12.784451976252045 ], [ 45.098239929133477, -12.784340775255497 ], [ 45.097791154883446, -12.784162797770572 ], [ 45.097378417430477, -12.784253378976151 ], [ 45.097325018685112, -12.784359200069533 ], [ 45.096806395492173, -12.784638815065973 ], [ 45.096531029764037, -12.784963554412457 ], [ 45.096304430164004, -12.785114652885104 ], [ 45.095951782510056, -12.785742355407134 ], [ 45.096081754443986, -12.785896940885172 ], [ 45.09603571452179, -12.785972917615373 ], [ 45.096094706327229, -12.786036196101946 ], [ 45.096424580214205, -12.786094854268127 ], [ 45.09616765532337, -12.786460279308304 ], [ 45.096223020679687, -12.786679096146859 ], [ 45.096125401408678, -12.78680211453203 ], [ 45.095907011081138, -12.786737989777341 ], [ 45.095635988776898, -12.786371852650952 ], [ 45.095352187145622, -12.786323123988748 ], [ 45.095053589848305, -12.786130618989842 ], [ 45.094598174798364, -12.785441717276846 ], [ 45.094661696509597, -12.785299721687801 ], [ 45.094319613631413, -12.78461439588486 ], [ 45.094118705832507, -12.784480633393818 ], [ 45.093885623227948, -12.784544016426509 ], [ 45.093884754312, -12.784685989549033 ], [ 45.09374468097721, -12.784617313667914 ], [ 45.093862537596465, -12.784404764682618 ], [ 45.094117765040004, -12.784428185173896 ], [ 45.094430061866177, -12.784302377899294 ], [ 45.094668777751025, -12.784522033705828 ], [ 45.095320126695839, -12.784367166361658 ], [ 45.095647144967643, -12.78418890377641 ], [ 45.095985140954788, -12.783803555428488 ], [ 45.096350000824593, -12.78380161386292 ], [ 45.096619835635444, -12.783472355282148 ], [ 45.096881457802908, -12.78335379794923 ], [ 45.097104422559703, -12.783340151700049 ], [ 45.097586134123176, -12.782919481234199 ], [ 45.09786986898277, -12.782803627600071 ], [ 45.098008093412837, -12.782856024848265 ], [ 45.098115877354289, -12.782816196228845 ], [ 45.09832032023759, -12.782559303053356 ], [ 45.09839936643958, -12.782066437997392 ], [ 45.098543064035475, -12.781977764391369 ], [ 45.098807564189002, -12.782158522575832 ], [ 45.099164060619159, -12.781980244597674 ], [ 45.099354705092296, -12.781783942930131 ], [ 45.099444839997005, -12.78137969335377 ], [ 45.099824237023121, -12.780865915918751 ], [ 45.100580667454089, -12.780862011543872 ], [ 45.100874613909568, -12.780948710750923 ], [ 45.101011023973285, -12.781073449970167 ], [ 45.101424645618543, -12.780905998497978 ], [ 45.101487242479131, -12.78076761874852 ], [ 45.101887905646528, -12.780453677281384 ], [ 45.101882105356232, -12.779774561074946 ], [ 45.10156771356251, -12.779245675186564 ], [ 45.101078285589992, -12.778762974555359 ], [ 45.100892937380607, -12.778366064062537 ], [ 45.100957229389742, -12.777856926624615 ], [ 45.101093540386422, -12.7777366044493 ], [ 45.101612251743653, -12.77772464955328 ], [ 45.101692356491647, -12.777594401559107 ], [ 45.102327003080589, -12.777200791993558 ], [ 45.114184071747481, -12.765625592132428 ], [ 45.121156838212642, -12.75867575944185 ], [ 45.123234275611338, -12.760508691723166 ], [ 45.124222596149977, -12.761960512658606 ], [ 45.125687452281113, -12.761986044269985 ], [ 45.126388653927897, -12.762194599902797 ], [ 45.126684630122753, -12.76268367692137 ], [ 45.127473987009417, -12.762310731454093 ], [ 45.127877905101379, -12.763096360814323 ], [ 45.127706283694529, -12.764411275550726 ], [ 45.128378912532149, -12.764578242449911 ], [ 45.128413047414455, -12.76467136730254 ], [ 45.128996144008745, -12.764507407509498 ], [ 45.129388635056536, -12.764546099873035 ], [ 45.129828171730324, -12.764701421405437 ], [ 45.129837607019752, -12.765137282512223 ], [ 45.129933678516117, -12.765640018150703 ], [ 45.128317252928866, -12.766538763976291 ], [ 45.128859559258899, -12.76768603848978 ], [ 45.129008753919472, -12.767573834246647 ], [ 45.129016010203031, -12.767348663581137 ], [ 45.129241750901258, -12.767390150365033 ], [ 45.129424153098981, -12.767358411058511 ], [ 45.129518146398517, -12.767398153554565 ], [ 45.129702390713526, -12.767365508867321 ], [ 45.129885695213709, -12.767296693089637 ], [ 45.130337878165356, -12.766950128967109 ], [ 45.130794402746801, -12.767883126025906 ], [ 45.130796296023554, -12.76798169221202 ], [ 45.128566194593127, -12.768738769872785 ], [ 45.127966663186989, -12.769218332375765 ], [ 45.125988777540911, -12.771422122850483 ], [ 45.125268749411958, -12.772323133706278 ], [ 45.125127832881802, -12.772416341919538 ], [ 45.124847896306157, -12.772713080043971 ], [ 45.124660017126949, -12.772857854477412 ], [ 45.124410669918745, -12.77353618612022 ], [ 45.124042346853535, -12.773962277822523 ], [ 45.123860180112132, -12.774488657407996 ], [ 45.123384182631028, -12.775169807128293 ], [ 45.123263694023457, -12.775594877490326 ], [ 45.123122817853051, -12.775776704568171 ], [ 45.122741433124155, -12.775876353550762 ], [ 45.122345396340947, -12.776162291536744 ], [ 45.121847956066468, -12.776332527246232 ], [ 45.121337644867744, -12.776562450764903 ], [ 45.119598338958532, -12.776946661502457 ], [ 45.119307440080036, -12.777467661458404 ], [ 45.119056068856494, -12.777798743359236 ], [ 45.118897760737063, -12.7781469645304 ], [ 45.118582782184681, -12.778406636089477 ], [ 45.118571779184684, -12.778520580967996 ], [ 45.119210237982976, -12.780413866388958 ], [ 45.119121877174123, -12.780603806149173 ], [ 45.11873136510313, -12.780906917628624 ], [ 45.118606993724768, -12.780931389254679 ], [ 45.1184603137702, -12.782512145287262 ], [ 45.118649300573367, -12.782743557308894 ], [ 45.118741605195375, -12.783104325455399 ], [ 45.118835970998155, -12.78393170360348 ], [ 45.118934752557109, -12.78434943866827 ], [ 45.119457590228279, -12.785248965759379 ], [ 45.119351140776836, -12.786163245754551 ], [ 45.119063292623039, -12.78731905158061 ], [ 45.119803191676645, -12.787389250741917 ], [ 45.121011222410608, -12.787609344689557 ], [ 45.12130210674394, -12.787041320397261 ], [ 45.122203448643234, -12.7875319308186 ], [ 45.124154059631785, -12.787642246829918 ], [ 45.124022605400903, -12.78826264776359 ], [ 45.123892618816491, -12.790004360435066 ], [ 45.123590809746545, -12.792731823096739 ], [ 45.122802385504414, -12.793334444692245 ], [ 45.12249745659588, -12.79344671777163 ], [ 45.122146387838818, -12.793414326430357 ], [ 45.121346467788804, -12.793109952078758 ], [ 45.120698099283231, -12.793732397168126 ], [ 45.120760559057182, -12.795258800020676 ], [ 45.119558901894074, -12.794953699767357 ], [ 45.119327539200349, -12.794762096378037 ], [ 45.119253819228803, -12.794745852624267 ], [ 45.118607293089482, -12.795387281704194 ], [ 45.118486576615958, -12.795361111754808 ], [ 45.118319727489521, -12.795201128420084 ], [ 45.118423182634942, -12.795753599512874 ], [ 45.11850806737587, -12.796000430898976 ], [ 45.118564332845075, -12.796127909640159 ], [ 45.118781908923552, -12.796391862604613 ], [ 45.11832425768948, -12.797013311522706 ], [ 45.116421202932408, -12.798285582211246 ], [ 45.116600033422991, -12.798450082822418 ], [ 45.116678419174939, -12.798592020700424 ], [ 45.116416499790617, -12.800085109140905 ], [ 45.11603911265567, -12.800952483724682 ], [ 45.115745297152714, -12.801214855234198 ], [ 45.115585121547959, -12.801550414805984 ], [ 45.115381889121537, -12.80243760617363 ], [ 45.115412514365815, -12.802916863086759 ], [ 45.115125372478964, -12.803678395508848 ], [ 45.115158712061586, -12.804048232914001 ], [ 45.115241728961728, -12.804240809005167 ], [ 45.115484165693594, -12.804456826598761 ], [ 45.115867491917044, -12.804472935378408 ], [ 45.115971607134611, -12.804456612460806 ], [ 45.116825597809104, -12.80405744610237 ], [ 45.117114885901323, -12.803963272171201 ], [ 45.117267842445983, -12.803958682711075 ], [ 45.117337914355204, -12.804050888425765 ], [ 45.117240333869475, -12.80424987423676 ], [ 45.117206330873913, -12.804445214596656 ], [ 45.117245082724793, -12.804556424217477 ], [ 45.117262733438281, -12.804866585581673 ], [ 45.117407479997254, -12.805040143524904 ], [ 45.117410346016484, -12.805259883115562 ], [ 45.117122077365671, -12.805569276367923 ], [ 45.116717626952315, -12.805706906967638 ], [ 45.116606168401191, -12.805785628987158 ], [ 45.116454135089946, -12.805796547647144 ], [ 45.116110495572386, -12.805926011875268 ], [ 45.115970520720253, -12.806111451635346 ], [ 45.115998252571089, -12.806304956066542 ] ] ] ] } },
{ "type": "Feature", "properties": { "code_iris": "976050101", "nom_iris": "Chiconi Nord-Départementale 16" }, "geometry": { "type": "MultiPolygon", "coordinates": [ [ [ [ 45.12430897829455, -12.821752641579948 ], [ 45.125841144027362, -12.830437539082002 ], [ 45.125236732546298, -12.830669323706699 ], [ 45.124380751931113, -12.830923833112411 ], [ 45.124132007443322, -12.831066827133768 ], [ 45.123998468009319, -12.831236895055293 ], [ 45.123722341165269, -12.831920661880613 ], [ 45.123530817265021, -12.832240867548681 ], [ 45.123059213774098, -12.832704080780736 ], [ 45.122598716571851, -12.833269471776006 ], [ 45.122381300843749, -12.833411545249964 ], [ 45.121972206998933, -12.833560941802681 ], [ 45.121468153981269, -12.833628092016124 ], [ 45.121046996108298, -12.833603870690691 ], [ 45.120728093589257, -12.833503642113181 ], [ 45.120362143100543, -12.833299442332292 ], [ 45.119652548559891, -12.833288010611849 ], [ 45.119404604138943, -12.833184130985973 ], [ 45.119018337425587, -12.832886797553716 ], [ 45.118802644239032, -12.83277566849654 ], [ 45.117200940089276, -12.832638936653778 ], [ 45.115982719776802, -12.832766076349563 ], [ 45.115491596298448, -12.832894700549115 ], [ 45.115219814023249, -12.833054877644852 ], [ 45.114712059585841, -12.833090366680233 ], [ 45.113918807555038, -12.833528383911476 ], [ 45.113881858276024, -12.833333979383454 ], [ 45.113760748247337, -12.832471347165519 ], [ 45.113720666186538, -12.831456760466612 ], [ 45.113533188928542, -12.830553464025696 ], [ 45.113044341286425, -12.829580667410424 ], [ 45.112779675048785, -12.829161194266744 ], [ 45.112368447847849, -12.828654068156386 ], [ 45.112156310685307, -12.828234571888665 ], [ 45.111696818399409, -12.826937122737753 ], [ 45.111521464958564, -12.826336753835566 ], [ 45.111523150314369, -12.825978657395039 ], [ 45.111635358258454, -12.825485776015237 ], [ 45.111923521037212, -12.824870741663812 ], [ 45.112018286584927, -12.824530691208482 ], [ 45.112187733140757, -12.824278324250848 ], [ 45.112656588676415, -12.823842259829185 ], [ 45.112882435582264, -12.824014880922208 ], [ 45.112997632875484, -12.824033821390765 ], [ 45.113489692005885, -12.823972118371612 ], [ 45.11374766700321, -12.823865301645313 ], [ 45.113902486783161, -12.823878798888627 ], [ 45.114266570951962, -12.824073061666009 ], [ 45.114563328492828, -12.824141658038986 ], [ 45.115093145125051, -12.824026582927278 ], [ 45.116448632238708, -12.823906621135251 ], [ 45.116726939945792, -12.82393181768904 ], [ 45.116956446491933, -12.824041133887579 ], [ 45.117112194315347, -12.824068193058599 ], [ 45.117270635953851, -12.823942427258151 ], [ 45.117403137698787, -12.823520068399086 ], [ 45.12430897829455, -12.821752641579948 ] ] ] ] } },
{ "type": "Feature", "properties": { "code_iris": "976110101", "nom_iris": "Mamoudzou Nord" }, "geometry": { "type": "MultiPolygon", "coordinates": [ [ [ [ 45.229097251730096, -12.774673317546378 ], [ 45.230028838903479, -12.77481267097717 ], [ 45.230504679295109, -12.775293333187538 ], [ 45.230811651406476, -12.775480251038944 ], [ 45.231134144377037, -12.775510714412736 ], [ 45.231585466169157, -12.775368346838698 ], [ 45.231818615782416, -12.775426920433073 ], [ 45.232007698475407, -12.775657345832171 ], [ 45.232083480199101, -12.77591228629254 ], [ 45.23230284433393, -12.776007947061837 ], [ 45.233733809286001, -12.776157698723097 ], [ 45.233341029131388, -12.776842586388572 ], [ 45.233346720611365, -12.7770207245668 ], [ 45.23351905492715, -12.777069403293929 ], [ 45.233554229255951, -12.777247515377342 ], [ 45.233404141317322, -12.77734531040168 ], [ 45.233351086457574, -12.777762230487495 ], [ 45.23323785660051, -12.777865418511967 ], [ 45.232720082498183, -12.777884865432879 ], [ 45.232592086107474, -12.777960937797271 ], [ 45.232704644053584, -12.778129938983128 ], [ 45.232609766907956, -12.778152629621884 ], [ 45.232682690831624, -12.778303580136621 ], [ 45.232678161928611, -12.778388586467493 ], [ 45.232599842316077, -12.778382325540155 ], [ 45.232636141089749, -12.778782889667697 ], [ 45.232520065417987, -12.77879746044035 ], [ 45.2325053818575, -12.778860772988354 ], [ 45.232706527985876, -12.779181615161121 ], [ 45.23296808965852, -12.779072870785534 ], [ 45.233042748163349, -12.779105358956004 ], [ 45.233072336381404, -12.779220176402104 ], [ 45.232794225218001, -12.779366915245186 ], [ 45.232887438213737, -12.779538646226559 ], [ 45.232834170087948, -12.779724070647815 ], [ 45.233176351136684, -12.78011893891658 ], [ 45.233837556287419, -12.780771244003455 ], [ 45.234764139506822, -12.781451344050875 ], [ 45.234732929682202, -12.781577066716302 ], [ 45.234886939779834, -12.78173337007909 ], [ 45.23501614882435, -12.781971080620963 ], [ 45.234725097654916, -12.782075331873362 ], [ 45.234549948925086, -12.781976016842904 ], [ 45.234467035590782, -12.781985133331013 ], [ 45.234374858699312, -12.781940001230829 ], [ 45.234291874518391, -12.781872253938978 ], [ 45.234217091717824, -12.781705932834239 ], [ 45.233859333805363, -12.781408742060751 ], [ 45.233123637079132, -12.780908421946201 ], [ 45.232680237661071, -12.780656519162106 ], [ 45.232649063307242, -12.780822029893878 ], [ 45.232555206606619, -12.780954137508511 ], [ 45.231946512994249, -12.781302821058246 ], [ 45.23152948258668, -12.781677559238608 ], [ 45.231234827934969, -12.781873142107155 ], [ 45.230569761215563, -12.782038303067699 ], [ 45.230435213425025, -12.782004962242899 ], [ 45.23018540492069, -12.781870442553595 ], [ 45.230210123351469, -12.781695894929232 ], [ 45.230152851373312, -12.781532270188642 ], [ 45.229823591521225, -12.781159089466534 ], [ 45.229390956427579, -12.780580726579338 ], [ 45.229074669485705, -12.780287110244913 ], [ 45.22898055859045, -12.780138889955669 ], [ 45.228686420735841, -12.779885042244672 ], [ 45.228286560353453, -12.779889005565487 ], [ 45.228049706597716, -12.77981325079792 ], [ 45.22753710394921, -12.779439321174527 ], [ 45.227329599573153, -12.779213429889397 ], [ 45.227109279987459, -12.779080690347607 ], [ 45.226076322949027, -12.778932370931267 ], [ 45.225155092763593, -12.77905885345762 ], [ 45.225064730801932, -12.778979353840866 ], [ 45.224935554948551, -12.778766958026347 ], [ 45.224931770380486, -12.778654830455887 ], [ 45.225001625004168, -12.778465776263408 ], [ 45.224959150557936, -12.778360915916544 ], [ 45.224883560729033, -12.77831576630191 ], [ 45.224617308044813, -12.778332270080174 ], [ 45.224081843279514, -12.778143730575714 ], [ 45.224013609238106, -12.778081393129128 ], [ 45.224038365059506, -12.777944825729451 ], [ 45.224140609664602, -12.777917610500539 ], [ 45.224398695213928, -12.778043086221512 ], [ 45.224604157660032, -12.778047432861461 ], [ 45.225375890505404, -12.777653412926535 ], [ 45.225748043160074, -12.777577135318568 ], [ 45.22592196365558, -12.777338256421041 ], [ 45.22602943678983, -12.776974643586346 ], [ 45.226437490476592, -12.776864875892525 ], [ 45.226593948026249, -12.776674842692714 ], [ 45.22780977572252, -12.776303041145274 ], [ 45.227867234593546, -12.775650100934463 ], [ 45.228200568409918, -12.775440924165812 ], [ 45.228828401952519, -12.774870683897241 ], [ 45.229113907284137, -12.774752879789409 ], [ 45.229097251730096, -12.774673317546378 ] ] ] ] } },
{ "type": "Feature", "properties": { "code_iris": "976130101", "nom_iris": "Mtsangamouji-Ambandza" }, "geometry": { "type": "MultiPolygon", "coordinates": [ [ [ [ 45.08746284472074, -12.766017399347842 ], [ 45.087088529544594, -12.765237123429374 ], [ 45.087333381032273, -12.764613988906355 ], [ 45.087315841359313, -12.764511810277837 ], [ 45.086890447692319, -12.765229050070383 ], [ 45.086389298413955, -12.765337728853767 ], [ 45.085665097907736, -12.765159820150409 ], [ 45.084955596899398, -12.764855304549441 ], [ 45.084591665472601, -12.764797546959313 ], [ 45.084203817600049, -12.764851928078992 ], [ 45.08307145422912, -12.764577383301695 ], [ 45.081801756127888, -12.764103028759632 ], [ 45.08110983807866, -12.76402095195186 ], [ 45.081065445491483, -12.763485627588398 ], [ 45.081487294958166, -12.763166284455192 ], [ 45.081687147998593, -12.762957332407074 ], [ 45.081938551280686, -12.762619051156602 ], [ 45.082270024955946, -12.762030257183254 ], [ 45.082419212773175, -12.761843023235155 ], [ 45.083091650792149, -12.761534450698637 ], [ 45.083725436976323, -12.761358818928562 ], [ 45.084355470930163, -12.760983339355498 ], [ 45.084453745534617, -12.760070882090043 ], [ 45.084557716773141, -12.759669345268508 ], [ 45.084545669302024, -12.75945593730674 ], [ 45.084454380686466, -12.759208191752865 ], [ 45.084464473932478, -12.759085205443027 ], [ 45.084978519882107, -12.75900727195312 ], [ 45.085077993468609, -12.758934896961259 ], [ 45.085232685688723, -12.758689785238674 ], [ 45.085585511279895, -12.758622753960172 ], [ 45.085724626715283, -12.758631751751441 ], [ 45.08576892980355, -12.758874990685454 ], [ 45.085731209891364, -12.759030540351 ], [ 45.085590317034793, -12.759215964923595 ], [ 45.085559972647992, -12.75938778934532 ], [ 45.085739555263636, -12.759190596506867 ], [ 45.085880487948664, -12.759123633486489 ], [ 45.086026961044006, -12.759094648656822 ], [ 45.086378908341239, -12.759153312546484 ], [ 45.086681010534967, -12.758928950379724 ], [ 45.087180298965784, -12.758803994509879 ], [ 45.087244696493691, -12.758536304202893 ], [ 45.087272185955747, -12.758102237184406 ], [ 45.087788185663186, -12.758355266777473 ], [ 45.08821660427612, -12.758431988564617 ], [ 45.08822403555304, -12.758608322117045 ], [ 45.088372474267892, -12.758935624540975 ], [ 45.088401107256722, -12.759147218195881 ], [ 45.088213221471072, -12.759304626961148 ], [ 45.088124833378785, -12.759462002435514 ], [ 45.08811289995861, -12.759586798059026 ], [ 45.088137791354441, -12.759635621272174 ], [ 45.088364468664459, -12.75975943293677 ], [ 45.088446500113264, -12.759867919967718 ], [ 45.088488932350629, -12.760021634595541 ], [ 45.088440139421877, -12.760122026811274 ], [ 45.088468722335712, -12.76018893449978 ], [ 45.088434702826603, -12.760384271925599 ], [ 45.088467075205351, -12.760751401695064 ], [ 45.088305051933567, -12.761104127884597 ], [ 45.088489708020759, -12.762253415053596 ], [ 45.088407039948507, -12.762966925218095 ], [ 45.088637488336538, -12.763328562822004 ], [ 45.088094026744386, -12.763618116419641 ], [ 45.088177052673046, -12.763934589170752 ], [ 45.088158742688535, -12.764269181458884 ], [ 45.088462826437507, -12.764431851468148 ], [ 45.088886656902169, -12.764531180778183 ], [ 45.088840645788032, -12.764684925030126 ], [ 45.088785386955628, -12.764739200820845 ], [ 45.088896125679867, -12.7652636499789 ], [ 45.087975065160002, -12.765951216323188 ], [ 45.08746284472074, -12.766017399347842 ] ] ] ] } },
{ "type": "Feature", "properties": { "code_iris": "976150101", "nom_iris": "Pamandzi-Vigie" }, "geometry": { "type": "MultiPolygon", "coordinates": [ [ [ [ 45.282808162075092, -12.788312898579958 ], [ 45.283250390093002, -12.788285295719271 ], [ 45.283250269104748, -12.788176782698566 ], [ 45.283640792031512, -12.788052477155796 ], [ 45.284079209621524, -12.787913651039098 ], [ 45.284144475172965, -12.787777939301353 ], [ 45.284291033614068, -12.787832037941781 ], [ 45.290250071877445, -12.78588135437781 ], [ 45.291603436173787, -12.78497558591892 ], [ 45.292644071465581, -12.784540381174267 ], [ 45.293667416811857, -12.784295089543754 ], [ 45.293988655153434, -12.78402254475796 ], [ 45.294744083319976, -12.783950264085595 ], [ 45.29562047034355, -12.784103010386 ], [ 45.296453334173648, -12.784066809066978 ], [ 45.295966516665118, -12.784564707232187 ], [ 45.295538107787003, -12.785376322714239 ], [ 45.295439155023999, -12.785852986771296 ], [ 45.295918811657003, -12.786323576649323 ], [ 45.296318832995425, -12.786451534692956 ], [ 45.295951298463002, -12.786528810731022 ], [ 45.295414964800919, -12.786443505775788 ], [ 45.294780888064437, -12.787084442218321 ], [ 45.294277333443148, -12.787458470301734 ], [ 45.294177121143001, -12.787645767122763 ], [ 45.294302900688031, -12.788054359322077 ], [ 45.294132698595192, -12.788271575303755 ], [ 45.294193090325933, -12.788705560160425 ], [ 45.294451820754297, -12.789349115497787 ], [ 45.294680520871118, -12.789520672362533 ], [ 45.294609731278776, -12.789655488480491 ], [ 45.294632090772559, -12.789867968202538 ], [ 45.294766760690294, -12.789996224800076 ], [ 45.294819485918445, -12.790174308092022 ], [ 45.295724540416714, -12.790398459217645 ], [ 45.295810373894597, -12.790523152922576 ], [ 45.295796776475811, -12.790714874514531 ], [ 45.295962633134074, -12.790721922614297 ], [ 45.296033667854047, -12.790797801990097 ], [ 45.296013781127762, -12.791126980467732 ], [ 45.295753520080659, -12.791547760448687 ], [ 45.295353958888249, -12.791822203683139 ], [ 45.294810539132591, -12.791991911296314 ], [ 45.294730672584294, -12.79224519762878 ], [ 45.294763275802723, -12.792550806178742 ], [ 45.295092171801535, -12.793310029340516 ], [ 45.295276738664143, -12.793558498325735 ], [ 45.295511803457856, -12.793653183821588 ], [ 45.295880305611, -12.793606652483716 ], [ 45.296519944224066, -12.793772320425878 ], [ 45.296740876009046, -12.793599355335511 ], [ 45.297010096239362, -12.793748257529234 ], [ 45.297078570029228, -12.793996855966165 ], [ 45.29706176605805, -12.79459731339459 ], [ 45.296799292709849, -12.794703409191325 ], [ 45.296643757872879, -12.794858215255639 ], [ 45.29669101313074, -12.795084230780139 ], [ 45.296851381291695, -12.79512293405376 ], [ 45.296895722448781, -12.795220545794502 ], [ 45.296816661106305, -12.795373457267569 ], [ 45.296709826738528, -12.795414269906752 ], [ 45.296776279294264, -12.795510048226362 ], [ 45.296540682762469, -12.795750850462019 ], [ 45.296263452977932, -12.795846111048256 ], [ 45.296144833174658, -12.796052418995899 ], [ 45.296233628226297, -12.796344399970106 ], [ 45.295998757818325, -12.796418814359807 ], [ 45.295886636878421, -12.796667615808044 ], [ 45.295298064854009, -12.796842800904198 ], [ 45.294630531632336, -12.797259514356364 ], [ 45.294614461669475, -12.79770353124777 ], [ 45.294218806924988, -12.798177813222097 ], [ 45.293913120964767, -12.798368956286408 ], [ 45.293597490462616, -12.79872559236974 ], [ 45.293250401600908, -12.79897013301664 ], [ 45.29301273543247, -12.799020132489852 ], [ 45.292838024443405, -12.799329588674002 ], [ 45.292604838765698, -12.799270165553983 ], [ 45.292333330989671, -12.799538132230836 ], [ 45.292118652547707, -12.799547413040258 ], [ 45.291680930157781, -12.799502684153472 ], [ 45.29166695831389, -12.7993715797595 ], [ 45.291574728934471, -12.799294818454969 ], [ 45.291326849775707, -12.799277911375315 ], [ 45.290974094680422, -12.799404899596849 ], [ 45.290786977800153, -12.799343615440103 ], [ 45.290468247278874, -12.799411787571358 ], [ 45.28944714847232, -12.799259184328438 ], [ 45.288089925988686, -12.799274235668037 ], [ 45.287965422684209, -12.799174901477484 ], [ 45.287736020194934, -12.799200471755997 ], [ 45.287491037662342, -12.799300209399165 ], [ 45.28696538948472, -12.799723078848947 ], [ 45.286321834066676, -12.800994285543585 ], [ 45.285348300006532, -12.800535065513186 ], [ 45.284758933077079, -12.800016649041536 ], [ 45.284480259692081, -12.799654335608832 ], [ 45.283870684202299, -12.799188386830927 ], [ 45.283541602156525, -12.799064855365407 ], [ 45.283597197947181, -12.798518613134842 ], [ 45.283673147150445, -12.79722180023224 ], [ 45.283609038918215, -12.796746220240397 ], [ 45.282255530605674, -12.79263140931385 ], [ 45.282656182015373, -12.792494434418089 ], [ 45.282686496174577, -12.792412112801321 ], [ 45.282259585576341, -12.79130573625385 ], [ 45.281723441367788, -12.791396737242776 ], [ 45.281523426149469, -12.791329130156932 ], [ 45.281398115130244, -12.791326551088973 ], [ 45.281217430051804, -12.791241741890627 ], [ 45.280980235682094, -12.790881188538819 ], [ 45.280980888965871, -12.790638841809615 ], [ 45.281730876200946, -12.790623573171183 ], [ 45.281905973502695, -12.79065503570593 ], [ 45.282036264236091, -12.790163874412023 ], [ 45.283113978315811, -12.789895053834504 ], [ 45.283058151547877, -12.789406804630548 ], [ 45.282887983052674, -12.78883638892874 ], [ 45.282808162075092, -12.788312898579958 ] ] ] ] } },
{ "type": "Feature", "properties": { "code_iris": "976160101", "nom_iris": "Sada-Bandrajou" }, "geometry": { "type": "MultiPolygon", "coordinates": [ [ [ [ 45.101295972046806, -12.846273068320277 ], [ 45.101832896363391, -12.845369483918777 ], [ 45.101795015856446, -12.845132576958701 ], [ 45.101869417495585, -12.844519445518911 ], [ 45.101832500546543, -12.844386530506446 ], [ 45.101690546626507, -12.844312434447279 ], [ 45.101966916338597, -12.844050085772782 ], [ 45.102161346788201, -12.843991231949975 ], [ 45.102528868761723, -12.843522671108719 ], [ 45.102973134938104, -12.843678937972687 ], [ 45.103264359429659, -12.843689675022906 ], [ 45.104784349426197, -12.844414306526048 ], [ 45.105706015778878, -12.844608357656549 ], [ 45.106118032542916, -12.84477005782294 ], [ 45.10634011850378, -12.844731083920642 ], [ 45.10647665489909, -12.845067421134697 ], [ 45.105567976094726, -12.84508316070548 ], [ 45.105143188539735, -12.84523796314722 ], [ 45.103780036140115, -12.844937379710982 ], [ 45.103297955987863, -12.844716925163537 ], [ 45.103167088526845, -12.844711550911159 ], [ 45.103044542613326, -12.844773090129534 ], [ 45.102975462660169, -12.84486897101614 ], [ 45.10293773391863, -12.845007340809767 ], [ 45.102971024472303, -12.845285846327748 ], [ 45.103084426283822, -12.845399741256331 ], [ 45.103442091862519, -12.845617532363075 ], [ 45.103518641912899, -12.845759474321435 ], [ 45.103557741630958, -12.846718901018386 ], [ 45.103663856501797, -12.847039878882015 ], [ 45.103612331317258, -12.847245170981781 ], [ 45.103914666284574, -12.847370746567163 ], [ 45.104046439613299, -12.847334523156389 ], [ 45.104403003076541, -12.84710650286209 ], [ 45.104501569631374, -12.846999758513356 ], [ 45.104674692762231, -12.846669627037732 ], [ 45.104718925122164, -12.846659662314211 ], [ 45.104912513366237, -12.846788897220621 ], [ 45.104968767750684, -12.846878398550555 ], [ 45.105631585423509, -12.847336603182379 ], [ 45.105898804627024, -12.847232503265168 ], [ 45.10596332463831, -12.84725237141808 ], [ 45.106185513441993, -12.847453032015295 ], [ 45.106471395220041, -12.847896918135142 ], [ 45.106827204162705, -12.848067682696412 ], [ 45.107121208596531, -12.848101925596692 ], [ 45.107333215786831, -12.848194979943374 ], [ 45.107370148866728, -12.848357735376343 ], [ 45.107477020951528, -12.848279019233079 ], [ 45.107504630472455, -12.848188579858292 ], [ 45.107550698486001, -12.848160528291633 ], [ 45.107671431763102, -12.848169521622818 ], [ 45.107863992264441, -12.848043747575813 ], [ 45.107799395562729, -12.847844832338078 ], [ 45.107817777381257, -12.847727268293765 ], [ 45.108057369433546, -12.847672912969745 ], [ 45.108131073979159, -12.847618625786083 ], [ 45.108260364693002, -12.848242526221648 ], [ 45.108794958233119, -12.848396032996796 ], [ 45.110864110813054, -12.848764114059975 ], [ 45.110878884981275, -12.848829216025024 ], [ 45.110983992355671, -12.848931355327956 ], [ 45.11105227070211, -12.849113086856642 ], [ 45.111032047089296, -12.84923065188309 ], [ 45.111096603373717, -12.849330999719253 ], [ 45.111055278630801, -12.849666505283489 ], [ 45.111286627920123, -12.849726994125565 ], [ 45.111303257010988, -12.849818319409518 ], [ 45.111231515894993, -12.850145699355386 ], [ 45.111025141730217, -12.850294992985788 ], [ 45.110880519346487, -12.850454207467928 ], [ 45.110668603595322, -12.850577279024446 ], [ 45.11056086412988, -12.850779883243355 ], [ 45.110539788154881, -12.851056601939561 ], [ 45.110728812311052, -12.851271741030082 ], [ 45.110727062186157, -12.85148424766842 ], [ 45.110385165153417, -12.851531414228075 ], [ 45.110328051725801, -12.851592025024443 ], [ 45.110291255942037, -12.851749385278016 ], [ 45.110294053529906, -12.851824439376735 ], [ 45.110372423321586, -12.851899461713332 ], [ 45.110309805393044, -12.852017948764235 ], [ 45.11037628313877, -12.852296439180259 ], [ 45.110511898346395, -12.852611975970456 ], [ 45.110633629485022, -12.852790067922513 ], [ 45.11050288226712, -12.853069545613904 ], [ 45.110521378267237, -12.853215126957231 ], [ 45.11057855650688, -12.853301913785941 ], [ 45.108981391296595, -12.853297156057867 ], [ 45.107812939407708, -12.853670202072074 ], [ 45.107574519623583, -12.854326807411091 ], [ 45.105560334241154, -12.853266904269463 ], [ 45.105518935842724, -12.853445064158924 ], [ 45.105331903547473, -12.8535798770596 ], [ 45.105118844545601, -12.85318298335527 ], [ 45.104744627914144, -12.853086374934362 ], [ 45.104487489371451, -12.8530683918032 ], [ 45.104265391321334, -12.853096512808877 ], [ 45.10346460963067, -12.853349123914281 ], [ 45.102792639965578, -12.853078103760689 ], [ 45.102527193431008, -12.853026663581748 ], [ 45.102470029004721, -12.852967003387164 ], [ 45.102395373683777, -12.852956181152168 ], [ 45.101889418355888, -12.852986219280961 ], [ 45.101340965556481, -12.852759457162895 ], [ 45.101125258652011, -12.852637462467897 ], [ 45.101017379434239, -12.852511808999761 ], [ 45.100917752605774, -12.852280351480447 ], [ 45.100910317593801, -12.852124818070296 ], [ 45.101006898347819, -12.851652746429384 ], [ 45.101164497912038, -12.851662632833747 ], [ 45.10153553105949, -12.850725654808308 ], [ 45.102084483056295, -12.849917014965358 ], [ 45.101879842229593, -12.849806772196629 ], [ 45.101693692602282, -12.849843015590944 ], [ 45.101451344243159, -12.849927207455101 ], [ 45.101268010721803, -12.85009185732952 ], [ 45.101041346997171, -12.850220352523769 ], [ 45.100875475171136, -12.850263821781521 ], [ 45.100746418900165, -12.850185198906987 ], [ 45.100786000016406, -12.850064914373153 ], [ 45.100762951219949, -12.850043220480909 ], [ 45.100563862795362, -12.849989039962429 ], [ 45.100456964458068, -12.850008975061325 ], [ 45.100276304645689, -12.849945744464526 ], [ 45.100121447002287, -12.849875269658314 ], [ 45.100000669508326, -12.849755950618016 ], [ 45.100341574590487, -12.849532463197372 ], [ 45.100886894508356, -12.848856756451202 ], [ 45.10103891645489, -12.848750897138318 ], [ 45.101315375739595, -12.848698342325426 ], [ 45.101439721821428, -12.848523768112157 ], [ 45.101481112158133, -12.848320288922759 ], [ 45.101473668224216, -12.848143052745366 ], [ 45.101287359995219, -12.847780508027904 ], [ 45.101067137961863, -12.84788006377808 ], [ 45.100986098033111, -12.848032014149764 ], [ 45.100717996114795, -12.848241006006425 ], [ 45.100476461661785, -12.848051199542732 ], [ 45.100894527076555, -12.847198302317453 ], [ 45.101514447794486, -12.846418573207984 ], [ 45.101295972046806, -12.846273068320277 ] ] ] ] } },
{ "type": "Feature", "properties": { "code_iris": "976100101", "nom_iris": "Tanaraki" }, "geometry": { "type": "MultiPolygon", "coordinates": [ [ [ [ 45.20229836534282, -12.730283132056162 ], [ 45.202798643063865, -12.730388550832156 ], [ 45.203186477538139, -12.730417190711076 ], [ 45.203922329888748, -12.730215873899645 ], [ 45.204229400361157, -12.730618044134822 ], [ 45.204909520039848, -12.730988275652562 ], [ 45.20528169646132, -12.731017828844411 ], [ 45.205623344686742, -12.730886442501834 ], [ 45.205718405120798, -12.731109727052356 ], [ 45.205644082549604, -12.731472403010844 ], [ 45.205786507995001, -12.732173113132452 ], [ 45.206176244051605, -12.732271377036581 ], [ 45.206454590739355, -12.732459251416754 ], [ 45.206666501170446, -12.732508821786269 ], [ 45.206765980716717, -12.732499701285231 ], [ 45.207033752045461, -12.732141395319601 ], [ 45.207084514909894, -12.732262529785807 ], [ 45.20692526328552, -12.732400105550388 ], [ 45.206964997723212, -12.732552898620009 ], [ 45.206839845469204, -12.732710341945312 ], [ 45.206701348605201, -12.733451963546623 ], [ 45.206440563006467, -12.733338227114212 ], [ 45.206241000710378, -12.733750736442218 ], [ 45.20599814885189, -12.734171417860455 ], [ 45.205918984955552, -12.734242917925778 ], [ 45.205922773310434, -12.734371323402033 ], [ 45.205852033476198, -12.734608300987485 ], [ 45.205490615471348, -12.735361850833039 ], [ 45.205366387955188, -12.735526527021065 ], [ 45.20533890886086, -12.735720969524603 ], [ 45.20516414668429, -12.736048456032975 ], [ 45.205149480398205, -12.736138895856357 ], [ 45.20496984947404, -12.736139939273871 ], [ 45.204864871079955, -12.736186139042589 ], [ 45.204782051977297, -12.736295621551994 ], [ 45.204679086357068, -12.73655432656809 ], [ 45.204204913363498, -12.736854010942411 ], [ 45.203960994512151, -12.73710016438627 ], [ 45.203772223934756, -12.737192546785229 ], [ 45.203646007659309, -12.73717636678697 ], [ 45.203578719525026, -12.737124874319283 ], [ 45.203492869092386, -12.736899773458491 ], [ 45.203549594742825, -12.736413224719703 ], [ 45.203649671574148, -12.735996272530905 ], [ 45.203836385811336, -12.735637127827964 ], [ 45.203918906618185, -12.735154176255849 ], [ 45.203883769370506, -12.734988719212339 ], [ 45.203795227375558, -12.73485314466876 ], [ 45.203622875873087, -12.734740241677958 ], [ 45.203481908192543, -12.73470689151446 ], [ 45.203425721083974, -12.734713264682133 ], [ 45.203366839616791, -12.734806451244861 ], [ 45.203269616367912, -12.735336436765103 ], [ 45.203082991516709, -12.735808616605215 ], [ 45.20267348791544, -12.7363433626681 ], [ 45.20240827880059, -12.736461122576621 ], [ 45.20224339165577, -12.736468482867712 ], [ 45.202157675906086, -12.736411578397773 ], [ 45.202076401395608, -12.736146685021636 ], [ 45.201995403179552, -12.735067030809715 ], [ 45.201920661300115, -12.734907933691975 ], [ 45.201799951906168, -12.734864620048123 ], [ 45.201822672491765, -12.734473951675239 ], [ 45.202101614474891, -12.734251284835924 ], [ 45.202239627538773, -12.734044098224816 ], [ 45.202113366351902, -12.733969138985394 ], [ 45.202012722166344, -12.733671706056448 ], [ 45.201819104309678, -12.733456633884925 ], [ 45.201763394599674, -12.732901445376843 ], [ 45.201850431427857, -12.732300933814878 ], [ 45.201830942303495, -12.732118283095639 ], [ 45.201896833281829, -12.731570236136818 ], [ 45.202011862350147, -12.731421845670551 ], [ 45.202103777523931, -12.731166767155781 ], [ 45.20219396265145, -12.73105366268547 ], [ 45.202209445577125, -12.730830292448996 ], [ 45.202269228395707, -12.730712689736878 ], [ 45.20229836534282, -12.730283132056162 ] ] ] ] } },
{ "type": "Feature", "properties": { "code_iris": "976050102", "nom_iris": "Chiconi Sud-Départementale 7" }, "geometry": { "type": "MultiPolygon", "coordinates": [ [ [ [ 45.121923662926726, -12.839917156219812 ], [ 45.121895954883158, -12.839790569750459 ], [ 45.12171248895126, -12.839636927044362 ], [ 45.121292236983685, -12.839600950136369 ], [ 45.120833252973156, -12.839509829231579 ], [ 45.12029230835023, -12.839541727267443 ], [ 45.119791799919867, -12.839335779860111 ], [ 45.119284997810396, -12.839461705477353 ], [ 45.118726458850446, -12.839313656354227 ], [ 45.118468344129582, -12.839151002265908 ], [ 45.117534796586305, -12.83914780437156 ], [ 45.115850928227054, -12.838781414022385 ], [ 45.115580843396799, -12.838635943690678 ], [ 45.115017531185835, -12.838115324885425 ], [ 45.114230500628004, -12.838078592645733 ], [ 45.113942933867293, -12.837991002208296 ], [ 45.113121532365632, -12.837342083101372 ], [ 45.11266067511761, -12.837167754771222 ], [ 45.112513959954896, -12.836746422507685 ], [ 45.112093662295734, -12.836593778550213 ], [ 45.111980322464227, -12.836620051027047 ], [ 45.111969144152617, -12.83634967564659 ], [ 45.112061243641882, -12.836223036993864 ], [ 45.112309995277116, -12.836069202971942 ], [ 45.112181760509714, -12.835756376356358 ], [ 45.112441493509735, -12.835429819761062 ], [ 45.112625767316409, -12.835347451250815 ], [ 45.11264226549681, -12.835145789410648 ], [ 45.112762061901634, -12.835133982385093 ], [ 45.112859686632092, -12.835000106825166 ], [ 45.112908534459692, -12.835012745787472 ], [ 45.113044753098265, -12.834630176164017 ], [ 45.113023465800083, -12.83442491341315 ], [ 45.112898872017873, -12.834010806009054 ], [ 45.112973399868878, -12.833747628053761 ], [ 45.113111554988507, -12.833575755143277 ], [ 45.113251590233226, -12.833487075255487 ], [ 45.113881858276024, -12.833333979383454 ], [ 45.113918807555038, -12.833528383911476 ], [ 45.114712059585841, -12.833090366680233 ], [ 45.115219814023249, -12.833054877644852 ], [ 45.115491596298448, -12.832894700549115 ], [ 45.115982719776802, -12.832766076349563 ], [ 45.117200940089276, -12.832638936653778 ], [ 45.118802644239032, -12.83277566849654 ], [ 45.119018337425587, -12.832886797553716 ], [ 45.119404604138943, -12.833184130985973 ], [ 45.119652548559891, -12.833288010611849 ], [ 45.120362143100543, -12.833299442332292 ], [ 45.120728093589257, -12.833503642113181 ], [ 45.121046996108298, -12.833603870690691 ], [ 45.121468153981269, -12.833628092016124 ], [ 45.121972206998933, -12.833560941802681 ], [ 45.122381300843749, -12.833411545249964 ], [ 45.122598716571851, -12.833269471776006 ], [ 45.123059213774098, -12.832704080780736 ], [ 45.123530817265021, -12.832240867548681 ], [ 45.123722341165269, -12.831920661880613 ], [ 45.123998468009319, -12.831236895055293 ], [ 45.124132007443322, -12.831066827133768 ], [ 45.124380751931113, -12.830923833112411 ], [ 45.125236732546298, -12.830669323706699 ], [ 45.125841144027362, -12.830437539082002 ], [ 45.121923662926726, -12.839917156219812 ] ] ] ] } },
{ "type": "Feature", "properties": { "code_iris": "976100102", "nom_iris": "Dispensaire Dagoni" }, "geometry": { "type": "MultiPolygon", "coordinates": [ [ [ [ 45.206701348605201, -12.733451963546623 ], [ 45.206714365237957, -12.733600256072663 ], [ 45.206504586778316, -12.733909685111968 ], [ 45.206456871271619, -12.734139410622827 ], [ 45.206635762663879, -12.734364437951973 ], [ 45.207431078202845, -12.734777074140821 ], [ 45.207986586124861, -12.734819139730241 ], [ 45.208898893417185, -12.735228966660724 ], [ 45.209049980260794, -12.735244220245898 ], [ 45.209255330234491, -12.735153629585087 ], [ 45.209468549036735, -12.734549398975565 ], [ 45.209760417263098, -12.734371023877181 ], [ 45.20991611996341, -12.734398933301406 ], [ 45.210025978739594, -12.734688217202796 ], [ 45.209700279266237, -12.735174076091717 ], [ 45.209852448702129, -12.735385558074798 ], [ 45.21014272474379, -12.735510119083148 ], [ 45.2100663892084, -12.735659386580368 ], [ 45.209700212091121, -12.736213098890827 ], [ 45.209430918625287, -12.735839842613242 ], [ 45.209294546655556, -12.735795640519227 ], [ 45.209166512115694, -12.735808401684292 ], [ 45.209102057964195, -12.735843719689411 ], [ 45.20900269055695, -12.735991196507687 ], [ 45.208859297766843, -12.736372917678443 ], [ 45.208765431251294, -12.73648874011419 ], [ 45.207790191110078, -12.736856646829018 ], [ 45.207218245724128, -12.736997259218402 ], [ 45.206853492242246, -12.737044567268914 ], [ 45.206474853411514, -12.737008691479502 ], [ 45.206129317635323, -12.736898638046705 ], [ 45.205408073408464, -12.736958881426251 ], [ 45.205103135227446, -12.736929276466247 ], [ 45.204983280149641, -12.736804578031377 ], [ 45.204969365661945, -12.736684318960059 ], [ 45.205149480398205, -12.736138895856357 ], [ 45.20516414668429, -12.736048456032975 ], [ 45.20533890886086, -12.735720969524603 ], [ 45.205366387955188, -12.735526527021065 ], [ 45.205490615471348, -12.735361850833039 ], [ 45.205852033476198, -12.734608300987485 ], [ 45.205922773310434, -12.734371323402033 ], [ 45.205918984955552, -12.734242917925778 ], [ 45.20599814885189, -12.734171417860455 ], [ 45.206241000710378, -12.733750736442218 ], [ 45.206440563006467, -12.733338227114212 ], [ 45.206701348605201, -12.733451963546623 ] ] ] ] } },
{ "type": "Feature", "properties": { "code_iris": "976160102", "nom_iris": "Mandrajou-Gendarmerie" }, "geometry": { "type": "MultiPolygon", "coordinates": [ [ [ [ 45.10634011850378, -12.844731083920642 ], [ 45.107344331947225, -12.843987356456161 ], [ 45.107697267992727, -12.843915773788574 ], [ 45.108245502781877, -12.843665062599442 ], [ 45.108593881067378, -12.843711941421882 ], [ 45.109380150825146, -12.844081466116137 ], [ 45.109579201551973, -12.844055159006025 ], [ 45.109598599875021, -12.844159143223024 ], [ 45.109732203270411, -12.844098500619975 ], [ 45.110205048656397, -12.844265594635583 ], [ 45.110763497506603, -12.844193921548609 ], [ 45.111218814538915, -12.844317615639264 ], [ 45.111602141035846, -12.844198087974689 ], [ 45.111544278667317, -12.84464573158893 ], [ 45.111405110456488, -12.844625896473021 ], [ 45.111157444783288, -12.845173995601227 ], [ 45.111206473449826, -12.845593561150004 ], [ 45.111295912974484, -12.845696611276923 ], [ 45.111254557220228, -12.845959774509115 ], [ 45.111352314309876, -12.846115269374096 ], [ 45.111715481528393, -12.846251661541068 ], [ 45.11162248181369, -12.846435270075474 ], [ 45.111490734391516, -12.846526658392593 ], [ 45.111724888434182, -12.846683903731362 ], [ 45.111742490620053, -12.846891880806631 ], [ 45.11143578716046, -12.847317023056224 ], [ 45.111219278651845, -12.84746812971399 ], [ 45.111173406411723, -12.847940183645525 ], [ 45.111295160814954, -12.84817524503794 ], [ 45.111298894184465, -12.8482819485696 ], [ 45.111246398057403, -12.848361547509286 ], [ 45.111075949069587, -12.848468324777345 ], [ 45.110864110813054, -12.848764114059975 ], [ 45.108794958233119, -12.848396032996796 ], [ 45.108260364693002, -12.848242526221648 ], [ 45.108131073979159, -12.847618625786083 ], [ 45.108057369433546, -12.847672912969745 ], [ 45.107817777381257, -12.847727268293765 ], [ 45.107799395562729, -12.847844832338078 ], [ 45.107863992264441, -12.848043747575813 ], [ 45.107671431763102, -12.848169521622818 ], [ 45.107550698486001, -12.848160528291633 ], [ 45.107504630472455, -12.848188579858292 ], [ 45.107477020951528, -12.848279019233079 ], [ 45.107370148866728, -12.848357735376343 ], [ 45.107333215786831, -12.848194979943374 ], [ 45.107121208596531, -12.848101925596692 ], [ 45.106827204162705, -12.848067682696412 ], [ 45.106471395220041, -12.847896918135142 ], [ 45.106185513441993, -12.847453032015295 ], [ 45.10596332463831, -12.84725237141808 ], [ 45.105898804627024, -12.847232503265168 ], [ 45.105631585423509, -12.847336603182379 ], [ 45.104968767750684, -12.846878398550555 ], [ 45.104912513366237, -12.846788897220621 ], [ 45.104718925122164, -12.846659662314211 ], [ 45.104674692762231, -12.846669627037732 ], [ 45.104501569631374, -12.846999758513356 ], [ 45.104403003076541, -12.84710650286209 ], [ 45.104046439613299, -12.847334523156389 ], [ 45.103914666284574, -12.847370746567163 ], [ 45.103612331317258, -12.847245170981781 ], [ 45.103663856501797, -12.847039878882015 ], [ 45.103557741630958, -12.846718901018386 ], [ 45.103518641912899, -12.845759474321435 ], [ 45.103442091862519, -12.845617532363075 ], [ 45.103084426283822, -12.845399741256331 ], [ 45.102971024472303, -12.845285846327748 ], [ 45.10293773391863, -12.845007340809767 ], [ 45.102975462660169, -12.84486897101614 ], [ 45.103044542613326, -12.844773090129534 ], [ 45.103167088526845, -12.844711550911159 ], [ 45.103297955987863, -12.844716925163537 ], [ 45.103780036140115, -12.844937379710982 ], [ 45.105143188539735, -12.84523796314722 ], [ 45.105567976094726, -12.84508316070548 ], [ 45.10647665489909, -12.845067421134697 ], [ 45.10634011850378, -12.844731083920642 ] ] ] ] } },
{ "type": "Feature", "properties": { "code_iris": "976110102", "nom_iris": "M'gombani-ZUS" }, "geometry": { "type": "MultiPolygon", "coordinates": [ [ [ [ 45.234764139506822, -12.781451344050875 ], [ 45.235085888878885, -12.781665371917931 ], [ 45.235122849144098, -12.78178018252375 ], [ 45.235355956858101, -12.781786304663802 ], [ 45.235443387220592, -12.781680425928682 ], [ 45.235573275895653, -12.781656798724971 ], [ 45.235862282140054, -12.781335521224275 ], [ 45.236018989649033, -12.781419479126132 ], [ 45.236280616855318, -12.78138036095527 ], [ 45.236448193143204, -12.781262654478692 ], [ 45.236954916670456, -12.781242305782925 ], [ 45.236980783577486, -12.781316433492467 ], [ 45.237466372718153, -12.781356689533563 ], [ 45.23780835074286, -12.781524577577953 ], [ 45.238283335177002, -12.782045918425053 ], [ 45.238188713880312, -12.782342607568374 ], [ 45.238274894803858, -12.782870629027201 ], [ 45.238099365854559, -12.783350959927722 ], [ 45.238192489835015, -12.783422313953539 ], [ 45.237964387035738, -12.78384300976666 ], [ 45.237970025265966, -12.783960561016436 ], [ 45.238087085290559, -12.784011095053181 ], [ 45.237962877089906, -12.78419839297022 ], [ 45.238027596728607, -12.784437968645422 ], [ 45.237880547249731, -12.784831462844849 ], [ 45.237782795714331, -12.784738410187833 ], [ 45.237683317402045, -12.784769245335195 ], [ 45.237679879773765, -12.785034202311797 ], [ 45.237208646797193, -12.785575385572951 ], [ 45.237082516843763, -12.785679491097351 ], [ 45.236944309531708, -12.785676902437135 ], [ 45.236278712406644, -12.786268898224431 ], [ 45.236103662682545, -12.786279906319669 ], [ 45.235945021216246, -12.7861010009347 ], [ 45.235419796877942, -12.786052639115375 ], [ 45.235391786442001, -12.785653876843154 ], [ 45.235185249974442, -12.785491290743918 ], [ 45.235528434525818, -12.784968310970969 ], [ 45.235581937278297, -12.785036988444691 ], [ 45.235735746173077, -12.784973551475741 ], [ 45.235700464310916, -12.784682404978454 ], [ 45.235653337339507, -12.784534145226727 ], [ 45.235062248816462, -12.78399843472843 ], [ 45.23468847952627, -12.783328696219261 ], [ 45.234404644065798, -12.783266553242386 ], [ 45.234014970151904, -12.783332007302729 ], [ 45.23152802548254, -12.784123637780972 ], [ 45.230234341035704, -12.784019873469635 ], [ 45.230129222511081, -12.783927728628653 ], [ 45.229866699719679, -12.783999395610008 ], [ 45.229393391062267, -12.784299124251437 ], [ 45.229256831441788, -12.784079502918836 ], [ 45.22930107814269, -12.783082043590563 ], [ 45.229345168602734, -12.782932799057042 ], [ 45.229509918982515, -12.782741852701838 ], [ 45.229987828945951, -12.782439407014259 ], [ 45.230047608912912, -12.7823199899308 ], [ 45.230047319178787, -12.781999875033057 ], [ 45.23018540492069, -12.781870442553595 ], [ 45.230435213425025, -12.782004962242899 ], [ 45.230569761215563, -12.782038303067699 ], [ 45.231234827934969, -12.781873142107155 ], [ 45.23152948258668, -12.781677559238608 ], [ 45.231946512994249, -12.781302821058246 ], [ 45.232555206606619, -12.780954137508511 ], [ 45.232649063307242, -12.780822029893878 ], [ 45.232680237661071, -12.780656519162106 ], [ 45.233123637079132, -12.780908421946201 ], [ 45.233859333805363, -12.781408742060751 ], [ 45.234217091717824, -12.781705932834239 ], [ 45.234291874518391, -12.781872253938978 ], [ 45.234374858699312, -12.781940001230829 ], [ 45.234467035590782, -12.781985133331013 ], [ 45.234549948925086, -12.781976016842904 ], [ 45.234725097654916, -12.782075331873362 ], [ 45.23501614882435, -12.781971080620963 ], [ 45.234886939779834, -12.78173337007909 ], [ 45.234732929682202, -12.781577066716302 ], [ 45.234764139506822, -12.781451344050875 ] ] ] ] } },
{ "type": "Feature", "properties": { "code_iris": "976130102", "nom_iris": "Mtsangamouji-Fangalatorou" }, "geometry": { "type": "MultiPolygon", "coordinates": [ [ [ [ 45.082177096845733, -12.73383548434885 ], [ 45.095116452401982, -12.732429504712147 ], [ 45.098349701507821, -12.736975087439113 ], [ 45.100600509575898, -12.740140155427738 ], [ 45.11513781397872, -12.749761276270641 ], [ 45.125766658995708, -12.754475908349232 ], [ 45.121156838212642, -12.75867575944185 ], [ 45.114184071747481, -12.765625592132428 ], [ 45.102327003080589, -12.777200791993558 ], [ 45.101692356491647, -12.777594401559107 ], [ 45.101804616161772, -12.777234452562372 ], [ 45.10173041867229, -12.7760091739242 ], [ 45.101553132037907, -12.775032613447507 ], [ 45.101345587772173, -12.774419587343333 ], [ 45.101382260775452, -12.773967430280758 ], [ 45.101820646245734, -12.773549481453044 ], [ 45.10235681712556, -12.773445281247055 ], [ 45.102858039301239, -12.773494822188461 ], [ 45.103264280842183, -12.773337317855589 ], [ 45.103368212181188, -12.772897794196838 ], [ 45.10336150568633, -12.772264796605469 ], [ 45.10301103674999, -12.771360647477312 ], [ 45.102911338873255, -12.770877797553647 ], [ 45.102681797833554, -12.770548726741051 ], [ 45.102631019253259, -12.770285599198607 ], [ 45.102274259532528, -12.76976215587786 ], [ 45.101965528380056, -12.769535299404893 ], [ 45.102213244285664, -12.769243119183999 ], [ 45.102200112729939, -12.768662572459986 ], [ 45.101983459540058, -12.768300037382225 ], [ 45.101932694101954, -12.768066751097509 ], [ 45.102154565572199, -12.767658832223992 ], [ 45.102195789034013, -12.767072838683845 ], [ 45.102303580541296, -12.767070084099602 ], [ 45.102431692789132, -12.76719663455032 ], [ 45.102578994374909, -12.766930717180493 ], [ 45.102707036980391, -12.766884548818537 ], [ 45.102451808589265, -12.766816826449102 ], [ 45.102468245679781, -12.766453296919266 ], [ 45.102306183772086, -12.766670388484268 ], [ 45.102101685025879, -12.766746427668307 ], [ 45.101979060400446, -12.766518594847302 ], [ 45.101840842263876, -12.766461678121978 ], [ 45.101833416847803, -12.766324229438679 ], [ 45.101702592026385, -12.766324279838289 ], [ 45.101646364459683, -12.766253767132923 ], [ 45.101880382592981, -12.766272666999537 ], [ 45.101922736380949, -12.766207542034021 ], [ 45.101897823958005, -12.766114410135211 ], [ 45.101725561311284, -12.766166020856863 ], [ 45.101721778881874, -12.765922769241445 ], [ 45.1015550957299, -12.766103690675482 ], [ 45.100856489577872, -12.765447446281398 ], [ 45.100220649100336, -12.765080547899814 ], [ 45.099767306057323, -12.764915235033969 ], [ 45.099436553540819, -12.76489727399685 ], [ 45.098839556238318, -12.764904732313475 ], [ 45.098608428179716, -12.765207754712634 ], [ 45.097713068538653, -12.76557703634805 ], [ 45.097589742424553, -12.765910763703276 ], [ 45.097202072256508, -12.76642725428888 ], [ 45.097152412735703, -12.766665099930833 ], [ 45.096855825467443, -12.766855109026501 ], [ 45.096769224646451, -12.766859662198609 ], [ 45.096652168598489, -12.766726774926195 ], [ 45.096570072419276, -12.766462753263527 ], [ 45.096343448165506, -12.76650533748469 ], [ 45.095797929255212, -12.766218877016298 ], [ 45.094480495498694, -12.766292598709185 ], [ 45.0944253717389, -12.766708590282724 ], [ 45.094749018829049, -12.767432807971629 ], [ 45.094678249201408, -12.767892210927707 ], [ 45.094611018975144, -12.767960056509576 ], [ 45.094712431819104, -12.768145398906849 ], [ 45.094789845300511, -12.768208671193921 ], [ 45.094923405358145, -12.768129046013263 ], [ 45.094913201821477, -12.767943670938484 ], [ 45.095018158291538, -12.767749211593491 ], [ 45.095229167014011, -12.767827808533061 ], [ 45.095363647701525, -12.767747278511296 ], [ 45.095424485832069, -12.767832259474964 ], [ 45.0949659195226, -12.76848803248118 ], [ 45.095083926559404, -12.76870049735308 ], [ 45.095004846146992, -12.76910835901424 ], [ 45.095067582185358, -12.769340738059665 ], [ 45.09496910062704, -12.769605729418981 ], [ 45.094883685218235, -12.770321050672832 ], [ 45.09416064609627, -12.770845795568061 ], [ 45.093746970582792, -12.770835995596011 ], [ 45.092999834142788, -12.77098004130757 ], [ 45.092651678442465, -12.771262301041501 ], [ 45.09228781063581, -12.771409827137939 ], [ 45.092106304001192, -12.771391804782205 ], [ 45.091856566480431, -12.771226407362674 ], [ 45.091709960287744, -12.770903628069787 ], [ 45.091647211929889, -12.770629651064503 ], [ 45.091689533216567, -12.770465056240372 ], [ 45.091910543081696, -12.770171086314802 ], [ 45.091670828297822, -12.769691897793349 ], [ 45.088574309607694, -12.767097651735229 ], [ 45.088390078817213, -12.767184524975509 ], [ 45.08799390952111, -12.767161145790183 ], [ 45.087699828751873, -12.766625905813649 ], [ 45.087717254653207, -12.766397115464112 ], [ 45.08746284472074, -12.766017399347842 ], [ 45.087975065160002, -12.765951216323188 ], [ 45.088896125679867, -12.7652636499789 ], [ 45.088785386955628, -12.764739200820845 ], [ 45.088840645788032, -12.764684925030126 ], [ 45.088886656902169, -12.764531180778183 ], [ 45.088462826437507, -12.764431851468148 ], [ 45.088158742688535, -12.764269181458884 ], [ 45.088177052673046, -12.763934589170752 ], [ 45.088094026744386, -12.763618116419641 ], [ 45.088637488336538, -12.763328562822004 ], [ 45.088407039948507, -12.762966925218095 ], [ 45.088489708020759, -12.762253415053596 ], [ 45.088305051933567, -12.761104127884597 ], [ 45.088467075205351, -12.760751401695064 ], [ 45.088434702826603, -12.760384271925599 ], [ 45.088468722335712, -12.76018893449978 ], [ 45.088440139421877, -12.760122026811274 ], [ 45.088488932350629, -12.760021634595541 ], [ 45.088446500113264, -12.759867919967718 ], [ 45.088364468664459, -12.75975943293677 ], [ 45.088137791354441, -12.759635621272174 ], [ 45.08811289995861, -12.759586798059026 ], [ 45.088124833378785, -12.759462002435514 ], [ 45.088213221471072, -12.759304626961148 ], [ 45.088401107256722, -12.759147218195881 ], [ 45.088372474267892, -12.758935624540975 ], [ 45.08822403555304, -12.758608322117045 ], [ 45.08821660427612, -12.758431988564617 ], [ 45.087788185663186, -12.758355266777473 ], [ 45.087272185955747, -12.758102237184406 ], [ 45.087244696493691, -12.758536304202893 ], [ 45.087180298965784, -12.758803994509879 ], [ 45.086681010534967, -12.758928950379724 ], [ 45.086378908341239, -12.759153312546484 ], [ 45.086026961044006, -12.759094648656822 ], [ 45.085880487948664, -12.759123633486489 ], [ 45.085739555263636, -12.759190596506867 ], [ 45.085559972647992, -12.75938778934532 ], [ 45.085590317034793, -12.759215964923595 ], [ 45.085731209891364, -12.759030540351 ], [ 45.08576892980355, -12.758874990685454 ], [ 45.085724626715283, -12.758631751751441 ], [ 45.085585511279895, -12.758622753960172 ], [ 45.085232685688723, -12.758689785238674 ], [ 45.085077993468609, -12.758934896961259 ], [ 45.084978519882107, -12.75900727195312 ], [ 45.084464473932478, -12.759085205443027 ], [ 45.084454380686466, -12.759208191752865 ], [ 45.084545669302024, -12.75945593730674 ], [ 45.084557716773141, -12.759669345268508 ], [ 45.084453745534617, -12.760070882090043 ], [ 45.084355470930163, -12.760983339355498 ], [ 45.083725436976323, -12.761358818928562 ], [ 45.083091650792149, -12.761534450698637 ], [ 45.082419212773175, -12.761843023235155 ], [ 45.082270024955946, -12.762030257183254 ], [ 45.081938551280686, -12.762619051156602 ], [ 45.081687147998593, -12.762957332407074 ], [ 45.081289944132692, -12.762556855673163 ], [ 45.081319184173964, -12.761801766827389 ], [ 45.081467435361091, -12.761564797897881 ], [ 45.081368792854221, -12.761361363649234 ], [ 45.081619319808105, -12.761166864620744 ], [ 45.081593414909399, -12.760826860588333 ], [ 45.081539942894622, -12.760709319738714 ], [ 45.081413712835662, -12.760664144288963 ], [ 45.081310449593083, -12.76041459277037 ], [ 45.08124778403802, -12.760356737651666 ], [ 45.080959417492373, -12.760338740399661 ], [ 45.080848894276677, -12.760434628696032 ], [ 45.080242748514138, -12.760615670910887 ], [ 45.079994974374578, -12.760776709179597 ], [ 45.079839327049257, -12.76093410224958 ], [ 45.079728862052342, -12.761218081827906 ], [ 45.079572258529041, -12.761265151971047 ], [ 45.07932811690798, -12.761260703935291 ], [ 45.079089442602125, -12.761061832255644 ], [ 45.078522768435626, -12.760786193589484 ], [ 45.079065053999287, -12.759660194062722 ], [ 45.079554980943712, -12.759042418699869 ], [ 45.079710429160208, -12.758252024574338 ], [ 45.079887185624827, -12.757844137523898 ], [ 45.079519533379781, -12.757636262238577 ], [ 45.078888228786781, -12.756880466943562 ], [ 45.078261639856471, -12.756468298009505 ], [ 45.078161149936051, -12.756234117224622 ], [ 45.077893957731511, -12.756151905905721 ], [ 45.077297893827598, -12.756134899397034 ], [ 45.076970789715347, -12.75595323300071 ], [ 45.077142032654812, -12.755582425103716 ], [ 45.07716225689196, -12.75543863744433 ], [ 45.077106937326661, -12.755293967537664 ], [ 45.076900513698796, -12.755092371480215 ], [ 45.076801873278647, -12.754875371075391 ], [ 45.076766816861841, -12.754714418021454 ], [ 45.076787060053185, -12.754633026236792 ], [ 45.076842318188469, -12.754575135759962 ], [ 45.077067074908364, -12.754473790102164 ], [ 45.077418987441725, -12.754445654366917 ], [ 45.077618853846367, -12.754291866832462 ], [ 45.077908046920477, -12.754023208281687 ], [ 45.07797434176662, -12.753906535603665 ], [ 45.077989008521918, -12.753666894988843 ], [ 45.078166721659208, -12.753375661808379 ], [ 45.078344481386885, -12.753237253148841 ], [ 45.078501997010761, -12.753175714853363 ], [ 45.078574791621413, -12.750238565762576 ], [ 45.077507050606926, -12.750175580660306 ], [ 45.077214656312641, -12.748987431511599 ], [ 45.076212630049419, -12.74685088883691 ], [ 45.076127392518515, -12.745229524192437 ], [ 45.083663731728244, -12.744589725062786 ], [ 45.086570123658895, -12.744388942352025 ], [ 45.086424469632355, -12.74409147909733 ], [ 45.086241088424394, -12.743919724139225 ], [ 45.086007048581656, -12.743772401308354 ], [ 45.085815415255361, -12.743714589070319 ], [ 45.085690096179306, -12.743616062246694 ], [ 45.085422799420371, -12.743189324530412 ], [ 45.085330302039822, -12.742067132352631 ], [ 45.085230720526674, -12.741796782168954 ], [ 45.085247143358401, -12.741321121091721 ], [ 45.085154961808335, -12.741140293050019 ], [ 45.084704378229873, -12.740804946569174 ], [ 45.084168998390908, -12.740329461542222 ], [ 45.084018782199394, -12.740149555822727 ], [ 45.083901767145761, -12.740083579868092 ], [ 45.083601437610049, -12.740034843312943 ], [ 45.083115960943772, -12.740033187636437 ], [ 45.083133429094353, -12.739926476081145 ], [ 45.083257749179822, -12.739795315138004 ], [ 45.083583789167093, -12.739590843123631 ], [ 45.083625143786989, -12.73928698904159 ], [ 45.083457329859783, -12.738814098976441 ], [ 45.083930753883237, -12.738588781375789 ], [ 45.082346466598374, -12.736292385143162 ], [ 45.083376954059972, -12.735288301821971 ], [ 45.082456454531538, -12.734574201722952 ], [ 45.082177096845733, -12.73383548434885 ] ] ] ] } },
{ "type": "Feature", "properties": { "code_iris": "976150102", "nom_iris": "Pamandzi-Cayenne" }, "geometry": { "type": "MultiPolygon", "coordinates": [ [ [ [ 45.277772833969621, -12.789973980322836 ], [ 45.278238863930504, -12.789802580766557 ], [ 45.279087430413291, -12.789781790003776 ], [ 45.279299237755367, -12.789682095353839 ], [ 45.279428021590199, -12.78949206087626 ], [ 45.279547342698507, -12.789075967255 ], [ 45.279898466061105, -12.789147936945742 ], [ 45.279903161613852, -12.789228412564043 ], [ 45.280914990270382, -12.789371116648852 ], [ 45.280896845183833, -12.788793303380338 ], [ 45.281630169081865, -12.788712040708822 ], [ 45.282127468432492, -12.788493578599622 ], [ 45.282210423063667, -12.788521522412625 ], [ 45.282808162075092, -12.788312898579958 ], [ 45.282887983052674, -12.78883638892874 ], [ 45.283058151547877, -12.789406804630548 ], [ 45.283113978315811, -12.789895053834504 ], [ 45.282036264236091, -12.790163874412023 ], [ 45.281905973502695, -12.79065503570593 ], [ 45.281730876200946, -12.790623573171183 ], [ 45.280980888965871, -12.790638841809615 ], [ 45.280980235682094, -12.790881188538819 ], [ 45.281217430051804, -12.791241741890627 ], [ 45.281398115130244, -12.791326551088973 ], [ 45.281523426149469, -12.791329130156932 ], [ 45.281723441367788, -12.791396737242776 ], [ 45.282259585576341, -12.79130573625385 ], [ 45.282686496174577, -12.792412112801321 ], [ 45.282656182015373, -12.792494434418089 ], [ 45.282255530605674, -12.79263140931385 ], [ 45.283609038918215, -12.796746220240397 ], [ 45.283673147150445, -12.79722180023224 ], [ 45.283597197947181, -12.798518613134842 ], [ 45.283346438596752, -12.798396805657035 ], [ 45.28322190726881, -12.798270340935975 ], [ 45.283059774840737, -12.798302164767254 ], [ 45.282674566025015, -12.798248321678148 ], [ 45.282280036695504, -12.798098634787076 ], [ 45.281686468975678, -12.797935595966287 ], [ 45.281290041761416, -12.797735270155302 ], [ 45.281189717612897, -12.797002009555124 ], [ 45.280756689169053, -12.797030503722878 ], [ 45.279759010760337, -12.797214228292967 ], [ 45.279571961775055, -12.797210809662321 ], [ 45.279240890292911, -12.796949824883777 ], [ 45.278993926453978, -12.796924766685411 ], [ 45.278813043466734, -12.796662718053883 ], [ 45.280677613077124, -12.796346051117496 ], [ 45.281182533648582, -12.796339183039505 ], [ 45.281520367752115, -12.795219328916939 ], [ 45.281559765187907, -12.795018537588447 ], [ 45.281552949420373, -12.794688484156326 ], [ 45.280967341368843, -12.793384238661609 ], [ 45.280604101887889, -12.793192918989345 ], [ 45.279933973746516, -12.792941338323034 ], [ 45.280081686978882, -12.792369678901686 ], [ 45.280192929296341, -12.792147108763663 ], [ 45.280099377680557, -12.79170139998384 ], [ 45.279922386254995, -12.791623820183462 ], [ 45.277772833969621, -12.789973980322836 ] ] ] ] } },
{ "type": "Feature", "properties": { "code_iris": "976100103", "nom_iris": "Carreau Boina Krissone" }, "geometry": { "type": "MultiPolygon", "coordinates": [ [ [ [ 45.20267348791544, -12.7363433626681 ], [ 45.203082991516709, -12.735808616605215 ], [ 45.203269616367912, -12.735336436765103 ], [ 45.203366839616791, -12.734806451244861 ], [ 45.203425721083974, -12.734713264682133 ], [ 45.203481908192543, -12.73470689151446 ], [ 45.203622875873087, -12.734740241677958 ], [ 45.203795227375558, -12.73485314466876 ], [ 45.203883769370506, -12.734988719212339 ], [ 45.203918906618185, -12.735154176255849 ], [ 45.203836385811336, -12.735637127827964 ], [ 45.203649671574148, -12.735996272530905 ], [ 45.203549594742825, -12.736413224719703 ], [ 45.203492869092386, -12.736899773458491 ], [ 45.203578719525026, -12.737124874319283 ], [ 45.203646007659309, -12.73717636678697 ], [ 45.203772223934756, -12.737192546785229 ], [ 45.203960994512151, -12.73710016438627 ], [ 45.204204913363498, -12.736854010942411 ], [ 45.204679086357068, -12.73655432656809 ], [ 45.204782051977297, -12.736295621551994 ], [ 45.204864871079955, -12.736186139042589 ], [ 45.20496984947404, -12.736139939273871 ], [ 45.205149480398205, -12.736138895856357 ], [ 45.204969365661945, -12.736684318960059 ], [ 45.204983280149641, -12.736804578031377 ], [ 45.205103135227446, -12.736929276466247 ], [ 45.205408073408464, -12.736958881426251 ], [ 45.205152353226758, -12.737420264818274 ], [ 45.204803641606048, -12.73794411555156 ], [ 45.204694092027445, -12.7380346287334 ], [ 45.204462915616602, -12.738089064464535 ], [ 45.204393923085831, -12.738210291866311 ], [ 45.204573754840489, -12.739606368094076 ], [ 45.204432383578805, -12.740222294972554 ], [ 45.204362144443309, -12.74108774930415 ], [ 45.204646785442314, -12.741073060804741 ], [ 45.204757286573816, -12.741018718278655 ], [ 45.205115668275184, -12.741059133553327 ], [ 45.204970258047382, -12.741233773071981 ], [ 45.204680459819002, -12.741709650872796 ], [ 45.204445084400078, -12.742275914735162 ], [ 45.20114882888798, -12.744404413181545 ], [ 45.200363138430788, -12.742198555547668 ], [ 45.199797753487289, -12.742502822589893 ], [ 45.199357460464277, -12.742561933144357 ], [ 45.199300376451767, -12.742601764658518 ], [ 45.199081110433383, -12.742579322596901 ], [ 45.19843724265764, -12.742655766105075 ], [ 45.198284300391066, -12.742628752216568 ], [ 45.19812024951419, -12.742532116650032 ], [ 45.197967192214641, -12.742356800002305 ], [ 45.197828759434465, -12.742033169663351 ], [ 45.197726456781155, -12.741970850486501 ], [ 45.197622365721479, -12.741978162516107 ], [ 45.197366396171944, -12.742142029051138 ], [ 45.197245978564446, -12.742479416973376 ], [ 45.197211143186074, -12.742700088364609 ], [ 45.197347663146189, -12.742933291992115 ], [ 45.197591912109814, -12.743097689498704 ], [ 45.19762604817474, -12.743163676773625 ], [ 45.1976889781713, -12.74353438639735 ], [ 45.197889197679473, -12.743941164728083 ], [ 45.197924347116121, -12.744125612456807 ], [ 45.19782311847073, -12.744261330820107 ], [ 45.196787803055145, -12.744434821186017 ], [ 45.196894559632526, -12.744299099098399 ], [ 45.197065809002723, -12.744173276070901 ], [ 45.197110845186813, -12.744039408427037 ], [ 45.196472703154043, -12.743183525616201 ], [ 45.195722413699578, -12.742635180892675 ], [ 45.195472984951245, -12.741720229190582 ], [ 45.195417336151621, -12.741229243694473 ], [ 45.195281838413209, -12.741124446682823 ], [ 45.195275307567407, -12.741016841617789 ], [ 45.195359908900599, -12.740821453675784 ], [ 45.195415102232566, -12.740718324466485 ], [ 45.195501645593865, -12.74065315204929 ], [ 45.195495071692868, -12.740489481363264 ], [ 45.195559446428327, -12.740346556811009 ], [ 45.195507707207398, -12.740148556667974 ], [ 45.195561123111723, -12.74013043150924 ], [ 45.195689165457921, -12.740124006876007 ], [ 45.195760965835781, -12.740054323850968 ], [ 45.195816252573081, -12.740073272933449 ], [ 45.195970946528192, -12.739984538530253 ], [ 45.196068600234199, -12.739992604769746 ], [ 45.196639641116668, -12.739856538416031 ], [ 45.196843215558488, -12.739841918536827 ], [ 45.197162883062703, -12.739855244873176 ], [ 45.197292883743927, -12.739998929270827 ], [ 45.197590409675975, -12.739969770210665 ], [ 45.197881447128303, -12.739889071440746 ], [ 45.198186392360526, -12.739924110378038 ], [ 45.198384511987932, -12.740002634718541 ], [ 45.198717928026795, -12.739926424687274 ], [ 45.19885796624061, -12.739946213771214 ], [ 45.19902942202669, -12.740089866150754 ], [ 45.199257883793543, -12.740094215674512 ], [ 45.199448686580652, -12.740239661779157 ], [ 45.199760084384224, -12.740279215453654 ], [ 45.200024645594063, -12.74050327820974 ], [ 45.200035768133816, -12.740590081119175 ], [ 45.200181316995227, -12.740588162501545 ], [ 45.200166491136699, -12.740477851001835 ], [ 45.200235470670862, -12.740336730435114 ], [ 45.200505211925822, -12.740118593648866 ], [ 45.201141234443377, -12.73944803621435 ], [ 45.201500978614462, -12.738884393307991 ], [ 45.201839446401642, -12.738210443413974 ], [ 45.202096753571752, -12.737418093763333 ], [ 45.202631396941023, -12.736700587337012 ], [ 45.202677360896026, -12.736580282290417 ], [ 45.20267348791544, -12.7363433626681 ] ] ] ] } },
{ "type": "Feature", "properties": { "code_iris": "976110103", "nom_iris": "Mamoudzou Sud" }, "geometry": { "type": "MultiPolygon", "coordinates": [ [ [ [ 45.230234341035704, -12.784019873469635 ], [ 45.230209586380425, -12.784154632783313 ], [ 45.230576423088053, -12.784303518611701 ], [ 45.230674303197112, -12.784541258658562 ], [ 45.230417482756877, -12.784805532822928 ], [ 45.230191372328598, -12.785407076335616 ], [ 45.230324425070798, -12.785822024642302 ], [ 45.230296059421441, -12.786039076563377 ], [ 45.230529379395072, -12.786274889784162 ], [ 45.230838077039536, -12.786318025245885 ], [ 45.230851967394507, -12.786394876868739 ], [ 45.230716635475446, -12.786515264481009 ], [ 45.230411587821308, -12.786433241662893 ], [ 45.230233493322103, -12.786134984838771 ], [ 45.230035308475173, -12.786034782683881 ], [ 45.229855728627747, -12.786130792889132 ], [ 45.229580006936168, -12.785873313247777 ], [ 45.229004166773834, -12.785889186545166 ], [ 45.228596246285136, -12.786161728614237 ], [ 45.227626967622363, -12.786162566823124 ], [ 45.227459983950531, -12.78592126811531 ], [ 45.227414896872418, -12.785988223707927 ], [ 45.22656511295321, -12.786704240436949 ], [ 45.226322767771727, -12.78667641580765 ], [ 45.225856061234829, -12.786121587899759 ], [ 45.225643076767227, -12.785954478362582 ], [ 45.225584164677016, -12.78601692407512 ], [ 45.225448646675062, -12.785930229044927 ], [ 45.225303968821251, -12.785904128533623 ], [ 45.225265112683061, -12.785725114256936 ], [ 45.225044794047889, -12.785598703089303 ], [ 45.224884279539729, -12.785376387060269 ], [ 45.224320199844676, -12.785145371599643 ], [ 45.223955999612286, -12.784849077124054 ], [ 45.222900706527511, -12.78447107744042 ], [ 45.223139958058702, -12.784126344378057 ], [ 45.223223806628468, -12.784131699127437 ], [ 45.223257859628816, -12.784089169136418 ], [ 45.223215386505977, -12.783986117116443 ], [ 45.223362413864777, -12.783541991024139 ], [ 45.223641468386909, -12.782361668710559 ], [ 45.223660201726481, -12.781662644037345 ], [ 45.22375460103224, -12.781094675853812 ], [ 45.223723138258592, -12.780939166280723 ], [ 45.22361889457499, -12.780790048350667 ], [ 45.223366169399071, -12.780476477034517 ], [ 45.222849760702545, -12.779958760836728 ], [ 45.222820207900881, -12.779879209093767 ], [ 45.222840384751201, -12.779773391220653 ], [ 45.222924205710996, -12.779748904851362 ], [ 45.223783973062154, -12.779921799067628 ], [ 45.224446100102433, -12.780602160006024 ], [ 45.224552166113831, -12.78072776476141 ], [ 45.224656472649798, -12.780947416139005 ], [ 45.224722850539273, -12.780993477923566 ], [ 45.224810381095949, -12.780996116208705 ], [ 45.224898700192995, -12.780848643235867 ], [ 45.225042659435765, -12.780066317883932 ], [ 45.224920469765401, -12.779419861466438 ], [ 45.225032652730022, -12.779170184397195 ], [ 45.225117337759919, -12.779081492679119 ], [ 45.225155092763593, -12.77905885345762 ], [ 45.226076322949027, -12.778932370931267 ], [ 45.227109279987459, -12.779080690347607 ], [ 45.227329599573153, -12.779213429889397 ], [ 45.22753710394921, -12.779439321174527 ], [ 45.228049706597716, -12.77981325079792 ], [ 45.228286560353453, -12.779889005565487 ], [ 45.228686420735841, -12.779885042244672 ], [ 45.22898055859045, -12.780138889955669 ], [ 45.229074669485705, -12.780287110244913 ], [ 45.229390956427579, -12.780580726579338 ], [ 45.229823591521225, -12.781159089466534 ], [ 45.230152851373312, -12.781532270188642 ], [ 45.230210123351469, -12.781695894929232 ], [ 45.23018540492069, -12.781870442553595 ], [ 45.230047319178787, -12.781999875033057 ], [ 45.230047608912912, -12.7823199899308 ], [ 45.229987828945951, -12.782439407014259 ], [ 45.229509918982515, -12.782741852701838 ], [ 45.229345168602734, -12.782932799057042 ], [ 45.22930107814269, -12.783082043590563 ], [ 45.229256831441788, -12.784079502918836 ], [ 45.229393391062267, -12.784299124251437 ], [ 45.229866699719679, -12.783999395610008 ], [ 45.230129222511081, -12.783927728628653 ], [ 45.230234341035704, -12.784019873469635 ] ] ] ] } },
{ "type": "Feature", "properties": { "code_iris": "976050103", "nom_iris": "Moussilou Rassi-Sohoa" }, "geometry": { "type": "MultiPolygon", "coordinates": [ [ [ [ 45.111980322464227, -12.836620051027047 ], [ 45.111249564336362, -12.836702650981163 ], [ 45.11057218569541, -12.836624264357788 ], [ 45.110362105506816, -12.836703929426335 ], [ 45.109825707221354, -12.836583884690919 ], [ 45.109321620931546, -12.836595850514076 ], [ 45.108834981545009, -12.83646221882522 ], [ 45.10827085616971, -12.836151378981661 ], [ 45.107994371948053, -12.836109895782814 ], [ 45.107304227888925, -12.83634710022381 ], [ 45.106982616820169, -12.836375264062248 ], [ 45.106250816877605, -12.836173906133167 ], [ 45.105141919774105, -12.835533216397193 ], [ 45.10474934653854, -12.83555326734095 ], [ 45.103866435827655, -12.835399889838911 ], [ 45.103522741948453, -12.835510347801021 ], [ 45.102932966601564, -12.835555793518177 ], [ 45.102193674869397, -12.83504516280953 ], [ 45.10141023798397, -12.834749766089233 ], [ 45.100786898926849, -12.833817691238091 ], [ 45.100817173096935, -12.833474052504492 ], [ 45.101211009144137, -12.832009868676252 ], [ 45.101268855272309, -12.831482649979897 ], [ 45.10142444848799, -12.831116355771593 ], [ 45.101460117714062, -12.830440843290459 ], [ 45.101723504675718, -12.830013016081757 ], [ 45.102198888180943, -12.829697237278149 ], [ 45.102356332996763, -12.829358070231395 ], [ 45.102469441532747, -12.828765721351775 ], [ 45.102442523322495, -12.828286462264829 ], [ 45.10248850595115, -12.828054948094817 ], [ 45.102606396007104, -12.82789393988369 ], [ 45.102619025460456, -12.827222957505295 ], [ 45.102700926186508, -12.826939885172711 ], [ 45.109947723904007, -12.826829345908948 ], [ 45.109826921920792, -12.826638592849907 ], [ 45.110677595337833, -12.82478174491108 ], [ 45.110889590933937, -12.824890169495669 ], [ 45.112018286584927, -12.824530691208482 ], [ 45.111923521037212, -12.824870741663812 ], [ 45.111635358258454, -12.825485776015237 ], [ 45.111523150314369, -12.825978657395039 ], [ 45.111521464958564, -12.826336753835566 ], [ 45.111696818399409, -12.826937122737753 ], [ 45.112156310685307, -12.828234571888665 ], [ 45.112368447847849, -12.828654068156386 ], [ 45.112779675048785, -12.829161194266744 ], [ 45.113044341286425, -12.829580667410424 ], [ 45.113533188928542, -12.830553464025696 ], [ 45.113720666186538, -12.831456760466612 ], [ 45.113760748247337, -12.832471347165519 ], [ 45.113881858276024, -12.833333979383454 ], [ 45.113251590233226, -12.833487075255487 ], [ 45.113111554988507, -12.833575755143277 ], [ 45.112973399868878, -12.833747628053761 ], [ 45.112898872017873, -12.834010806009054 ], [ 45.113023465800083, -12.83442491341315 ], [ 45.113044753098265, -12.834630176164017 ], [ 45.112908534459692, -12.835012745787472 ], [ 45.112859686632092, -12.835000106825166 ], [ 45.112762061901634, -12.835133982385093 ], [ 45.11264226549681, -12.835145789410648 ], [ 45.112625767316409, -12.835347451250815 ], [ 45.112441493509735, -12.835429819761062 ], [ 45.112181760509714, -12.835756376356358 ], [ 45.112309995277116, -12.836069202971942 ], [ 45.112061243641882, -12.836223036993864 ], [ 45.111969144152617, -12.83634967564659 ], [ 45.111980322464227, -12.836620051027047 ] ] ] ] } },
{ "type": "Feature", "properties": { "code_iris": "976150103", "nom_iris": "Pamandzi-Mitterrand" }, "geometry": { "type": "MultiPolygon", "coordinates": [ [ [ [ 45.271474889059341, -12.793123805298546 ], [ 45.27180240342377, -12.792655956785923 ], [ 45.271534997851319, -12.792466334196163 ], [ 45.271737432145606, -12.792212928140687 ], [ 45.271995309932926, -12.79210957468919 ], [ 45.275191140395798, -12.790833941364575 ], [ 45.277420995038142, -12.790091002367269 ], [ 45.277484609653747, -12.790127106497469 ], [ 45.277631773219227, -12.789891839705239 ], [ 45.277772833969621, -12.789973980322836 ], [ 45.279922386254995, -12.791623820183462 ], [ 45.280099377680557, -12.79170139998384 ], [ 45.280192929296341, -12.792147108763663 ], [ 45.280081686978882, -12.792369678901686 ], [ 45.279933973746516, -12.792941338323034 ], [ 45.280604101887889, -12.793192918989345 ], [ 45.280967341368843, -12.793384238661609 ], [ 45.281552949420373, -12.794688484156326 ], [ 45.281559765187907, -12.795018537588447 ], [ 45.281520367752115, -12.795219328916939 ], [ 45.281182533648582, -12.796339183039505 ], [ 45.280677613077124, -12.796346051117496 ], [ 45.278813043466734, -12.796662718053883 ], [ 45.278651931114382, -12.796784061412765 ], [ 45.278223544653379, -12.797685172842538 ], [ 45.278089487981653, -12.798113036851838 ], [ 45.278037881246938, -12.798105857092805 ], [ 45.277993723017964, -12.798169202990959 ], [ 45.27783070316277, -12.79823267421156 ], [ 45.277423933091256, -12.798683432141944 ], [ 45.277577071981419, -12.798852370490394 ], [ 45.277709144281722, -12.79913617398404 ], [ 45.27789921634082, -12.799374702449388 ], [ 45.277529972399655, -12.799596639165404 ], [ 45.276546577857275, -12.798525201679302 ], [ 45.276507789041517, -12.798442953260693 ], [ 45.276447893539284, -12.798439398991382 ], [ 45.27644135012202, -12.798353499631512 ], [ 45.276100097566442, -12.798049116323147 ], [ 45.275544745864494, -12.797437502580916 ], [ 45.274413889162446, -12.796315571275887 ], [ 45.274349406720411, -12.796330106820635 ], [ 45.274246154111545, -12.796278670518724 ], [ 45.274223933046962, -12.796179223240292 ], [ 45.274110415269064, -12.796007528806562 ], [ 45.273303408585427, -12.795282232800405 ], [ 45.272251736567263, -12.794090580258693 ], [ 45.271474889059341, -12.793123805298546 ] ] ] ] } },
{ "type": "Feature", "properties": { "code_iris": "976160103", "nom_iris": "Sada-Kavani" }, "geometry": { "type": "MultiPolygon", "coordinates": [ [ [ [ 45.098179677238896, -12.850010740766271 ], [ 45.098478110147617, -12.849581095597074 ], [ 45.098705727296604, -12.849532178962475 ], [ 45.098850361829761, -12.849385631050588 ], [ 45.100017471271485, -12.847964563792241 ], [ 45.100171341980413, -12.847873172766638 ], [ 45.100245985310202, -12.847857771506717 ], [ 45.100235825148317, -12.847800805685431 ], [ 45.100424607900848, -12.847436308333505 ], [ 45.101295972046806, -12.846273068320277 ], [ 45.101514447794486, -12.846418573207984 ], [ 45.100894527076555, -12.847198302317453 ], [ 45.100476461661785, -12.848051199542732 ], [ 45.100717996114795, -12.848241006006425 ], [ 45.100986098033111, -12.848032014149764 ], [ 45.101067137961863, -12.84788006377808 ], [ 45.101287359995219, -12.847780508027904 ], [ 45.101473668224216, -12.848143052745366 ], [ 45.101481112158133, -12.848320288922759 ], [ 45.101439721821428, -12.848523768112157 ], [ 45.101315375739595, -12.848698342325426 ], [ 45.10103891645489, -12.848750897138318 ], [ 45.100886894508356, -12.848856756451202 ], [ 45.100341574590487, -12.849532463197372 ], [ 45.100000669508326, -12.849755950618016 ], [ 45.100121447002287, -12.849875269658314 ], [ 45.100276304645689, -12.849945744464526 ], [ 45.100456964458068, -12.850008975061325 ], [ 45.100563862795362, -12.849989039962429 ], [ 45.100762951219949, -12.850043220480909 ], [ 45.100786000016406, -12.850064914373153 ], [ 45.100746418900165, -12.850185198906987 ], [ 45.100875475171136, -12.850263821781521 ], [ 45.101041346997171, -12.850220352523769 ], [ 45.101268010721803, -12.85009185732952 ], [ 45.101451344243159, -12.849927207455101 ], [ 45.101693692602282, -12.849843015590944 ], [ 45.101879842229593, -12.849806772196629 ], [ 45.102084483056295, -12.849917014965358 ], [ 45.10153553105949, -12.850725654808308 ], [ 45.101164497912038, -12.851662632833747 ], [ 45.101006898347819, -12.851652746429384 ], [ 45.100910317593801, -12.852124818070296 ], [ 45.100917752605774, -12.852280351480447 ], [ 45.101017379434239, -12.852511808999761 ], [ 45.101125258652011, -12.852637462467897 ], [ 45.101340965556481, -12.852759457162895 ], [ 45.101889418355888, -12.852986219280961 ], [ 45.102395373683777, -12.852956181152168 ], [ 45.102470029004721, -12.852967003387164 ], [ 45.102527193431008, -12.853026663581748 ], [ 45.102529969653709, -12.853054695193855 ], [ 45.102021315006191, -12.853247505128511 ], [ 45.101661872583584, -12.853218707603753 ], [ 45.101594547989841, -12.853102985758913 ], [ 45.101496844979899, -12.853074086576411 ], [ 45.101165068371877, -12.853087778856858 ], [ 45.100694226298941, -12.853349296974374 ], [ 45.100506243960787, -12.853418998620223 ], [ 45.100383666245087, -12.853412715561065 ], [ 45.100094126679224, -12.85303031544171 ], [ 45.099940948787243, -12.852551105079661 ], [ 45.099735341590517, -12.85233053879894 ], [ 45.09971499936308, -12.852161446043851 ], [ 45.099538961926392, -12.852138001553136 ], [ 45.099529674926956, -12.851958053220065 ], [ 45.099219867139119, -12.851586511125335 ], [ 45.098942289359066, -12.851145326886044 ], [ 45.098905319521329, -12.850875865149282 ], [ 45.098726500565732, -12.850807207113673 ], [ 45.098577158714058, -12.850701462376945 ], [ 45.098473879411124, -12.85054958196012 ], [ 45.09837055694755, -12.850286474975331 ], [ 45.098179677238896, -12.850010740766271 ] ] ] ] } },
{ "type": "Feature", "properties": { "code_iris": "976150104", "nom_iris": "Pamandzi-Aéroport-Bahoni" }, "geometry": { "type": "MultiPolygon", "coordinates": [ [ [ [ 45.286321834066676, -12.800994285543585 ], [ 45.285889274294441, -12.801444179985156 ], [ 45.285013643591853, -12.802834095285984 ], [ 45.284651644405088, -12.803763177206248 ], [ 45.284479471555187, -12.804704713537081 ], [ 45.284225785914714, -12.809378280065584 ], [ 45.284310426490237, -12.810903700087009 ], [ 45.284517557484975, -12.811550032685727 ], [ 45.287795898720816, -12.81705440350753 ], [ 45.287652389742398, -12.817267064777024 ], [ 45.286488417612375, -12.817952869822431 ], [ 45.286291263041655, -12.817990159605964 ], [ 45.286127088701143, -12.817856505597829 ], [ 45.286112934747813, -12.817562631923975 ], [ 45.285594990418929, -12.816679718685792 ], [ 45.285509289244878, -12.81667619457026 ], [ 45.285344003313611, -12.816372537695493 ], [ 45.2853937231515, -12.816337217094967 ], [ 45.28382424842367, -12.813685773178609 ], [ 45.283098947613979, -12.813588892509847 ], [ 45.282719962051409, -12.813352379854649 ], [ 45.282396460279912, -12.813291236399438 ], [ 45.281988212320051, -12.813255503021367 ], [ 45.28128161244701, -12.81340184716187 ], [ 45.281101884122741, -12.813363155322248 ], [ 45.280809441980466, -12.813057822567798 ], [ 45.280040400800189, -12.81256762052061 ], [ 45.279317736331201, -12.811514003677035 ], [ 45.279181905970546, -12.811172331803133 ], [ 45.279173028493588, -12.810641531795259 ], [ 45.278977449005474, -12.809593684289377 ], [ 45.279045854240152, -12.808954289305714 ], [ 45.279198274841441, -12.808464010625837 ], [ 45.27905737850913, -12.80770366452426 ], [ 45.279071396301141, -12.807044433020057 ], [ 45.278602173720166, -12.806014960177462 ], [ 45.278574314164501, -12.805817857611661 ], [ 45.278701525414178, -12.805027386342669 ], [ 45.278378364248169, -12.804426384867156 ], [ 45.280337382927875, -12.803643013468692 ], [ 45.281064849644864, -12.803226271680314 ], [ 45.279919014428124, -12.80193618619621 ], [ 45.278013359257635, -12.800113375414968 ], [ 45.277529972399655, -12.799596639165404 ], [ 45.27789921634082, -12.799374702449388 ], [ 45.277709144281722, -12.79913617398404 ], [ 45.277577071981419, -12.798852370490394 ], [ 45.277423933091256, -12.798683432141944 ], [ 45.27783070316277, -12.79823267421156 ], [ 45.277993723017964, -12.798169202990959 ], [ 45.278037881246938, -12.798105857092805 ], [ 45.278089487981653, -12.798113036851838 ], [ 45.278223544653379, -12.797685172842538 ], [ 45.278651931114382, -12.796784061412765 ], [ 45.278813043466734, -12.796662718053883 ], [ 45.278993926453978, -12.796924766685411 ], [ 45.279240890292911, -12.796949824883777 ], [ 45.279571961775055, -12.797210809662321 ], [ 45.279759010760337, -12.797214228292967 ], [ 45.280756689169053, -12.797030503722878 ], [ 45.281189717612897, -12.797002009555124 ], [ 45.281290041761416, -12.797735270155302 ], [ 45.281686468975678, -12.797935595966287 ], [ 45.282280036695504, -12.798098634787076 ], [ 45.282674566025015, -12.798248321678148 ], [ 45.283059774840737, -12.798302164767254 ], [ 45.28322190726881, -12.798270340935975 ], [ 45.283346438596752, -12.798396805657035 ], [ 45.283597197947181, -12.798518613134842 ], [ 45.283541602156525, -12.799064855365407 ], [ 45.283870684202299, -12.799188386830927 ], [ 45.284480259692081, -12.799654335608832 ], [ 45.284758933077079, -12.800016649041536 ], [ 45.285348300006532, -12.800535065513186 ], [ 45.286321834066676, -12.800994285543585 ] ] ] ] } },
{ "type": "Feature", "properties": { "code_iris": "976100104", "nom_iris": "Pointe Koungou Lambic" }, "geometry": { "type": "MultiPolygon", "coordinates": [ [ [ [ 45.2100663892084, -12.735659386580368 ], [ 45.210149307114442, -12.735672885042911 ], [ 45.210276324199796, -12.735543471531068 ], [ 45.211270364938585, -12.735641247167786 ], [ 45.211519902825984, -12.73551625669273 ], [ 45.211598066332776, -12.735350710209872 ], [ 45.211515859739315, -12.735084012024897 ], [ 45.211654038053361, -12.735084805886146 ], [ 45.211933917169461, -12.734891065162973 ], [ 45.212081117040213, -12.734663067650876 ], [ 45.21211692436777, -12.734520162044547 ], [ 45.212057925901128, -12.734468665095402 ], [ 45.212145355440406, -12.734369123783472 ], [ 45.212122255245781, -12.734284139562654 ], [ 45.212034761852109, -12.734306816749294 ], [ 45.212021785670132, -12.734210972999128 ], [ 45.212128375738466, -12.733889866680439 ], [ 45.212171672674771, -12.733891640559712 ], [ 45.21217082593482, -12.733981165390162 ], [ 45.212355942423102, -12.733932185639805 ], [ 45.21261813048298, -12.733514195869148 ], [ 45.212915497443845, -12.733305971530323 ], [ 45.212870046705881, -12.732930730052884 ], [ 45.212650535562418, -12.732605364028222 ], [ 45.212756317615856, -12.732421709323587 ], [ 45.212970014152738, -12.732402547580215 ], [ 45.213107098417666, -12.732198069020475 ], [ 45.213127407275493, -12.732249596889325 ], [ 45.213436897344771, -12.732220410531802 ], [ 45.213578835227644, -12.732312533106471 ], [ 45.213608445243814, -12.732470758992864 ], [ 45.213765041070282, -12.732466111210917 ], [ 45.21390679198705, -12.73233487551526 ], [ 45.214157370201477, -12.732357280103464 ], [ 45.214200732920332, -12.732437726340979 ], [ 45.214043587600628, -12.732885474155843 ], [ 45.214099953057143, -12.733092509700576 ], [ 45.214604111088057, -12.733418548225963 ], [ 45.214535056982285, -12.73345929697328 ], [ 45.214557214669789, -12.733518057497934 ], [ 45.214431054327797, -12.733566991042082 ], [ 45.214120117264592, -12.734069120422904 ], [ 45.21396352273964, -12.734076481280756 ], [ 45.213821863349651, -12.734318039608718 ], [ 45.213840453696108, -12.734516967128791 ], [ 45.213763188082986, -12.734652672153903 ], [ 45.213806037579793, -12.735219623754929 ], [ 45.213821756821723, -12.735290145227157 ], [ 45.213920317483328, -12.73528283133828 ], [ 45.213936073157313, -12.73539675841362 ], [ 45.213728311896965, -12.735906038194141 ], [ 45.213553434045437, -12.736082514720666 ], [ 45.213286373657731, -12.736183105545587 ], [ 45.213249638022731, -12.736316969192165 ], [ 45.212982682958838, -12.736544159410181 ], [ 45.212343663839512, -12.736888300712302 ], [ 45.21186959559062, -12.737303746972243 ], [ 45.211893949193815, -12.737788423774843 ], [ 45.211761582597461, -12.73813215765813 ], [ 45.211758991677897, -12.738340145072053 ], [ 45.21187353840363, -12.738723469855953 ], [ 45.212094076671114, -12.739170913829884 ], [ 45.21274126712953, -12.739780786116905 ], [ 45.21283353962874, -12.739963377286811 ], [ 45.212287484775835, -12.740225153884792 ], [ 45.212164735429845, -12.73994944570917 ], [ 45.211892714338966, -12.739628642811439 ], [ 45.211620148636982, -12.73976088634125 ], [ 45.21071368943165, -12.740879304571639 ], [ 45.208349943632292, -12.740961657270711 ], [ 45.20822093134511, -12.740908406043234 ], [ 45.207613111985623, -12.741125007460681 ], [ 45.206590698037679, -12.741279535856503 ], [ 45.206167191642301, -12.741587322734416 ], [ 45.205449218005171, -12.742293222745037 ], [ 45.205136072021588, -12.742374851251194 ], [ 45.204445084400078, -12.742275914735162 ], [ 45.204680459819002, -12.741709650872796 ], [ 45.204970258047382, -12.741233773071981 ], [ 45.205115668275184, -12.741059133553327 ], [ 45.204757286573816, -12.741018718278655 ], [ 45.204646785442314, -12.741073060804741 ], [ 45.204362144443309, -12.74108774930415 ], [ 45.204432383578805, -12.740222294972554 ], [ 45.204573754840489, -12.739606368094076 ], [ 45.204393923085831, -12.738210291866311 ], [ 45.204462915616602, -12.738089064464535 ], [ 45.204694092027445, -12.7380346287334 ], [ 45.204803641606048, -12.73794411555156 ], [ 45.205152353226758, -12.737420264818274 ], [ 45.205408073408464, -12.736958881426251 ], [ 45.206129317635323, -12.736898638046705 ], [ 45.206474853411514, -12.737008691479502 ], [ 45.206853492242246, -12.737044567268914 ], [ 45.207218245724128, -12.736997259218402 ], [ 45.207790191110078, -12.736856646829018 ], [ 45.208765431251294, -12.73648874011419 ], [ 45.208859297766843, -12.736372917678443 ], [ 45.20900269055695, -12.735991196507687 ], [ 45.209102057964195, -12.735843719689411 ], [ 45.209166512115694, -12.735808401684292 ], [ 45.209294546655556, -12.735795640519227 ], [ 45.209430918625287, -12.735839842613242 ], [ 45.209700212091121, -12.736213098890827 ], [ 45.2100663892084, -12.735659386580368 ] ] ] ] } },
{ "type": "Feature", "properties": { "code_iris": "976160104", "nom_iris": "Sada-M'limani" }, "geometry": { "type": "MultiPolygon", "coordinates": [ [ [ [ 45.096301028930831, -12.851338920814834 ], [ 45.098179677238896, -12.850010740766271 ], [ 45.09837055694755, -12.850286474975331 ], [ 45.098473879411124, -12.85054958196012 ], [ 45.098577158714058, -12.850701462376945 ], [ 45.098726500565732, -12.850807207113673 ], [ 45.098905319521329, -12.850875865149282 ], [ 45.098942289359066, -12.851145326886044 ], [ 45.099219867139119, -12.851586511125335 ], [ 45.099529674926956, -12.851958053220065 ], [ 45.099538961926392, -12.852138001553136 ], [ 45.09971499936308, -12.852161446043851 ], [ 45.099735341590517, -12.85233053879894 ], [ 45.099940948787243, -12.852551105079661 ], [ 45.100094126679224, -12.85303031544171 ], [ 45.100383666245087, -12.853412715561065 ], [ 45.100244658319312, -12.853807035003083 ], [ 45.100170957078987, -12.85387850130158 ], [ 45.100189443610631, -12.854015040605713 ], [ 45.099968333455188, -12.854214066624229 ], [ 45.10018041024248, -12.854476227112224 ], [ 45.099793404030386, -12.854666273441184 ], [ 45.099651537981337, -12.854828193548061 ], [ 45.099481883478227, -12.85463564616121 ], [ 45.098169030326801, -12.853445202960215 ], [ 45.097999428028011, -12.853381966690602 ], [ 45.097501741401651, -12.85334869363952 ], [ 45.096417615502439, -12.85255423136199 ], [ 45.096349372554052, -12.852440317046993 ], [ 45.096351191306361, -12.852376112447807 ], [ 45.096551162277322, -12.852325399255641 ], [ 45.096477286438081, -12.851941107100117 ], [ 45.096492855117958, -12.851682477079367 ], [ 45.096301028930831, -12.851338920814834 ] ] ] ] } },
{ "type": "Feature", "properties": { "code_iris": "976160105", "nom_iris": "Mtsangantit-Hagnakaoué" }, "geometry": { "type": "MultiPolygon", "coordinates": [ [ [ [ 45.134428785528534, -12.882158068263017 ], [ 45.132257976959593, -12.888893327262357 ], [ 45.132096634808391, -12.888823779369112 ], [ 45.13199330638372, -12.888646593147051 ], [ 45.131601856266123, -12.887440484313318 ], [ 45.131344482616981, -12.887041827233887 ], [ 45.131003949343643, -12.886250755105513 ], [ 45.130096173730657, -12.884727500071923 ], [ 45.130116324395658, -12.884480622288555 ], [ 45.130270316945747, -12.884603527486751 ], [ 45.130610453003129, -12.884636816352312 ], [ 45.13106112636428, -12.884534407854696 ], [ 45.131063842659962, -12.884440361631873 ], [ 45.131591983750035, -12.884420202701229 ], [ 45.131630660533908, -12.884351458174047 ], [ 45.131510797894933, -12.884279176184883 ], [ 45.131096030330035, -12.884300182503665 ], [ 45.130602997165909, -12.884478571500168 ], [ 45.130563305614977, -12.884368269428158 ], [ 45.130201015245497, -12.884270787803889 ], [ 45.129800128455109, -12.884398489925553 ], [ 45.128988786983456, -12.883971167449575 ], [ 45.128687373389582, -12.883955038718982 ], [ 45.128243737619805, -12.883396412707679 ], [ 45.128097175735235, -12.883382015982448 ], [ 45.127566850761411, -12.882725769160846 ], [ 45.12721465492951, -12.882533329277887 ], [ 45.126534093045059, -12.881876248925932 ], [ 45.125713799555449, -12.88195350749276 ], [ 45.124828893237989, -12.881845417321539 ], [ 45.124287000140711, -12.882005732179781 ], [ 45.123970755344047, -12.88181417511233 ], [ 45.123706219644582, -12.881810683058015 ], [ 45.12363426155698, -12.881680501003379 ], [ 45.123383469501263, -12.88150880643126 ], [ 45.12318399277931, -12.880720369877674 ], [ 45.122811365865218, -12.88020058493275 ], [ 45.122402011100426, -12.879967472752485 ], [ 45.122001964345195, -12.879920636884922 ], [ 45.121826717649682, -12.879670233385983 ], [ 45.121558441126616, -12.879550088998368 ], [ 45.120984630371559, -12.878496870462161 ], [ 45.120462680057713, -12.877946405462909 ], [ 45.120386999516938, -12.877735743394236 ], [ 45.120466196281903, -12.877589213906161 ], [ 45.120225417310543, -12.877140802419868 ], [ 45.120403281152583, -12.877088272610493 ], [ 45.120440101809272, -12.876988785067947 ], [ 45.119202276665014, -12.877037277817367 ], [ 45.118822445283968, -12.876847551851291 ], [ 45.118627617224377, -12.876106131771936 ], [ 45.118457905465903, -12.875853010555899 ], [ 45.118340631597022, -12.875388264368425 ], [ 45.117843509164572, -12.874687672458878 ], [ 45.117599007460491, -12.874146119370485 ], [ 45.117374899710278, -12.873853233533771 ], [ 45.11734805792009, -12.873610898860825 ], [ 45.11719398427239, -12.873285427453762 ], [ 45.117056616794223, -12.873208625142055 ], [ 45.116777337675828, -12.873193376973841 ], [ 45.116500693805179, -12.872896896638244 ], [ 45.116487616912273, -12.872521626749679 ], [ 45.116391655068938, -12.872291078277026 ], [ 45.115758071924049, -12.871453092311834 ], [ 45.115513324559757, -12.870358118463624 ], [ 45.115220052567366, -12.869968503262236 ], [ 45.115023697648105, -12.86988630008844 ], [ 45.114906461369223, -12.869483947318505 ], [ 45.114672238508511, -12.869226330325741 ], [ 45.114547492233683, -12.868521047144094 ], [ 45.114138821148458, -12.867702852698176 ], [ 45.114069606015264, -12.867503941388721 ], [ 45.114106404512782, -12.867352910747723 ], [ 45.113872140404077, -12.866997630834009 ], [ 45.113755842043446, -12.866624213965975 ], [ 45.112811435543627, -12.865235648818611 ], [ 45.112858419628864, -12.865189510354842 ], [ 45.11324835143305, -12.865343974050955 ], [ 45.113293432485705, -12.86516490725973 ], [ 45.113377275979865, -12.865103380029019 ], [ 45.113486989324571, -12.865182909165981 ], [ 45.113560683124447, -12.865096066445384 ], [ 45.113232563146077, -12.865076314163971 ], [ 45.11311926052457, -12.865213813526722 ], [ 45.112804892607357, -12.865031284483383 ], [ 45.112712652322472, -12.864864936723235 ], [ 45.112769011277571, -12.865173271783339 ], [ 45.111203355716867, -12.863639377952083 ], [ 45.110719467397153, -12.86359527295147 ], [ 45.109698382204868, -12.863845283141295 ], [ 45.109009822535313, -12.863653862927325 ], [ 45.108098056281449, -12.863071884153188 ], [ 45.107173757239167, -12.86335259013488 ], [ 45.106928571974542, -12.863293007737576 ], [ 45.106229050359353, -12.863325846031165 ], [ 45.105884277429887, -12.863148746600832 ], [ 45.10520137181436, -12.863243970748039 ], [ 45.104879673335255, -12.863144628795805 ], [ 45.104300884326562, -12.863167466568694 ], [ 45.1042334673783, -12.862837431239045 ], [ 45.103883087351399, -12.862467719778552 ], [ 45.103100156382737, -12.861367520014124 ], [ 45.102593140340169, -12.861096434789047 ], [ 45.102082528714021, -12.861047802849566 ], [ 45.100981957740288, -12.86073353933004 ], [ 45.100522971106678, -12.860714725712672 ], [ 45.100218597288674, -12.860132485785366 ], [ 45.099973339792477, -12.859878476640667 ], [ 45.09996401100102, -12.859594536232693 ], [ 45.09973153192189, -12.859023119634635 ], [ 45.098944896090792, -12.857802639108209 ], [ 45.098773412398103, -12.857649880340336 ], [ 45.098531004790416, -12.857603853174652 ], [ 45.097813600099961, -12.856638350128932 ], [ 45.097238133454098, -12.855678218147412 ], [ 45.096627894361156, -12.855358328230299 ], [ 45.096492345349603, -12.855174809152373 ], [ 45.096073856276952, -12.854986872318456 ], [ 45.095046680855177, -12.853694125003521 ], [ 45.094632816600196, -12.85354145109967 ], [ 45.09404756148593, -12.853468414702922 ], [ 45.093897360532296, -12.85352995956273 ], [ 45.093473376821841, -12.853424310040038 ], [ 45.092939639787517, -12.853098054207619 ], [ 45.092773534600077, -12.85251485185894 ], [ 45.092621386937303, -12.852293356784717 ], [ 45.09252620014442, -12.851581721322169 ], [ 45.092788805661122, -12.851435135136883 ], [ 45.093151004459216, -12.851450379647876 ], [ 45.093390560522678, -12.851280289736916 ], [ 45.093827189711199, -12.850703202849939 ], [ 45.093817873945419, -12.850434634747469 ], [ 45.09442907190369, -12.850895598892576 ], [ 45.094819873136238, -12.850999450341916 ], [ 45.095102895679929, -12.851234460992782 ], [ 45.095258668939337, -12.851290469930126 ], [ 45.095556327229232, -12.851232487786351 ], [ 45.095688067508597, -12.85110041480255 ], [ 45.096001491750897, -12.851302859285124 ], [ 45.096301028930831, -12.851338920814834 ], [ 45.096492855117958, -12.851682477079367 ], [ 45.096477286438081, -12.851941107100117 ], [ 45.096551162277322, -12.852325399255641 ], [ 45.096351191306361, -12.852376112447807 ], [ 45.096349372554052, -12.852440317046993 ], [ 45.096417615502439, -12.85255423136199 ], [ 45.097501741401651, -12.85334869363952 ], [ 45.097999428028011, -12.853381966690602 ], [ 45.098169030326801, -12.853445202960215 ], [ 45.099481883478227, -12.85463564616121 ], [ 45.099651537981337, -12.854828193548061 ], [ 45.099793404030386, -12.854666273441184 ], [ 45.10018041024248, -12.854476227112224 ], [ 45.099968333455188, -12.854214066624229 ], [ 45.100189443610631, -12.854015040605713 ], [ 45.100170957078987, -12.85387850130158 ], [ 45.100244658319312, -12.853807035003083 ], [ 45.100383666245087, -12.853412715561065 ], [ 45.100506243960787, -12.853418998620223 ], [ 45.100694226298941, -12.853349296974374 ], [ 45.101165068371877, -12.853087778856858 ], [ 45.101496844979899, -12.853074086576411 ], [ 45.101594547989841, -12.853102985758913 ], [ 45.101661872583584, -12.853218707603753 ], [ 45.102021315006191, -12.853247505128511 ], [ 45.102529969653709, -12.853054695193855 ], [ 45.102527193431008, -12.853026663581748 ], [ 45.102792639965578, -12.853078103760689 ], [ 45.10346460963067, -12.853349123914281 ], [ 45.104265391321334, -12.853096512808877 ], [ 45.104487489371451, -12.8530683918032 ], [ 45.104744627914144, -12.853086374934362 ], [ 45.105118844545601, -12.85318298335527 ], [ 45.105331903547473, -12.8535798770596 ], [ 45.105518935842724, -12.853445064158924 ], [ 45.105560334241154, -12.853266904269463 ], [ 45.107574519623583, -12.854326807411091 ], [ 45.107812939407708, -12.853670202072074 ], [ 45.108981391296595, -12.853297156057867 ], [ 45.11057855650688, -12.853301913785941 ], [ 45.111124181394985, -12.853364078711365 ], [ 45.11080743322362, -12.854021624363515 ], [ 45.109815539019706, -12.855610861553966 ], [ 45.11280821721374, -12.855966782928025 ], [ 45.112236068827542, -12.856376667096562 ], [ 45.112631583703873, -12.856682144297492 ], [ 45.113281450141884, -12.856944105777332 ], [ 45.113559809792221, -12.857004572229007 ], [ 45.113715635394996, -12.857160040904171 ], [ 45.11378384425651, -12.857178096937453 ], [ 45.11414783103298, -12.857050435394159 ], [ 45.114327575244893, -12.857108231064991 ], [ 45.114389342543234, -12.857147992465228 ], [ 45.114342381096336, -12.85724024948356 ], [ 45.118536783331706, -12.85932456172266 ], [ 45.122851529717344, -12.858567503551791 ], [ 45.126707248129271, -12.857754531324847 ], [ 45.128199262737326, -12.857538588144115 ], [ 45.13057735532, -12.866994366207864 ], [ 45.130737835367469, -12.867206791754477 ], [ 45.131406063506759, -12.867243533182297 ], [ 45.132084314243023, -12.867058719577617 ], [ 45.132508266246319, -12.867030473058009 ], [ 45.133939746963961, -12.867279326727493 ], [ 45.136399574760823, -12.868793629537979 ], [ 45.137727896911933, -12.869143795185243 ], [ 45.138359400863948, -12.86943011893819 ], [ 45.134428785528534, -12.882158068263017 ] ] ], [ [ [ 45.089618723148057, -12.846969087762297 ], [ 45.089289666211123, -12.846834461937659 ], [ 45.088937725316121, -12.847142036991935 ], [ 45.088863021418128, -12.846986525902516 ], [ 45.088732186040332, -12.847075189705853 ], [ 45.088565305083101, -12.846869069905992 ], [ 45.088658282126126, -12.846572434269108 ], [ 45.088520958693074, -12.846555299246395 ], [ 45.088812157415781, -12.846484666991628 ], [ 45.0889364563903, -12.846154562247467 ], [ 45.089117096684134, -12.846178012329153 ], [ 45.089489350066927, -12.845980752423952 ], [ 45.089574153437603, -12.846028650425183 ], [ 45.089764173010501, -12.846512376045773 ], [ 45.089618723148057, -12.846969087762297 ] ] ] ] } },
{ "type": "Feature", "properties": { "code_iris": "976150105", "nom_iris": "Pamandzi-Route nationale" }, "geometry": { "type": "MultiPolygon", "coordinates": [ [ [ [ 45.278378364248169, -12.804426384867156 ], [ 45.276818317666034, -12.801834566147651 ], [ 45.276652922938041, -12.80141244306393 ], [ 45.275711386394526, -12.800707190480077 ], [ 45.273604464798247, -12.799333078352507 ], [ 45.273462297462004, -12.799082741413963 ], [ 45.273339145046556, -12.798521313643406 ], [ 45.27313147963838, -12.798197798042194 ], [ 45.273024921510462, -12.797643587078115 ], [ 45.272946551438551, -12.797596645881757 ], [ 45.272985161021197, -12.797513412471829 ], [ 45.272682488953478, -12.796235983238178 ], [ 45.27254413999389, -12.796106814791385 ], [ 45.272482929651545, -12.795736124717884 ], [ 45.272232001720425, -12.795449728329418 ], [ 45.272149700688026, -12.795173104689892 ], [ 45.272065667460865, -12.794139603286672 ], [ 45.271450416554181, -12.793502722445119 ], [ 45.271346090643576, -12.793307506068098 ], [ 45.271474889059341, -12.793123805298546 ], [ 45.272251736567263, -12.794090580258693 ], [ 45.273303408585427, -12.795282232800405 ], [ 45.274110415269064, -12.796007528806562 ], [ 45.274223933046962, -12.796179223240292 ], [ 45.274246154111545, -12.796278670518724 ], [ 45.274349406720411, -12.796330106820635 ], [ 45.274413889162446, -12.796315571275887 ], [ 45.275544745864494, -12.797437502580916 ], [ 45.276100097566442, -12.798049116323147 ], [ 45.27644135012202, -12.798353499631512 ], [ 45.276447893539284, -12.798439398991382 ], [ 45.276507789041517, -12.798442953260693 ], [ 45.276546577857275, -12.798525201679302 ], [ 45.277529972399655, -12.799596639165404 ], [ 45.278013359257635, -12.800113375414968 ], [ 45.279919014428124, -12.80193618619621 ], [ 45.281064849644864, -12.803226271680314 ], [ 45.280337382927875, -12.803643013468692 ], [ 45.278378364248169, -12.804426384867156 ] ] ] ] } },
{ "type": "Feature", "properties": { "code_iris": "976140200", "nom_iris": "Barakani" }, "geometry": { "type": "MultiPolygon", "coordinates": [ [ [ [ 45.123496158517817, -12.844306704585787 ], [ 45.121923662926726, -12.839917156219812 ], [ 45.125841144027362, -12.830437539082002 ], [ 45.126078933896594, -12.830506150554335 ], [ 45.12650663399841, -12.830722972652048 ], [ 45.127053172492531, -12.830859255604476 ], [ 45.127640314747175, -12.831105840026442 ], [ 45.128235704328858, -12.831258373846596 ], [ 45.128968469036103, -12.831539246896236 ], [ 45.129628370381475, -12.831696267293564 ], [ 45.130000759479977, -12.83186699256777 ], [ 45.130692158025511, -12.832340493100681 ], [ 45.13181818464313, -12.833926039861076 ], [ 45.131783235106099, -12.834058986689055 ], [ 45.131615618507162, -12.834260725325413 ], [ 45.131532777944649, -12.834450665793804 ], [ 45.131532907650723, -12.83470024727127 ], [ 45.132236583056702, -12.833957479550767 ], [ 45.132514818487294, -12.833820793009806 ], [ 45.133102711780325, -12.833720120804061 ], [ 45.13337915961305, -12.833690139410209 ], [ 45.133984023468734, -12.834313785637868 ], [ 45.133984712830596, -12.835615949699747 ], [ 45.133598649186688, -12.837488007364151 ], [ 45.132786099020976, -12.837993007808322 ], [ 45.13714719963621, -12.838498973628944 ], [ 45.139055420282929, -12.839565021643859 ], [ 45.141120601274828, -12.841128325404689 ], [ 45.141822500505661, -12.842167869585184 ], [ 45.139222139454127, -12.842760659723147 ], [ 45.13855945063473, -12.84262536806829 ], [ 45.135656742984992, -12.843114290089938 ], [ 45.133037552107879, -12.842997168886706 ], [ 45.131927165433176, -12.84322018184508 ], [ 45.123496158517817, -12.844306704585787 ] ] ] ] } },
{ "type": "Feature", "properties": { "code_iris": "976130200", "nom_iris": "Chembenyouba" }, "geometry": { "type": "MultiPolygon", "coordinates": [ [ [ [ 45.066230816345332, -12.760003734060485 ], [ 45.066132223465146, -12.759942267187816 ], [ 45.066121145805418, -12.759856362629916 ], [ 45.06635783391166, -12.759547036918315 ], [ 45.066532864420765, -12.759499969954314 ], [ 45.066522782339334, -12.759698915784806 ], [ 45.066230816345332, -12.760003734060485 ] ] ], [ [ [ 45.082177096845733, -12.73383548434885 ], [ 45.082456454531538, -12.734574201722952 ], [ 45.083376954059972, -12.735288301821971 ], [ 45.082346466598374, -12.736292385143162 ], [ 45.083930753883237, -12.738588781375789 ], [ 45.083457329859783, -12.738814098976441 ], [ 45.083625143786989, -12.73928698904159 ], [ 45.083583789167093, -12.739590843123631 ], [ 45.083257749179822, -12.739795315138004 ], [ 45.083133429094353, -12.739926476081145 ], [ 45.083115960943772, -12.740033187636437 ], [ 45.083601437610049, -12.740034843312943 ], [ 45.083901767145761, -12.740083579868092 ], [ 45.084018782199394, -12.740149555822727 ], [ 45.084168998390908, -12.740329461542222 ], [ 45.084704378229873, -12.740804946569174 ], [ 45.085154961808335, -12.741140293050019 ], [ 45.085247143358401, -12.741321121091721 ], [ 45.085230720526674, -12.741796782168954 ], [ 45.085330302039822, -12.742067132352631 ], [ 45.085422799420371, -12.743189324530412 ], [ 45.085690096179306, -12.743616062246694 ], [ 45.085815415255361, -12.743714589070319 ], [ 45.086007048581656, -12.743772401308354 ], [ 45.086241088424394, -12.743919724139225 ], [ 45.086424469632355, -12.74409147909733 ], [ 45.086570123658895, -12.744388942352025 ], [ 45.083663731728244, -12.744589725062786 ], [ 45.076127392518515, -12.745229524192437 ], [ 45.076212630049419, -12.74685088883691 ], [ 45.077214656312641, -12.748987431511599 ], [ 45.077507050606926, -12.750175580660306 ], [ 45.078574791621413, -12.750238565762576 ], [ 45.078501997010761, -12.753175714853363 ], [ 45.078344481386885, -12.753237253148841 ], [ 45.078166721659208, -12.753375661808379 ], [ 45.077989008521918, -12.753666894988843 ], [ 45.07797434176662, -12.753906535603665 ], [ 45.077908046920477, -12.754023208281687 ], [ 45.077618853846367, -12.754291866832462 ], [ 45.077418987441725, -12.754445654366917 ], [ 45.077067074908364, -12.754473790102164 ], [ 45.076842318188469, -12.754575135759962 ], [ 45.076787060053185, -12.754633026236792 ], [ 45.076766816861841, -12.754714418021454 ], [ 45.076801873278647, -12.754875371075391 ], [ 45.076900513698796, -12.755092371480215 ], [ 45.077106937326661, -12.755293967537664 ], [ 45.07716225689196, -12.75543863744433 ], [ 45.077142032654812, -12.755582425103716 ], [ 45.076970789715347, -12.75595323300071 ], [ 45.077297893827598, -12.756134899397034 ], [ 45.077893957731511, -12.756151905905721 ], [ 45.078161149936051, -12.756234117224622 ], [ 45.078261639856471, -12.756468298009505 ], [ 45.078888228786781, -12.756880466943562 ], [ 45.079519533379781, -12.757636262238577 ], [ 45.079887185624827, -12.757844137523898 ], [ 45.079710429160208, -12.758252024574338 ], [ 45.079554980943712, -12.759042418699869 ], [ 45.079065053999287, -12.759660194062722 ], [ 45.078522768435626, -12.760786193589484 ], [ 45.079089442602125, -12.761061832255644 ], [ 45.07932811690798, -12.761260703935291 ], [ 45.079572258529041, -12.761265151971047 ], [ 45.079728862052342, -12.761218081827906 ], [ 45.079839327049257, -12.76093410224958 ], [ 45.079994974374578, -12.760776709179597 ], [ 45.080242748514138, -12.760615670910887 ], [ 45.080848894276677, -12.760434628696032 ], [ 45.080959417492373, -12.760338740399661 ], [ 45.08124778403802, -12.760356737651666 ], [ 45.081310449593083, -12.76041459277037 ], [ 45.081413712835662, -12.760664144288963 ], [ 45.081539942894622, -12.760709319738714 ], [ 45.081593414909399, -12.760826860588333 ], [ 45.081619319808105, -12.761166864620744 ], [ 45.081368792854221, -12.761361363649234 ], [ 45.081467435361091, -12.761564797897881 ], [ 45.081319184173964, -12.761801766827389 ], [ 45.081289944132692, -12.762556855673163 ], [ 45.081687147998593, -12.762957332407074 ], [ 45.081487294958166, -12.763166284455192 ], [ 45.081065445491483, -12.763485627588398 ], [ 45.08110983807866, -12.76402095195186 ], [ 45.080833404579067, -12.763878159302914 ], [ 45.080707218369625, -12.76397586088923 ], [ 45.080316805310467, -12.764658716633138 ], [ 45.080395164604973, -12.76481423017912 ], [ 45.080343622802388, -12.764975208958408 ], [ 45.079649147780039, -12.765560492976263 ], [ 45.079471582101853, -12.766345467588367 ], [ 45.079060876561144, -12.76697407027984 ], [ 45.078943880989307, -12.767006659601456 ], [ 45.078918965663085, -12.766877354010184 ], [ 45.078486821585187, -12.766707476811405 ], [ 45.078058434853048, -12.766770903836896 ], [ 45.0776612963516, -12.766585642056418 ], [ 45.07730473144256, -12.766517925116844 ], [ 45.077102985563435, -12.766582188458333 ], [ 45.07686435713083, -12.76654608652021 ], [ 45.076450559250766, -12.766104010230642 ], [ 45.076133574219448, -12.765912392914148 ], [ 45.075747497544818, -12.765738880773917 ], [ 45.075375278647392, -12.76569286859548 ], [ 45.075156030091229, -12.765763465456363 ], [ 45.075000313036917, -12.765704731047773 ], [ 45.074842738828956, -12.765596261280454 ], [ 45.074776324491587, -12.765321376794596 ], [ 45.074605848995738, -12.765201154799209 ], [ 45.073861449777361, -12.765234822593602 ], [ 45.073837373249106, -12.764811622916596 ], [ 45.074102608257569, -12.764473345236224 ], [ 45.074150414468598, -12.764126085523623 ], [ 45.074070201869596, -12.763919930528296 ], [ 45.073552245981574, -12.763266275510514 ], [ 45.073369707047448, -12.76283859835009 ], [ 45.072956607257623, -12.761575423230559 ], [ 45.072933413746114, -12.761012058541354 ], [ 45.07277423003287, -12.761705690911031 ], [ 45.072812033258145, -12.761812386415036 ], [ 45.072641545819288, -12.761638810147341 ], [ 45.072390039812014, -12.761656060626219 ], [ 45.072046355067656, -12.761496095670926 ], [ 45.071543356426417, -12.761577618200864 ], [ 45.071276145766781, -12.761442047286797 ], [ 45.071054941048189, -12.761096669032064 ], [ 45.070632879612468, -12.760687139924324 ], [ 45.070210743731892, -12.760002706714308 ], [ 45.070070679145005, -12.759893325086212 ], [ 45.069642257424341, -12.759794870975124 ], [ 45.069460698915996, -12.759550761092086 ], [ 45.069479982831432, -12.759320162671312 ], [ 45.069301241558946, -12.759270473777258 ], [ 45.06871334128121, -12.758804919111396 ], [ 45.067464831854551, -12.758119790622338 ], [ 45.066918522137165, -12.758138919539448 ], [ 45.066391589237654, -12.758273791298695 ], [ 45.066115167816108, -12.758121940235581 ], [ 45.06562028079356, -12.757487253500916 ], [ 45.064721024324356, -12.757107674298709 ], [ 45.064597492158356, -12.756783969444578 ], [ 45.06477969690102, -12.755972778572954 ], [ 45.064708665998424, -12.75560475075932 ], [ 45.064550095905709, -12.755159879821045 ], [ 45.063932618163498, -12.754234943164564 ], [ 45.06369936492743, -12.753535984738823 ], [ 45.063225793242658, -12.753350719328481 ], [ 45.062919010687729, -12.753332706743439 ], [ 45.062792731825787, -12.753061450304571 ], [ 45.062870061637611, -12.752836264165953 ], [ 45.062737276190703, -12.75232899000447 ], [ 45.062569589480944, -12.752252165233218 ], [ 45.062449835644244, -12.752288365072056 ], [ 45.062386247357004, -12.752198855543565 ], [ 45.062136567064698, -12.752112102656261 ], [ 45.061985392354217, -12.751744092801037 ], [ 45.062043416554388, -12.751684396165889 ], [ 45.061798342031643, -12.75159312043095 ], [ 45.061733817561972, -12.751440310775095 ], [ 45.061697900032271, -12.751486437861926 ], [ 45.061639856763698, -12.751467461342513 ], [ 45.061657432263353, -12.751764063813319 ], [ 45.061600332702284, -12.751838228761354 ], [ 45.061022618157686, -12.75145946589663 ], [ 45.060222884286055, -12.751078943826551 ], [ 45.060258761609568, -12.750861906442317 ], [ 45.060540325127441, -12.749439396430464 ], [ 45.060303547892936, -12.749362585999805 ], [ 45.060133994925764, -12.74917362830652 ], [ 45.059481488426449, -12.748024425096592 ], [ 45.059385828129003, -12.744706611314285 ], [ 45.059499932265958, -12.744159490930757 ], [ 45.060204447430912, -12.743227914019911 ], [ 45.062394444039754, -12.74428632892174 ], [ 45.06384719828192, -12.744229916447338 ], [ 45.064248620470401, -12.743313774711806 ], [ 45.065900326303513, -12.743157830836065 ], [ 45.067589654983067, -12.742454772310181 ], [ 45.070028634468436, -12.740995520195108 ], [ 45.069553164932927, -12.740538075381989 ], [ 45.069274178185552, -12.734267807505026 ], [ 45.082177096845733, -12.73383548434885 ] ] ] ] } },
{ "type": "Feature", "properties": { "code_iris": "976120200", "nom_iris": "Hamjago" }, "geometry": { "type": "MultiPolygon", "coordinates": [ [ [ [ 45.071718349629975, -12.692532329923457 ], [ 45.072249708035962, -12.692250951044922 ], [ 45.072723896182275, -12.691740800836129 ], [ 45.07296129932471, -12.69095671436571 ], [ 45.073099435799584, -12.690893375929123 ], [ 45.072997166143722, -12.690769516013111 ], [ 45.073401319294781, -12.690145442966337 ], [ 45.073517081364344, -12.689144359338092 ], [ 45.073538832283674, -12.68791270705338 ], [ 45.073209471653264, -12.685964951911872 ], [ 45.073033432223809, -12.685522801267586 ], [ 45.072861138654183, -12.685295871112773 ], [ 45.071767692099456, -12.684554648664156 ], [ 45.071377971722427, -12.684072765595284 ], [ 45.070665882505907, -12.683522241587244 ], [ 45.07011236229647, -12.683533239699235 ], [ 45.069487088355096, -12.683856236448785 ], [ 45.069080956426625, -12.683972091804534 ], [ 45.068759511753626, -12.683920630474331 ], [ 45.0677719790108, -12.683107020568196 ], [ 45.067603416046332, -12.683032911480195 ], [ 45.067471719677179, -12.683059169439229 ], [ 45.067309536140392, -12.682727335065989 ], [ 45.066916165348808, -12.682331354088269 ], [ 45.066661022398151, -12.682231041681778 ], [ 45.06665911006305, -12.681960658563547 ], [ 45.066555899794409, -12.681735515472962 ], [ 45.066332077324738, -12.681657802223745 ], [ 45.066462822076332, -12.681515795562387 ], [ 45.066476558907667, -12.681214662550987 ], [ 45.066564934065539, -12.681059102032943 ], [ 45.066791469336238, -12.680946008578916 ], [ 45.066996864570271, -12.680997501594661 ], [ 45.067108373829662, -12.68126062273787 ], [ 45.067218889501525, -12.681246126125739 ], [ 45.067737509406193, -12.681622180359494 ], [ 45.068667742625578, -12.681720509609375 ], [ 45.069429460456945, -12.68191654330704 ], [ 45.070168230252719, -12.682389294499227 ], [ 45.07287074916988, -12.683465580041348 ], [ 45.073668351342299, -12.683511479085595 ], [ 45.074802083955348, -12.683433393238458 ], [ 45.075592243344325, -12.683225182346785 ], [ 45.075819692683289, -12.683095803697814 ], [ 45.075921039074125, -12.683217854286074 ], [ 45.076064851830054, -12.683677193862689 ], [ 45.076148662124822, -12.683673552691696 ], [ 45.076719914801764, -12.684442037158851 ], [ 45.078838764712209, -12.686177658683595 ], [ 45.07985161684222, -12.685336364237115 ], [ 45.082485757609255, -12.685498332286729 ], [ 45.085257643899226, -12.684430392359946 ], [ 45.085361755002047, -12.684542491203249 ], [ 45.08548423112569, -12.684489098580446 ], [ 45.085665701812829, -12.684585799436496 ], [ 45.0858158314241, -12.684602028263283 ], [ 45.086133666456334, -12.684862361654959 ], [ 45.086707427255632, -12.684781693044828 ], [ 45.086934939193924, -12.684849440645136 ], [ 45.087250921633725, -12.685074505890519 ], [ 45.087395579868151, -12.685249891073637 ], [ 45.087890149533465, -12.685213556266651 ], [ 45.088013594606721, -12.685300327474749 ], [ 45.088241097065321, -12.685338232305421 ], [ 45.088399547564123, -12.685444886136997 ], [ 45.090530122929728, -12.686233615967492 ], [ 45.08869419683019, -12.690550421376054 ], [ 45.088656522953144, -12.690805444284759 ], [ 45.090863197491409, -12.695679735362338 ], [ 45.080554946854498, -12.696024884938375 ], [ 45.075479927314085, -12.695881689378995 ], [ 45.075110889874409, -12.693774793771619 ], [ 45.074586036483069, -12.694254216465724 ], [ 45.072928472341772, -12.695348870152142 ], [ 45.07220185904022, -12.695675518113507 ], [ 45.072018546710673, -12.695590564450876 ], [ 45.07166845871383, -12.695268731226752 ], [ 45.07164999274098, -12.695107772235135 ], [ 45.071450024195876, -12.694743396433546 ], [ 45.071453641480922, -12.694503758070882 ], [ 45.071261996547584, -12.694259650712652 ], [ 45.071025238014876, -12.694077047140723 ], [ 45.071642929945639, -12.692908535817233 ], [ 45.071718349629975, -12.692532329923457 ] ] ], [ [ [ 45.059470480125327, -12.676961622408742 ], [ 45.059481578469445, -12.677162373066547 ], [ 45.058877377357099, -12.676998830429513 ], [ 45.058763208954872, -12.67714354263445 ], [ 45.05834603217918, -12.677264809822887 ], [ 45.058384742230587, -12.677391402405005 ], [ 45.057670068478117, -12.6774277301098 ], [ 45.057267648858705, -12.677649368976256 ], [ 45.057084378928543, -12.677674728602023 ], [ 45.056977527631723, -12.677596982286587 ], [ 45.056583348686154, -12.677604300810831 ], [ 45.056284916566739, -12.677450634267569 ], [ 45.056157848381467, -12.677575453630487 ], [ 45.056075826934027, -12.67732859883027 ], [ 45.05589532676079, -12.677384703029972 ], [ 45.055939500341672, -12.677230963852185 ], [ 45.05576630746873, -12.677008544037644 ], [ 45.055633678822275, -12.676974208667874 ], [ 45.055465099894725, -12.676791576599827 ], [ 45.055346317136255, -12.676901020863577 ], [ 45.055144586118793, -12.676731959891271 ], [ 45.055164787344779, -12.676451624710348 ], [ 45.055299242791286, -12.676417233628751 ], [ 45.05552398090046, -12.676506711855762 ], [ 45.055590261952041, -12.676371053979075 ], [ 45.055785529202467, -12.676462346731556 ], [ 45.055973460943946, -12.676701040724978 ], [ 45.056254358063505, -12.676693747099572 ], [ 45.056488260313678, -12.67657342647791 ], [ 45.056680713914041, -12.676433220031416 ], [ 45.056606995308321, -12.676250568444688 ], [ 45.05682248986875, -12.676186317643733 ], [ 45.057094087609208, -12.67577932737877 ], [ 45.057150205263305, -12.675501697202929 ], [ 45.057270897434286, -12.675700615820258 ], [ 45.057319777485809, -12.676006256504674 ], [ 45.057792247170553, -12.676044134570578 ], [ 45.058138510521019, -12.675938256750134 ], [ 45.058149506246409, -12.675691382212529 ], [ 45.058211200942118, -12.675644345450731 ], [ 45.058574103937126, -12.675813368653742 ], [ 45.05876097856757, -12.675448897132263 ], [ 45.058718543310306, -12.675141446696543 ], [ 45.058810637363685, -12.675126957649285 ], [ 45.058913832751941, -12.67532859227143 ], [ 45.059238009468736, -12.675301391450514 ], [ 45.05957971026173, -12.675384510121129 ], [ 45.059961867126674, -12.675180958181569 ], [ 45.060057691195254, -12.675363603852942 ], [ 45.05958439058265, -12.6757091504483 ], [ 45.059614809486945, -12.675823988906606 ], [ 45.059302751686552, -12.676486001514565 ], [ 45.059296357336834, -12.676712980598696 ], [ 45.059344290758709, -12.676896541474484 ], [ 45.059470480125327, -12.676961622408742 ] ] ], [ [ [ 45.051495483788585, -12.675829302323114 ], [ 45.051313085051156, -12.675602359880727 ], [ 45.051285414000866, -12.675393473386762 ], [ 45.051466872528259, -12.67552546520241 ], [ 45.05160598620121, -12.675756033118345 ], [ 45.051495483788585, -12.675829302323114 ] ] ], [ [ [ 45.049528618890804, -12.67282470781007 ], [ 45.049443932604191, -12.673045371263425 ], [ 45.049253299172541, -12.67307976979866 ], [ 45.049016594024707, -12.672992097023588 ], [ 45.0485284078649, -12.672600627299833 ], [ 45.048107494062222, -12.672425270747189 ], [ 45.047959224587515, -12.672456043514572 ], [ 45.047677377586638, -12.672284278342397 ], [ 45.047559510174246, -12.672370207364271 ], [ 45.047007781664043, -12.671982363348969 ], [ 45.046573973649814, -12.671791633635722 ], [ 45.046403621882824, -12.671936350439967 ], [ 45.046130992289136, -12.671798945179505 ], [ 45.046216601820809, -12.671577378297615 ], [ 45.046469850886687, -12.67149323483755 ], [ 45.047407385299017, -12.671473174937173 ], [ 45.048572358294393, -12.671249604159707 ], [ 45.048754737406057, -12.671402396474999 ], [ 45.048980445250564, -12.671782158465327 ], [ 45.049055092453855, -12.672039868475725 ], [ 45.049528618890804, -12.67282470781007 ] ] ] ] } },
{ "type": "Feature", "properties": { "code_iris": "976030200", "nom_iris": "Hamouro" }, "geometry": { "type": "MultiPolygon", "coordinates": [ [ [ [ 45.234079630888317, -12.899035848258269 ], [ 45.233814374511866, -12.899268483311154 ], [ 45.23367792348099, -12.899238764250571 ], [ 45.233616223007175, -12.899302118381748 ], [ 45.233431480231964, -12.89987920871174 ], [ 45.233096150161792, -12.900093820125711 ], [ 45.232557066175303, -12.900266111547198 ], [ 45.232481562634398, -12.900355701567774 ], [ 45.232285518131633, -12.90067598794421 ], [ 45.232305997653569, -12.900892994995113 ], [ 45.232426036794827, -12.901117147773959 ], [ 45.232353330866566, -12.901242001870481 ], [ 45.232486120749613, -12.901298853009424 ], [ 45.232556292662515, -12.901424484409906 ], [ 45.23237291208607, -12.901484329312487 ], [ 45.232222614843671, -12.901434727835019 ], [ 45.232085466114356, -12.90164916196462 ], [ 45.231878013809045, -12.901595089635398 ], [ 45.231837704148788, -12.901865502626821 ], [ 45.231716853242737, -12.901760714183309 ], [ 45.231512261091041, -12.901809726015895 ], [ 45.231363712645546, -12.901657035512523 ], [ 45.231545995481888, -12.901405486659733 ], [ 45.231573333838377, -12.901062743435977 ], [ 45.231437591044305, -12.900801528999416 ], [ 45.231361004767415, -12.900716595188625 ], [ 45.230899105173677, -12.900623863283814 ], [ 45.230861937765226, -12.900301071009794 ], [ 45.230670077596919, -12.900160173827391 ], [ 45.23058896154194, -12.900161149609646 ], [ 45.230507064450741, -12.900315852288104 ], [ 45.230420389504893, -12.90028608767024 ], [ 45.230353014936156, -12.900193911263546 ], [ 45.230457788613322, -12.899855621267188 ], [ 45.230353374946262, -12.89957991026345 ], [ 45.230124632008959, -12.899425481051249 ], [ 45.229845349969246, -12.899444716272757 ], [ 45.229810252990724, -12.899368788251607 ], [ 45.229657224326168, -12.899354454273865 ], [ 45.229513178553105, -12.899082394781182 ], [ 45.229713941550585, -12.898879661637304 ], [ 45.229893371246725, -12.898532263550042 ], [ 45.229904184051122, -12.898260068140512 ], [ 45.230050712538777, -12.898222864189743 ], [ 45.230041380777493, -12.898098082840583 ], [ 45.230107703972628, -12.898049193825635 ], [ 45.229969248593186, -12.897842237231762 ], [ 45.230130340100217, -12.897602463476378 ], [ 45.23014150418097, -12.896706319913797 ], [ 45.230340860854291, -12.895976396808756 ], [ 45.230642884237739, -12.895630698787874 ], [ 45.230660288477019, -12.895511319508245 ], [ 45.23121594302787, -12.895325453351921 ], [ 45.231280382711773, -12.89523406491274 ], [ 45.231231402994048, -12.895096658809523 ], [ 45.231348432160139, -12.895058575946122 ], [ 45.231419545914697, -12.895208622266654 ], [ 45.231576245062094, -12.895207579380962 ], [ 45.231928562304027, -12.895427909805246 ], [ 45.232561815088587, -12.895427347823238 ], [ 45.232699059533395, -12.89532052170739 ], [ 45.232782193888113, -12.895510344926418 ], [ 45.233087453122216, -12.895677363561276 ], [ 45.233062654136148, -12.895773238493245 ], [ 45.233166025938047, -12.89591782994736 ], [ 45.233808842606358, -12.89628891222004 ], [ 45.233840286846366, -12.896401013855524 ], [ 45.23398047887656, -12.896490411470783 ], [ 45.234186603523625, -12.897103323487437 ], [ 45.23408784406822, -12.8979552360227 ], [ 45.234200452781437, -12.898118808465629 ], [ 45.234079630888317, -12.899035848258269 ] ] ], [ [ [ 45.207826803337369, -12.879388252241899 ], [ 45.214888744921758, -12.875920088746691 ], [ 45.216895257495516, -12.874826072264685 ], [ 45.221960526661768, -12.872335981491952 ], [ 45.221947027556418, -12.872706745405695 ], [ 45.221744973358071, -12.873521667572653 ], [ 45.221477878922734, -12.873743440599146 ], [ 45.220660450054886, -12.874920590899505 ], [ 45.220196754976293, -12.874824223542559 ], [ 45.219866955181267, -12.875014398023287 ], [ 45.219025979219253, -12.875623678797972 ], [ 45.21769811733494, -12.877039070224606 ], [ 45.21726932144783, -12.87787045415309 ], [ 45.21727310017792, -12.877977155379645 ], [ 45.217566371611987, -12.878174043813937 ], [ 45.217620034044749, -12.878410014815117 ], [ 45.217583198649585, -12.878448024921731 ], [ 45.217633931395042, -12.878493196496928 ], [ 45.217387883883148, -12.878548561474743 ], [ 45.217304208232996, -12.878780125075219 ], [ 45.217205608340514, -12.87880643078288 ], [ 45.217078588112308, -12.879009997740424 ], [ 45.216919167152852, -12.879049917838397 ], [ 45.216825281381034, -12.879199200789682 ], [ 45.215995728094036, -12.881332164411772 ], [ 45.215723133143435, -12.882681565895611 ], [ 45.21586666790391, -12.883461836072255 ], [ 45.216201643287945, -12.883916409556905 ], [ 45.216526268081779, -12.884123220104062 ], [ 45.216718003978649, -12.884142955547945 ], [ 45.217033384195162, -12.884317219244451 ], [ 45.217845397124634, -12.88428489552132 ], [ 45.217896249135443, -12.884466612245143 ], [ 45.217392751200002, -12.88526279155451 ], [ 45.217482441360616, -12.885590064170703 ], [ 45.217295843853336, -12.886186135423685 ], [ 45.21669947593292, -12.886178491131972 ], [ 45.215735666485649, -12.88655636905577 ], [ 45.215670357243056, -12.886712862205949 ], [ 45.215522823273844, -12.886646971690981 ], [ 45.215296092863618, -12.886666147947521 ], [ 45.214916487898115, -12.886841888879275 ], [ 45.213805537464133, -12.887623186583328 ], [ 45.212296990643189, -12.889120082850431 ], [ 45.211671445823029, -12.889500384306395 ], [ 45.211485437771628, -12.889720273145093 ], [ 45.211135747983825, -12.890405090600813 ], [ 45.211207790646512, -12.890579557311947 ], [ 45.211465973690778, -12.890690574548882 ], [ 45.211508541922811, -12.890890384638496 ], [ 45.211006324465075, -12.891053559183829 ], [ 45.210828703538994, -12.891384666454574 ], [ 45.210191744307778, -12.891350816274034 ], [ 45.208819847192323, -12.892065386215812 ], [ 45.20854448288528, -12.892355877604658 ], [ 45.208043905380528, -12.892278508400107 ], [ 45.207509449666532, -12.892476064315872 ], [ 45.207436947348697, -12.891740947198993 ], [ 45.20671163203378, -12.891869023577298 ], [ 45.20601852337289, -12.891931060617152 ], [ 45.20574016855376, -12.890820831171876 ], [ 45.204284841787199, -12.889829077957829 ], [ 45.204285414567948, -12.889398643032216 ], [ 45.204046465767625, -12.887992683002494 ], [ 45.203521149252211, -12.888086232093587 ], [ 45.201975829135428, -12.887484277682749 ], [ 45.201257733356648, -12.886253208786517 ], [ 45.202225003739329, -12.885567023568749 ], [ 45.201862639462789, -12.884261530665247 ], [ 45.201258251740207, -12.883439105844094 ], [ 45.200815213707251, -12.882672620909515 ], [ 45.207826803337369, -12.879388252241899 ] ] ] ] } },
{ "type": "Feature", "properties": { "code_iris": "976020200", "nom_iris": "Handréma" }, "geometry": { "type": "MultiPolygon", "coordinates": [ [ [ [ 45.096246406302321, -12.672788394041547 ], [ 45.097049545472444, -12.672941832016624 ], [ 45.097483424823857, -12.673217482699583 ], [ 45.097383199226108, -12.673638015625524 ], [ 45.097143903219099, -12.674048652114228 ], [ 45.097161468105462, -12.674224078517298 ], [ 45.097569730165297, -12.674940128984995 ], [ 45.09802206024203, -12.67528721108066 ], [ 45.098645646890745, -12.675514862273902 ], [ 45.099235108160357, -12.675612306577166 ], [ 45.100063925562694, -12.675459170529706 ], [ 45.101258473023258, -12.675570850657264 ], [ 45.101462062382609, -12.675707321251673 ], [ 45.101914504008221, -12.676318450063754 ], [ 45.102443291858123, -12.676686293958239 ], [ 45.10264500891109, -12.676743186600012 ], [ 45.10313957434883, -12.676742995227368 ], [ 45.104006097668631, -12.676453284093412 ], [ 45.104453677204496, -12.676415128367461 ], [ 45.104594588198417, -12.676418690148536 ], [ 45.104786202474394, -12.676543407078576 ], [ 45.105105788035928, -12.676558653920958 ], [ 45.104843380015815, -12.676731477384632 ], [ 45.104644437244254, -12.67670352268293 ], [ 45.104163828411949, -12.677052768300108 ], [ 45.103937472402102, -12.677558356383132 ], [ 45.103606069327256, -12.67793014993166 ], [ 45.102948086782334, -12.679225352283019 ], [ 45.102816390664458, -12.679238063340858 ], [ 45.101813667031536, -12.679821717838852 ], [ 45.100454395222506, -12.680099852708592 ], [ 45.100979344895421, -12.68006167354415 ], [ 45.101047523859314, -12.680126756689191 ], [ 45.10096481923815, -12.68059521155895 ], [ 45.101353769494466, -12.681332061784634 ], [ 45.101436831936965, -12.681768803268776 ], [ 45.101501268385285, -12.681684679490598 ], [ 45.101531804940201, -12.682047289020485 ], [ 45.101770497385992, -12.682435139098432 ], [ 45.101796371936764, -12.68265306360955 ], [ 45.101978846853306, -12.682946888616682 ], [ 45.101977021407279, -12.682988486756621 ], [ 45.102017544008341, -12.682984854036974 ], [ 45.102262652242807, -12.68329041058721 ], [ 45.102648670552725, -12.683585965300722 ], [ 45.103424137603376, -12.683542258641102 ], [ 45.103800775759268, -12.683413702331348 ], [ 45.104599316220927, -12.68349025407962 ], [ 45.105245754221244, -12.6832322756424 ], [ 45.106021263851332, -12.683295267858869 ], [ 45.106308583807298, -12.683216479681825 ], [ 45.105797308632972, -12.6851581985794 ], [ 45.105347003462903, -12.685323862896265 ], [ 45.104943618826205, -12.685366524225557 ], [ 45.104740981968277, -12.68533043249564 ], [ 45.104209456613212, -12.685077439718905 ], [ 45.103941438036095, -12.68506488459832 ], [ 45.103625563629514, -12.685142777070457 ], [ 45.102752590701655, -12.685500311385891 ], [ 45.102410011150766, -12.685590872829739 ], [ 45.101945784899158, -12.685497909256615 ], [ 45.100714210046362, -12.68502905131354 ], [ 45.100522670832838, -12.685106892953142 ], [ 45.100027197510798, -12.685182136156504 ], [ 45.099301528384437, -12.685403959872746 ], [ 45.09860528124517, -12.685498265514248 ], [ 45.098434036266937, -12.685662005868222 ], [ 45.09844056361429, -12.685870894916729 ], [ 45.09838352411699, -12.686035497194698 ], [ 45.098280415529487, -12.686152189024163 ], [ 45.097897321708807, -12.686276218450487 ], [ 45.097698451217617, -12.686455341468832 ], [ 45.097522533503046, -12.686444554587736 ], [ 45.097215006973414, -12.686687017544083 ], [ 45.09707508201641, -12.686869735690827 ], [ 45.096923160730164, -12.68699187057406 ], [ 45.096857813768949, -12.687111260949019 ], [ 45.0965981558316, -12.68729311817059 ], [ 45.096509663281765, -12.68709420608559 ], [ 45.096493928000257, -12.686887128926346 ], [ 45.096421076238954, -12.686643900813282 ], [ 45.096123471227266, -12.686331123584871 ], [ 45.095896771664201, -12.685983053039056 ], [ 45.095807236339006, -12.685455883024428 ], [ 45.095705834700965, -12.685213569265636 ], [ 45.095544618646315, -12.685107825094171 ], [ 45.095081307282094, -12.684989528991794 ], [ 45.094668692877363, -12.68498244196438 ], [ 45.093780893158964, -12.685125634922592 ], [ 45.092889319203799, -12.685022858750481 ], [ 45.092780625790425, -12.684983107862521 ], [ 45.092730851732732, -12.684873705872727 ], [ 45.092736328679592, -12.68473806012183 ], [ 45.092955187893345, -12.683799328254871 ], [ 45.093074824145567, -12.683539754483947 ], [ 45.093075695873452, -12.683404110326576 ], [ 45.093006587190594, -12.683311896699415 ], [ 45.092891441242628, -12.683254966550001 ], [ 45.091900354697266, -12.683009343562556 ], [ 45.096246406302321, -12.672788394041547 ] ] ], [ [ [ 45.1180156339761, -12.675647136886312 ], [ 45.118328234844256, -12.676493415454477 ], [ 45.118234382347026, -12.676682454260702 ], [ 45.117487366999654, -12.676459425203067 ], [ 45.116708001031448, -12.675977780656034 ], [ 45.115504163261569, -12.675705210007758 ], [ 45.115312607916849, -12.675721570401713 ], [ 45.114883356845212, -12.675549940651567 ], [ 45.113501089211233, -12.675808257529596 ], [ 45.112730516021266, -12.676451537161102 ], [ 45.112447633252543, -12.676126111695318 ], [ 45.112010039683369, -12.675828784189674 ], [ 45.111357047256121, -12.675780226646822 ], [ 45.110901068522402, -12.67555796126374 ], [ 45.110871560204949, -12.67547206578697 ], [ 45.111079581932707, -12.675198882660586 ], [ 45.111884233444627, -12.67456011487729 ], [ 45.112346312525659, -12.673993832989677 ], [ 45.113084754419447, -12.673597439922684 ], [ 45.113395024674993, -12.673381181912514 ], [ 45.11351559637211, -12.673212027781057 ], [ 45.113912631705468, -12.673435218279749 ], [ 45.114037069524954, -12.673676611046137 ], [ 45.114815552349128, -12.67426949195031 ], [ 45.115090152981139, -12.674607578612347 ], [ 45.11587223463016, -12.675000606179097 ], [ 45.11722698991462, -12.675012672540609 ], [ 45.118074214417994, -12.674861280922698 ], [ 45.118216007297313, -12.674781640211341 ], [ 45.118182961967989, -12.675019483763981 ], [ 45.1180156339761, -12.675647136886312 ] ] ] ] } },
{ "type": "Feature", "properties": { "code_iris": "976090200", "nom_iris": "Kani-Bé" }, "geometry": { "type": "MultiPolygon", "coordinates": [ [ [ [ 45.117022813723352, -12.980723324866533 ], [ 45.116698288136597, -12.980826557603939 ], [ 45.116134894378483, -12.980826809772413 ], [ 45.115897032550826, -12.98090468320534 ], [ 45.115166082248031, -12.981476507369894 ], [ 45.114532709815244, -12.981698333532005 ], [ 45.114044140887437, -12.982000574847671 ], [ 45.113617393541091, -12.982396832462314 ], [ 45.11334004096701, -12.98283100370236 ], [ 45.113008236092796, -12.983159398570928 ], [ 45.112765053366346, -12.983713822409952 ], [ 45.112533747377618, -12.984024991912122 ], [ 45.112353262230016, -12.984572154032893 ], [ 45.111990024608481, -12.984726941100575 ], [ 45.111383522962853, -12.985265242959379 ], [ 45.111064656673598, -12.985672301378033 ], [ 45.110960552962212, -12.985883945272288 ], [ 45.110957931914356, -12.986211292535861 ], [ 45.110528762370208, -12.987413251598714 ], [ 45.110478264144113, -12.987906100769226 ], [ 45.110309602017864, -12.98809697357251 ], [ 45.109950296615317, -12.988820542571485 ], [ 45.109922843529844, -12.989298913508195 ], [ 45.109763555278768, -12.989840639092346 ], [ 45.109844863807517, -12.990209547260855 ], [ 45.109406405535779, -12.991284910209115 ], [ 45.10945361005853, -12.99168729083231 ], [ 45.109274996157879, -12.992323972602307 ], [ 45.109309337152645, -12.992832158299892 ], [ 45.10896376659349, -12.993354971881086 ], [ 45.109029299058307, -12.993495106346625 ], [ 45.108866156602922, -12.993666986168652 ], [ 45.108984298782488, -12.993917419612817 ], [ 45.108905942680678, -12.993975325784147 ], [ 45.108897633627777, -12.993952722500749 ], [ 45.108791554039918, -12.99387409538927 ], [ 45.108799750871583, -12.993638981590301 ], [ 45.108548877881958, -12.993517009967247 ], [ 45.108471368178854, -12.993400391416188 ], [ 45.108675150158689, -12.993379508048816 ], [ 45.108725809149369, -12.993245654798287 ], [ 45.108577057720495, -12.992581982292817 ], [ 45.108296511275867, -12.992075707730315 ], [ 45.108173689982848, -12.991663411400884 ], [ 45.107582281325577, -12.990904973642939 ], [ 45.106972588289629, -12.990507346095233 ], [ 45.105976139708169, -12.98919113572658 ], [ 45.105871716957296, -12.988663083980942 ], [ 45.105587425147405, -12.987998560347936 ], [ 45.105555778995694, -12.987301380140178 ], [ 45.105652361606992, -12.986736171411101 ], [ 45.106246694765368, -12.985733996683134 ], [ 45.106993291071142, -12.985015699137481 ], [ 45.107234628948561, -12.984426919095121 ], [ 45.107508389115957, -12.984187174150955 ], [ 45.107785712428175, -12.983658060605606 ], [ 45.107926529230483, -12.983046714741771 ], [ 45.108266456319214, -12.982295123890045 ], [ 45.108221773428902, -12.981318529280662 ], [ 45.108106332807061, -12.980902612381371 ], [ 45.107945694863361, -12.980450543312447 ], [ 45.107566613907245, -12.980207451295618 ], [ 45.107636527612151, -12.97982491547522 ], [ 45.10747510316925, -12.979684820117047 ], [ 45.107351403487563, -12.979356620581346 ], [ 45.107379782248692, -12.978877344868643 ], [ 45.107312283229149, -12.97844060947665 ], [ 45.107666142187057, -12.977933166810145 ], [ 45.107529487094041, -12.977495555783703 ], [ 45.107638124403465, -12.977106673977966 ], [ 45.107156446155102, -12.976273134150052 ], [ 45.107000229974403, -12.97536892650511 ], [ 45.106550914865103, -12.974736120485622 ], [ 45.106582085921254, -12.974315621222747 ], [ 45.106978324016289, -12.973734915964231 ], [ 45.107193851102004, -12.973186838384365 ], [ 45.108166254910628, -12.972339133057435 ], [ 45.109002302440459, -12.971752815891366 ], [ 45.109427790210177, -12.970608733021992 ], [ 45.109532890939995, -12.970579752103989 ], [ 45.109599218955331, -12.970444083348758 ], [ 45.109524951639827, -12.969292975996449 ], [ 45.10958385866217, -12.969056031855365 ], [ 45.110059440516565, -12.968619971951979 ], [ 45.110447342913432, -12.967993146919017 ], [ 45.110733988641897, -12.967748871608256 ], [ 45.110701216471135, -12.966615832185331 ], [ 45.111055215610691, -12.966477327743283 ], [ 45.110762885864851, -12.966374365205152 ], [ 45.110707526789582, -12.966290291407734 ], [ 45.110713620432364, -12.965474634999964 ], [ 45.110794632517617, -12.965188850412551 ], [ 45.110656066743701, -12.964596610785657 ], [ 45.110631606026693, -12.963491599996136 ], [ 45.110504250240353, -12.963226702165588 ], [ 45.110515895007353, -12.962452639758444 ], [ 45.111007781791621, -12.961390814309592 ], [ 45.110791594015637, -12.96040344038766 ], [ 45.110176364244481, -12.959836722209774 ], [ 45.109537410594982, -12.959831566039654 ], [ 45.109461779898545, -12.959771915815194 ], [ 45.109123184226711, -12.959269282085112 ], [ 45.108620133429007, -12.957982711728283 ], [ 45.108231773854868, -12.957526215414152 ], [ 45.108242795663458, -12.957428549332413 ], [ 45.108475987384359, -12.957257544714713 ], [ 45.109229175142509, -12.957062811301492 ], [ 45.109736194535486, -12.956881743611891 ], [ 45.109857847766143, -12.956766849652322 ], [ 45.110049590440873, -12.956692618334213 ], [ 45.110210880101235, -12.956556909182305 ], [ 45.110306753309438, -12.956524314776484 ], [ 45.110707652754002, -12.956142541459201 ], [ 45.110726007943583, -12.955950827740191 ], [ 45.110778531985702, -12.955883889197025 ], [ 45.111016393373127, -12.955854851218914 ], [ 45.111135297181725, -12.955779745854942 ], [ 45.111710354598166, -12.955182679625771 ], [ 45.112156424387599, -12.954794554792274 ], [ 45.11229280057546, -12.954619971321534 ], [ 45.112426519303362, -12.954687734158851 ], [ 45.112617327471291, -12.954590894529362 ], [ 45.112588634956758, -12.954344040327051 ], [ 45.112524959379563, -12.954213852478311 ], [ 45.112639220330095, -12.954068215116575 ], [ 45.113076293639061, -12.954182868537263 ], [ 45.113537205489543, -12.954002717753637 ], [ 45.113575072468535, -12.954147384974958 ], [ 45.113528055185839, -12.956191967139102 ], [ 45.116592486583407, -12.955595602241852 ], [ 45.12119526413376, -12.954089696082038 ], [ 45.120191249682755, -12.957994811607112 ], [ 45.11834447453365, -12.959930800822651 ], [ 45.120177055888057, -12.96108110084989 ], [ 45.119586109306262, -12.963144922752351 ], [ 45.121927560768334, -12.964056247859498 ], [ 45.123890810191924, -12.970178147310797 ], [ 45.117846355703911, -12.96923056412575 ], [ 45.118123642381384, -12.970659188257004 ], [ 45.116954015521692, -12.973598600150165 ], [ 45.117022813723352, -12.980723324866533 ] ] ] ] } },
{ "type": "Feature", "properties": { "code_iris": "976100200", "nom_iris": "Longoni" }, "geometry": { "type": "MultiPolygon", "coordinates": [ [ [ [ 45.150397714589808, -12.74251109412884 ], [ 45.148228631764709, -12.735232808384367 ], [ 45.146370123859064, -12.727985073943708 ], [ 45.146542377931638, -12.727979552984809 ], [ 45.146955261252273, -12.728331996460428 ], [ 45.147383669754973, -12.72844931584593 ], [ 45.147656311006379, -12.728409375356813 ], [ 45.147938033311405, -12.728144261892687 ], [ 45.148179399783935, -12.728182107069893 ], [ 45.148732299856505, -12.72852994794459 ], [ 45.149200277233568, -12.728574899152257 ], [ 45.149766986388769, -12.728904644304295 ], [ 45.150731628328096, -12.729213363462458 ], [ 45.15079437870817, -12.729401419540048 ], [ 45.150688488351022, -12.729475631373814 ], [ 45.150649909294891, -12.729661936534374 ], [ 45.150356193818965, -12.729894505300866 ], [ 45.150244173261065, -12.730509484317622 ], [ 45.149971659322667, -12.730769169251154 ], [ 45.149952437451844, -12.73097807052245 ], [ 45.15009175247063, -12.731348749428658 ], [ 45.149903406951786, -12.732191651896365 ], [ 45.150051076988035, -12.732670840526625 ], [ 45.150254756932782, -12.732839826754237 ], [ 45.150311417579275, -12.733635567350619 ], [ 45.150595427588705, -12.734120103899981 ], [ 45.150559644970052, -12.734363377489363 ], [ 45.150660189679286, -12.734593009227414 ], [ 45.151616732836892, -12.735186579816416 ], [ 45.15270765335837, -12.735578413409831 ], [ 45.152887273207561, -12.735558415434499 ], [ 45.153230975358667, -12.73572279696144 ], [ 45.153353573950604, -12.735856560442897 ], [ 45.15326713478759, -12.736110715121244 ], [ 45.153745590135905, -12.736703649890844 ], [ 45.154915476686099, -12.736656849268488 ], [ 45.15529474922127, -12.736231612259269 ], [ 45.155874157242309, -12.736196908857421 ], [ 45.156663272793182, -12.735634880978415 ], [ 45.156751730789352, -12.735673712953604 ], [ 45.157232435821399, -12.735421131895661 ], [ 45.157518902336811, -12.735383885859996 ], [ 45.15786052084124, -12.735153993551302 ], [ 45.158148820922769, -12.735103181442652 ], [ 45.15890095280875, -12.734335895924078 ], [ 45.15932606486443, -12.733575135249911 ], [ 45.160010818534971, -12.732609848284707 ], [ 45.160453767329741, -12.732390742846263 ], [ 45.160909829056919, -12.732516162000627 ], [ 45.161362948720438, -12.732358540376028 ], [ 45.161442199652171, -12.732405514990095 ], [ 45.160999342982691, -12.732769307910404 ], [ 45.160987426997096, -12.732863360985128 ], [ 45.161247125595438, -12.732746549978572 ], [ 45.161608040095629, -12.732450628178496 ], [ 45.161536081260202, -12.732281570443265 ], [ 45.161267009212352, -12.73214156997142 ], [ 45.16120683575739, -12.731671377428054 ], [ 45.16144521677294, -12.731350210366395 ], [ 45.162053937513917, -12.731074935377698 ], [ 45.16215787423949, -12.730829810007817 ], [ 45.162090961873396, -12.729903861127561 ], [ 45.16200512798553, -12.729643478986162 ], [ 45.161766335479641, -12.729311751592851 ], [ 45.161503323857964, -12.728554119519293 ], [ 45.161664309738939, -12.728210392219136 ], [ 45.161504733108877, -12.727869573307737 ], [ 45.162510377705722, -12.727456603367685 ], [ 45.162966005561252, -12.726914655481933 ], [ 45.162993553093884, -12.726778091174491 ], [ 45.163067269281839, -12.726815121584911 ], [ 45.16309309516727, -12.726867554342281 ], [ 45.163148343186862, -12.726834061700535 ], [ 45.163181592096095, -12.726970588581874 ], [ 45.163714884606762, -12.72688073513719 ], [ 45.164530746786625, -12.726441650463315 ], [ 45.165044522751614, -12.726087754638909 ], [ 45.165485484043721, -12.725668794641409 ], [ 45.165503828546335, -12.725547608706654 ], [ 45.164256437148076, -12.725312365998059 ], [ 45.164150457694817, -12.72523918441275 ], [ 45.163473629089729, -12.724139989528654 ], [ 45.163385665403489, -12.723429273925554 ], [ 45.163523602541439, -12.723062952454153 ], [ 45.165527336219654, -12.723444221967377 ], [ 45.16548329122746, -12.723706492786281 ], [ 45.165583734746761, -12.723766113000346 ], [ 45.165681642510613, -12.724176598209681 ], [ 45.166660014332443, -12.724350512091059 ], [ 45.166772349434744, -12.724281715587672 ], [ 45.167213871171555, -12.7219140133487 ], [ 45.16642975416736, -12.721564547710003 ], [ 45.164954821606003, -12.721268863529353 ], [ 45.164816882214936, -12.721627047174541 ], [ 45.164691578918841, -12.72158281498405 ], [ 45.164823071093231, -12.721225539698091 ], [ 45.164387112346063, -12.720819785371242 ], [ 45.1642066396834, -12.720928411744682 ], [ 45.16361554040936, -12.719911453785878 ], [ 45.163816271122165, -12.719792868129232 ], [ 45.163768349115394, -12.719756726237591 ], [ 45.163857598476895, -12.71960022932446 ], [ 45.164504910331658, -12.719222740455969 ], [ 45.164816935630427, -12.718854501572707 ], [ 45.165205497136576, -12.718615527766794 ], [ 45.165578227644659, -12.718112511294754 ], [ 45.165517224259013, -12.717789718696363 ], [ 45.16597113211477, -12.717472029942297 ], [ 45.166195923096652, -12.717528859240046 ], [ 45.16639684860332, -12.717714112171231 ], [ 45.168961880511247, -12.721441771034048 ], [ 45.169162943468748, -12.721826869147732 ], [ 45.169815626970326, -12.722605043010693 ], [ 45.170084894017961, -12.723046162451833 ], [ 45.170141215045042, -12.72324326088745 ], [ 45.169787663762179, -12.723495783751844 ], [ 45.170045176608717, -12.724266975496981 ], [ 45.169715053395777, -12.725122642665422 ], [ 45.169934651207768, -12.725669595529899 ], [ 45.170748348326448, -12.726147440157437 ], [ 45.171430184813318, -12.72641919019205 ], [ 45.171557601284022, -12.72686130396565 ], [ 45.171848764565439, -12.726976863966527 ], [ 45.172262595142008, -12.727319319881181 ], [ 45.172603471235348, -12.727389632372152 ], [ 45.172792279267689, -12.72734610352741 ], [ 45.172809925112091, -12.727558599392289 ], [ 45.172211202445261, -12.727604203613163 ], [ 45.17184289105537, -12.727830514465458 ], [ 45.171714032093746, -12.727984326765339 ], [ 45.171631741722457, -12.728897709645997 ], [ 45.171585811189402, -12.729087639598722 ], [ 45.171530632480597, -12.729223318332586 ], [ 45.171365818049054, -12.729333747980963 ], [ 45.171498900850743, -12.729981131060109 ], [ 45.171649265820903, -12.730300246816313 ], [ 45.171796769058062, -12.730472869912543 ], [ 45.17210547661432, -12.730644483931954 ], [ 45.172320338753579, -12.730984355946523 ], [ 45.17238229053028, -12.731329753061779 ], [ 45.172357668042821, -12.731698717956652 ], [ 45.172381685745741, -12.73179817383155 ], [ 45.172520897946391, -12.73196808902588 ], [ 45.172595656198808, -12.732179643331282 ], [ 45.172595880038962, -12.732510611999714 ], [ 45.17183737185227, -12.733315015858091 ], [ 45.171825018496371, -12.734121647269557 ], [ 45.171889677319029, -12.734382944037835 ], [ 45.172072124072351, -12.73446059415334 ], [ 45.17227952288664, -12.734656689404535 ], [ 45.172566939739617, -12.734667353672355 ], [ 45.172642517853006, -12.734727891580247 ], [ 45.172603889885529, -12.734819249671645 ], [ 45.172495207182791, -12.734844640512835 ], [ 45.1724574703806, -12.734891687978111 ], [ 45.172448655200121, -12.735478575457547 ], [ 45.172550988943122, -12.735599683129593 ], [ 45.172857767738925, -12.735633845888103 ], [ 45.172926444378106, -12.736384358515501 ], [ 45.17292018421746, -12.736661978430829 ], [ 45.172735146561074, -12.736842052156632 ], [ 45.172679968680939, -12.736980443921357 ], [ 45.177230797558458, -12.739826840810514 ], [ 45.173118368594047, -12.7477058899785 ], [ 45.169332058903088, -12.747635998006444 ], [ 45.169230669415342, -12.747554677196677 ], [ 45.169285871208999, -12.747446127617174 ], [ 45.169267326490797, -12.747265282384761 ], [ 45.16914743456632, -12.747066416259946 ], [ 45.169101253117184, -12.746885588678788 ], [ 45.16898144543066, -12.746813322392658 ], [ 45.168843249187688, -12.74679532492147 ], [ 45.168658925731599, -12.74667788537807 ], [ 45.168529858159992, -12.746533281940462 ], [ 45.168327140353348, -12.746461068157007 ], [ 45.168142763690767, -12.746262242573644 ], [ 45.168022837356389, -12.746009118791521 ], [ 45.167976609234415, -12.745755948164806 ], [ 45.167875125648251, -12.745529941161546 ], [ 45.16747923109444, -12.745882863489976 ], [ 45.167120071859131, -12.746063947748691 ], [ 45.166833558797343, -12.746046042870555 ], [ 45.166456960516641, -12.746326608657665 ], [ 45.166632040893653, -12.746398841291978 ], [ 45.164725726135309, -12.747367620878574 ], [ 45.164054135781505, -12.748778723871574 ], [ 45.165988948681232, -12.749112102399865 ], [ 45.164968473610585, -12.750930354692899 ], [ 45.164950415423235, -12.752919793763169 ], [ 45.1653009659316, -12.753652045912748 ], [ 45.159219348113531, -12.751503578411866 ], [ 45.156695023172773, -12.75132422905472 ], [ 45.15434334454693, -12.751756052071965 ], [ 45.150397714589808, -12.74251109412884 ] ] ], [ [ [ 45.173547085731236, -12.718413063332038 ], [ 45.173176173653864, -12.718858215241569 ], [ 45.17313735393622, -12.718662914546982 ], [ 45.17341623862189, -12.718343518839619 ], [ 45.173841665049132, -12.718147009855995 ], [ 45.173790207548414, -12.718331518201492 ], [ 45.173547085731236, -12.718413063332038 ] ] ] ] } },
{ "type": "Feature", "properties": { "code_iris": "976160200", "nom_iris": "Mandrajou" }, "geometry": { "type": "MultiPolygon", "coordinates": [ [ [ [ 45.111602141035846, -12.844198087974689 ], [ 45.111781798375965, -12.844081359346243 ], [ 45.111965184719125, -12.844061387061824 ], [ 45.113001125471939, -12.84424179961986 ], [ 45.113594528222713, -12.844024516264755 ], [ 45.114671861667944, -12.844029473844271 ], [ 45.11527545756627, -12.84393878156761 ], [ 45.115192677374701, -12.844295104517533 ], [ 45.115361352471389, -12.844350191619213 ], [ 45.11542759470872, -12.844105102425251 ], [ 45.115933432616437, -12.843861628124056 ], [ 45.116005266711298, -12.843753986995258 ], [ 45.116347150879541, -12.843704100345599 ], [ 45.116639927499065, -12.843082729590805 ], [ 45.11670415853655, -12.842476832895603 ], [ 45.117260462362069, -12.841766724685463 ], [ 45.117828052343917, -12.841551251884255 ], [ 45.118172562697367, -12.841211991811468 ], [ 45.118435140300683, -12.841060858663663 ], [ 45.119042393985538, -12.840927654928972 ], [ 45.119221051942681, -12.840658098208818 ], [ 45.119314867079879, -12.840265597698876 ], [ 45.119551565581304, -12.83995893886507 ], [ 45.119765390854198, -12.8400040555356 ], [ 45.119676066292499, -12.840146972625032 ], [ 45.119718479866805, -12.840192167350061 ], [ 45.119885277900309, -12.840179431364179 ], [ 45.119974573193275, -12.839975023114247 ], [ 45.120139494007752, -12.839890849630837 ], [ 45.120396630450976, -12.839930520294992 ], [ 45.120660274882056, -12.840089552799489 ], [ 45.12055513243638, -12.839914170562851 ], [ 45.120738410143929, -12.839674451961168 ], [ 45.121307008938892, -12.839657008734525 ], [ 45.121292236983685, -12.839600950136369 ], [ 45.12171248895126, -12.839636927044362 ], [ 45.121895954883158, -12.839790569750459 ], [ 45.121923662926726, -12.839917156219812 ], [ 45.123496158517817, -12.844306704585787 ], [ 45.128199262737326, -12.857538588144115 ], [ 45.126707248129271, -12.857754531324847 ], [ 45.122851529717344, -12.858567503551791 ], [ 45.118536783331706, -12.85932456172266 ], [ 45.114342381096336, -12.85724024948356 ], [ 45.114389342543234, -12.857147992465228 ], [ 45.114327575244893, -12.857108231064991 ], [ 45.11414783103298, -12.857050435394159 ], [ 45.11378384425651, -12.857178096937453 ], [ 45.113715635394996, -12.857160040904171 ], [ 45.113559809792221, -12.857004572229007 ], [ 45.113281450141884, -12.856944105777332 ], [ 45.112631583703873, -12.856682144297492 ], [ 45.112236068827542, -12.856376667096562 ], [ 45.11280821721374, -12.855966782928025 ], [ 45.109815539019706, -12.855610861553966 ], [ 45.11080743322362, -12.854021624363515 ], [ 45.111124181394985, -12.853364078711365 ], [ 45.11057855650688, -12.853301913785941 ], [ 45.110521378267237, -12.853215126957231 ], [ 45.11050288226712, -12.853069545613904 ], [ 45.110633629485022, -12.852790067922513 ], [ 45.110511898346395, -12.852611975970456 ], [ 45.11037628313877, -12.852296439180259 ], [ 45.110309805393044, -12.852017948764235 ], [ 45.110372423321586, -12.851899461713332 ], [ 45.110294053529906, -12.851824439376735 ], [ 45.110291255942037, -12.851749385278016 ], [ 45.110328051725801, -12.851592025024443 ], [ 45.110385165153417, -12.851531414228075 ], [ 45.110727062186157, -12.85148424766842 ], [ 45.110728812311052, -12.851271741030082 ], [ 45.110539788154881, -12.851056601939561 ], [ 45.11056086412988, -12.850779883243355 ], [ 45.110668603595322, -12.850577279024446 ], [ 45.110880519346487, -12.850454207467928 ], [ 45.111025141730217, -12.850294992985788 ], [ 45.111231515894993, -12.850145699355386 ], [ 45.111303257010988, -12.849818319409518 ], [ 45.111286627920123, -12.849726994125565 ], [ 45.111055278630801, -12.849666505283489 ], [ 45.111096603373717, -12.849330999719253 ], [ 45.111032047089296, -12.84923065188309 ], [ 45.11105227070211, -12.849113086856642 ], [ 45.110983992355671, -12.848931355327956 ], [ 45.110878884981275, -12.848829216025024 ], [ 45.110864110813054, -12.848764114059975 ], [ 45.111075949069587, -12.848468324777345 ], [ 45.111246398057403, -12.848361547509286 ], [ 45.111298894184465, -12.8482819485696 ], [ 45.111295160814954, -12.84817524503794 ], [ 45.111173406411723, -12.847940183645525 ], [ 45.111219278651845, -12.84746812971399 ], [ 45.11143578716046, -12.847317023056224 ], [ 45.111742490620053, -12.846891880806631 ], [ 45.111724888434182, -12.846683903731362 ], [ 45.111490734391516, -12.846526658392593 ], [ 45.11162248181369, -12.846435270075474 ], [ 45.111715481528393, -12.846251661541068 ], [ 45.111352314309876, -12.846115269374096 ], [ 45.111254557220228, -12.845959774509115 ], [ 45.111295912974484, -12.845696611276923 ], [ 45.111206473449826, -12.845593561150004 ], [ 45.111157444783288, -12.845173995601227 ], [ 45.111405110456488, -12.844625896473021 ], [ 45.111544278667317, -12.84464573158893 ], [ 45.111602141035846, -12.844198087974689 ] ] ] ] } },
{ "type": "Feature", "properties": { "code_iris": "976040200", "nom_iris": "Moinatrindri" }, "geometry": { "type": "MultiPolygon", "coordinates": [ [ [ [ 45.079679114437369, -12.898852625527404 ], [ 45.080332689135759, -12.898944662013355 ], [ 45.080386123791001, -12.898854217813321 ], [ 45.081282115909815, -12.898908197661646 ], [ 45.081909789550785, -12.898718103559569 ], [ 45.082202939904462, -12.898788545292454 ], [ 45.082453618150474, -12.898644686234347 ], [ 45.083241705297731, -12.898529593401777 ], [ 45.083446278263871, -12.898339629888431 ], [ 45.083605776382761, -12.89842910247812 ], [ 45.084673933367228, -12.89786539388203 ], [ 45.084930164961875, -12.897795681442238 ], [ 45.086055667402796, -12.897819729198376 ], [ 45.0869720095058, -12.898086188170678 ], [ 45.087232945127433, -12.898292276640701 ], [ 45.087958437433031, -12.898434005362789 ], [ 45.088374148807411, -12.898397694170116 ], [ 45.088759410631951, -12.898274581985747 ], [ 45.089067294221998, -12.898297988580991 ], [ 45.089313383483884, -12.898222849641682 ], [ 45.089407353881228, -12.898078133109733 ], [ 45.089484807630832, -12.898145927462327 ], [ 45.0894728742715, -12.898286094591915 ], [ 45.089754960600949, -12.898344776028903 ], [ 45.090052682438575, -12.898305789786992 ], [ 45.090261035393056, -12.898389815820156 ], [ 45.090304348799577, -12.898360863987948 ], [ 45.090329252174591, -12.898403356443589 ], [ 45.090458311497031, -12.898430440186523 ], [ 45.09125466234093, -12.898238456781797 ], [ 45.092348674698641, -12.897848329255543 ], [ 45.092516460032016, -12.897906143755268 ], [ 45.092521047007473, -12.897846459805999 ], [ 45.092663034495324, -12.897936837328901 ], [ 45.092671350491273, -12.897991091044348 ], [ 45.092768134177589, -12.897982013970996 ], [ 45.09322169733737, -12.898108451640107 ], [ 45.093241044704364, -12.898081316416556 ], [ 45.093254877119108, -12.898096684207031 ], [ 45.093419881038379, -12.898110189510456 ], [ 45.093951703433873, -12.897987921605106 ], [ 45.094105721305098, -12.898203084333428 ], [ 45.094783391630152, -12.898629658746506 ], [ 45.095295881295819, -12.898571598821704 ], [ 45.095626836484428, -12.89866371438181 ], [ 45.096035188644507, -12.898668990479017 ], [ 45.096656420047459, -12.898536737196022 ], [ 45.0966822490686, -12.898586462917677 ], [ 45.096974391652907, -12.898423584844053 ], [ 45.098243762816985, -12.898619339509118 ], [ 45.098381065066476, -12.898508061784577 ], [ 45.098501866023405, -12.898629189518333 ], [ 45.098735095636343, -12.898676124037435 ], [ 45.098867831745089, -12.898674265357869 ], [ 45.099021723351584, -12.898556651087638 ], [ 45.099734479035746, -12.899105276775085 ], [ 45.099363092815317, -12.899341434494623 ], [ 45.09938713278062, -12.89952770651087 ], [ 45.099274721527919, -12.899646209530742 ], [ 45.099262811025973, -12.899830686639083 ], [ 45.099348656104461, -12.900131778420588 ], [ 45.099558035180515, -12.900468089998213 ], [ 45.099644686304025, -12.900475291226025 ], [ 45.099647514668078, -12.90063444295901 ], [ 45.099807049689936, -12.90079896061288 ], [ 45.099722268897828, -12.900859579525189 ], [ 45.099883667429083, -12.901073831668814 ], [ 45.099806261261556, -12.901135352068916 ], [ 45.100031327734307, -12.901510541168129 ], [ 45.099420305931446, -12.901833601093939 ], [ 45.098556593910324, -12.90185924770927 ], [ 45.097914243395621, -12.902221199851827 ], [ 45.097685815790591, -12.902679753824728 ], [ 45.095908584419945, -12.902668655924359 ], [ 45.096026709470983, -12.903022184993585 ], [ 45.096134343502428, -12.904868679463453 ], [ 45.096449187491153, -12.906194233717683 ], [ 45.096497462229259, -12.909485783844955 ], [ 45.094213957282079, -12.909088734912684 ], [ 45.09355856153315, -12.909141418330853 ], [ 45.093096718701524, -12.90911445488978 ], [ 45.091473451540566, -12.909283223388536 ], [ 45.089799396322761, -12.909212365875975 ], [ 45.086925343950575, -12.909762233404681 ], [ 45.08631365070017, -12.908236016403022 ], [ 45.085090489487762, -12.908509509029484 ], [ 45.084271229607062, -12.906467916444987 ], [ 45.084461594976545, -12.905127716040168 ], [ 45.084540482825368, -12.903973832583755 ], [ 45.084013652055923, -12.902532584006661 ], [ 45.083031804771373, -12.902131398279563 ], [ 45.082051825998676, -12.901797124796396 ], [ 45.081307999673442, -12.901990872478715 ], [ 45.080589859462499, -12.901800292130984 ], [ 45.080707124042689, -12.902413356223944 ], [ 45.080202726727329, -12.901867327664251 ], [ 45.079792697652678, -12.902403689718794 ], [ 45.079774977736569, -12.901754423755731 ], [ 45.079656765334853, -12.901050931714185 ], [ 45.079243302711532, -12.899464049736899 ], [ 45.079679114437369, -12.898852625527404 ] ] ] ] } },
{ "type": "Feature", "properties": { "code_iris": "976170200", "nom_iris": "Mroalé" }, "geometry": { "type": "MultiPolygon", "coordinates": [ [ [ [ 45.128055001883652, -12.809216587024981 ], [ 45.121903646864496, -12.807901061747099 ], [ 45.115998252571089, -12.806304956066542 ], [ 45.115970520720253, -12.806111451635346 ], [ 45.116110495572386, -12.805926011875268 ], [ 45.116454135089946, -12.805796547647144 ], [ 45.116606168401191, -12.805785628987158 ], [ 45.116717626952315, -12.805706906967638 ], [ 45.117122077365671, -12.805569276367923 ], [ 45.117410346016484, -12.805259883115562 ], [ 45.117407479997254, -12.805040143524904 ], [ 45.117262733438281, -12.804866585581673 ], [ 45.117245082724793, -12.804556424217477 ], [ 45.117206330873913, -12.804445214596656 ], [ 45.117240333869475, -12.80424987423676 ], [ 45.117337914355204, -12.804050888425765 ], [ 45.117267842445983, -12.803958682711075 ], [ 45.117114885901323, -12.803963272171201 ], [ 45.116825597809104, -12.80405744610237 ], [ 45.115971607134611, -12.804456612460806 ], [ 45.115867491917044, -12.804472935378408 ], [ 45.115484165693594, -12.804456826598761 ], [ 45.115241728961728, -12.804240809005167 ], [ 45.115158712061586, -12.804048232914001 ], [ 45.115125372478964, -12.803678395508848 ], [ 45.115412514365815, -12.802916863086759 ], [ 45.115381889121537, -12.80243760617363 ], [ 45.115585121547959, -12.801550414805984 ], [ 45.115745297152714, -12.801214855234198 ], [ 45.11603911265567, -12.800952483724682 ], [ 45.116416499790617, -12.800085109140905 ], [ 45.116678419174939, -12.798592020700424 ], [ 45.116600033422991, -12.798450082822418 ], [ 45.116421202932408, -12.798285582211246 ], [ 45.11832425768948, -12.797013311522706 ], [ 45.118781908923552, -12.796391862604613 ], [ 45.118564332845075, -12.796127909640159 ], [ 45.11850806737587, -12.796000430898976 ], [ 45.118423182634942, -12.795753599512874 ], [ 45.118319727489521, -12.795201128420084 ], [ 45.118486576615958, -12.795361111754808 ], [ 45.118607293089482, -12.795387281704194 ], [ 45.119253819228803, -12.794745852624267 ], [ 45.119327539200349, -12.794762096378037 ], [ 45.119558901894074, -12.794953699767357 ], [ 45.120760559057182, -12.795258800020676 ], [ 45.120698099283231, -12.793732397168126 ], [ 45.121346467788804, -12.793109952078758 ], [ 45.122146387838818, -12.793414326430357 ], [ 45.12249745659588, -12.79344671777163 ], [ 45.122802385504414, -12.793334444692245 ], [ 45.123590809746545, -12.792731823096739 ], [ 45.123892618816491, -12.790004360435066 ], [ 45.124022605400903, -12.78826264776359 ], [ 45.124154059631785, -12.787642246829918 ], [ 45.122203448643234, -12.7875319308186 ], [ 45.12130210674394, -12.787041320397261 ], [ 45.121011222410608, -12.787609344689557 ], [ 45.119803191676645, -12.787389250741917 ], [ 45.119063292623039, -12.78731905158061 ], [ 45.119351140776836, -12.786163245754551 ], [ 45.119457590228279, -12.785248965759379 ], [ 45.118934752557109, -12.78434943866827 ], [ 45.118835970998155, -12.78393170360348 ], [ 45.118741605195375, -12.783104325455399 ], [ 45.118649300573367, -12.782743557308894 ], [ 45.1184603137702, -12.782512145287262 ], [ 45.118606993724768, -12.780931389254679 ], [ 45.11873136510313, -12.780906917628624 ], [ 45.119121877174123, -12.780603806149173 ], [ 45.119210237982976, -12.780413866388958 ], [ 45.118571779184684, -12.778520580967996 ], [ 45.118582782184681, -12.778406636089477 ], [ 45.118897760737063, -12.7781469645304 ], [ 45.119056068856494, -12.777798743359236 ], [ 45.119307440080036, -12.777467661458404 ], [ 45.119598338958532, -12.776946661502457 ], [ 45.121337644867744, -12.776562450764903 ], [ 45.121847956066468, -12.776332527246232 ], [ 45.122345396340947, -12.776162291536744 ], [ 45.122741433124155, -12.775876353550762 ], [ 45.123122817853051, -12.775776704568171 ], [ 45.123263694023457, -12.775594877490326 ], [ 45.123384182631028, -12.775169807128293 ], [ 45.123860180112132, -12.774488657407996 ], [ 45.124042346853535, -12.773962277822523 ], [ 45.124410669918745, -12.77353618612022 ], [ 45.124660017126949, -12.772857854477412 ], [ 45.124847896306157, -12.772713080043971 ], [ 45.125127832881802, -12.772416341919538 ], [ 45.125268749411958, -12.772323133706278 ], [ 45.125988777540911, -12.771422122850483 ], [ 45.127966663186989, -12.769218332375765 ], [ 45.128566194593127, -12.768738769872785 ], [ 45.130796296023554, -12.76798169221202 ], [ 45.130794402746801, -12.767883126025906 ], [ 45.130337878165356, -12.766950128967109 ], [ 45.129885695213709, -12.767296693089637 ], [ 45.129702390713526, -12.767365508867321 ], [ 45.129518146398517, -12.767398153554565 ], [ 45.129424153098981, -12.767358411058511 ], [ 45.129241750901258, -12.767390150365033 ], [ 45.129016010203031, -12.767348663581137 ], [ 45.129008753919472, -12.767573834246647 ], [ 45.128859559258899, -12.76768603848978 ], [ 45.128317252928866, -12.766538763976291 ], [ 45.129933678516117, -12.765640018150703 ], [ 45.129837607019752, -12.765137282512223 ], [ 45.129828171730324, -12.764701421405437 ], [ 45.129388635056536, -12.764546099873035 ], [ 45.128996144008745, -12.764507407509498 ], [ 45.128413047414455, -12.76467136730254 ], [ 45.128378912532149, -12.764578242449911 ], [ 45.127706283694529, -12.764411275550726 ], [ 45.127877905101379, -12.763096360814323 ], [ 45.127473987009417, -12.762310731454093 ], [ 45.126684630122753, -12.76268367692137 ], [ 45.126388653927897, -12.762194599902797 ], [ 45.125687452281113, -12.761986044269985 ], [ 45.124222596149977, -12.761960512658606 ], [ 45.123234275611338, -12.760508691723166 ], [ 45.121156838212642, -12.75867575944185 ], [ 45.125766658995708, -12.754475908349232 ], [ 45.139869455567514, -12.758160119346751 ], [ 45.139130819256074, -12.758568342119508 ], [ 45.138688860741965, -12.759031568768718 ], [ 45.138689361917315, -12.763334160021779 ], [ 45.136508868914973, -12.763706956961121 ], [ 45.136769193337479, -12.764675312204529 ], [ 45.136556227861895, -12.766119566339695 ], [ 45.13643666397347, -12.766502140868319 ], [ 45.136117114709435, -12.766768165641359 ], [ 45.136577024460337, -12.76710341814151 ], [ 45.13643905248874, -12.767520365008771 ], [ 45.136884237239833, -12.767881848818451 ], [ 45.138201941038233, -12.768316123866247 ], [ 45.13661735928337, -12.770158073011569 ], [ 45.137905416160173, -12.771966877996899 ], [ 45.137817480862154, -12.772910997441146 ], [ 45.136722118239113, -12.773082476771075 ], [ 45.135942049441638, -12.773631780546618 ], [ 45.135189975140577, -12.773121245672309 ], [ 45.135067765711916, -12.775471544831353 ], [ 45.134995243897926, -12.7759680343183 ], [ 45.134982638488147, -12.776520558795873 ], [ 45.135050934639096, -12.776741169354789 ], [ 45.135002317843231, -12.777144505236953 ], [ 45.134881649692637, -12.777196111158048 ], [ 45.134035422425576, -12.779862373541151 ], [ 45.133703376000433, -12.780928693508972 ], [ 45.133678745799465, -12.781397125378271 ], [ 45.133856746387892, -12.78173704611676 ], [ 45.134137041050579, -12.782120320393252 ], [ 45.133638500946645, -12.781957802156128 ], [ 45.133339050863405, -12.781940772243082 ], [ 45.132844367650534, -12.782104697255381 ], [ 45.13242239618738, -12.782124803625191 ], [ 45.132110117469367, -12.782243421434865 ], [ 45.131925905902904, -12.782359262021387 ], [ 45.131736238662356, -12.782615269302601 ], [ 45.131577795710356, -12.782675031140499 ], [ 45.131185322099483, -12.782724962217927 ], [ 45.130443637494302, -12.78274522420085 ], [ 45.130486528912982, -12.78373629880628 ], [ 45.130455446252299, -12.784211063515231 ], [ 45.130595637392076, -12.784490418041765 ], [ 45.12946404097606, -12.785988470751256 ], [ 45.129218129411782, -12.786174873904141 ], [ 45.129472472479542, -12.786261560482945 ], [ 45.130549608473054, -12.786360500859917 ], [ 45.130652066758493, -12.788513550833816 ], [ 45.1308157481918, -12.789672761901601 ], [ 45.129862354879414, -12.790143460823732 ], [ 45.129609916077776, -12.79018518208353 ], [ 45.12935925825434, -12.790105728163953 ], [ 45.128683659507558, -12.789667480917435 ], [ 45.128493820291027, -12.789600656458511 ], [ 45.128268994578455, -12.789585393077099 ], [ 45.128224729299106, -12.789508550451362 ], [ 45.128171287616922, -12.789505863577883 ], [ 45.127801885142041, -12.789650728319753 ], [ 45.127173689642483, -12.790029022786038 ], [ 45.126123699949567, -12.790817158550743 ], [ 45.126321343255348, -12.791753902256655 ], [ 45.126984777350152, -12.791815979181891 ], [ 45.127067428347729, -12.793109065457362 ], [ 45.128344757695594, -12.795469531786601 ], [ 45.129476538932892, -12.797852669921639 ], [ 45.128907491614392, -12.798615259873669 ], [ 45.128592810675862, -12.799491664299905 ], [ 45.128206222248998, -12.800300282051639 ], [ 45.128153878256278, -12.800651169471843 ], [ 45.128148633264516, -12.801212731993505 ], [ 45.128083417771549, -12.801620595487142 ], [ 45.12795910423926, -12.801778001185889 ], [ 45.1276551326619, -12.801977090963078 ], [ 45.127529887715347, -12.802115506960902 ], [ 45.127480206788199, -12.802267450597967 ], [ 45.127454642449727, -12.802736785989039 ], [ 45.127334965555093, -12.802954776123487 ], [ 45.126854295059836, -12.803590719125241 ], [ 45.126681142771467, -12.803746339158936 ], [ 45.126262016087189, -12.804001548238295 ], [ 45.126167158849206, -12.804103777688074 ], [ 45.126142375791794, -12.804296401879215 ], [ 45.126284585638409, -12.804915767719852 ], [ 45.126266289141874, -12.805181635735149 ], [ 45.126188024172663, -12.805297421480239 ], [ 45.12576891281801, -12.805589705372912 ], [ 45.125609578817446, -12.805742605249112 ], [ 45.12550833274846, -12.805970532855062 ], [ 45.125451408895607, -12.806386530195384 ], [ 45.125461744722053, -12.806790739802278 ], [ 45.125516192458214, -12.806957101940936 ], [ 45.125614856372223, -12.807096314490368 ], [ 45.125752196154053, -12.807184868688381 ], [ 45.126313438721944, -12.807345562493197 ], [ 45.12685818407985, -12.807682598216036 ], [ 45.127022334090782, -12.807945665431053 ], [ 45.12721979644099, -12.808487235575223 ], [ 45.127361756155032, -12.808598393752758 ], [ 45.127912917012516, -12.808858560082262 ], [ 45.128037416605608, -12.809062867498234 ], [ 45.128055001883652, -12.809216587024981 ] ] ] ] } },
{ "type": "Feature", "properties": { "code_iris": "976010200", "nom_iris": "Mtsangadoua" }, "geometry": { "type": "MultiPolygon", "coordinates": [ [ [ [ 45.047245324181773, -12.716540425944293 ], [ 45.047784030220164, -12.715733701895335 ], [ 45.047984628577304, -12.714637664990592 ], [ 45.048178014182028, -12.714379002689819 ], [ 45.048338274177809, -12.714304821658912 ], [ 45.048522330092105, -12.713424912831155 ], [ 45.048982809648159, -12.713026940088337 ], [ 45.049043572729104, -12.712869582202082 ], [ 45.049336430603383, -12.712584676173384 ], [ 45.049627477211928, -12.712462542564962 ], [ 45.050001387148164, -12.71215591763006 ], [ 45.050088858648309, -12.711984085801372 ], [ 45.050192845659431, -12.711484897402078 ], [ 45.050330043243115, -12.711246138520863 ], [ 45.050303291553732, -12.711044486650621 ], [ 45.049982658064536, -12.710586071597346 ], [ 45.050089398456706, -12.710038050937754 ], [ 45.050319648387109, -12.709911406574737 ], [ 45.05054432877143, -12.709568637444619 ], [ 45.05103156327894, -12.709437421914128 ], [ 45.051176133730216, -12.709228502761503 ], [ 45.051193533713487, -12.708724809110713 ], [ 45.051380419619029, -12.70824549853706 ], [ 45.051506442136535, -12.707415334553497 ], [ 45.05142989582847, -12.706938787787891 ], [ 45.051316564415998, -12.706751621388923 ], [ 45.051077990280923, -12.706689271310047 ], [ 45.051107441400802, -12.706570803448056 ], [ 45.050926896124949, -12.706509346339187 ], [ 45.050931479586772, -12.70639902189084 ], [ 45.05084489028561, -12.706362866836152 ], [ 45.050865145007997, -12.706316744084685 ], [ 45.050842999033797, -12.706115995602334 ], [ 45.050637556556694, -12.705911664992882 ], [ 45.050545390199431, -12.705618692088679 ], [ 45.050596017052371, -12.705453197074812 ], [ 45.050386851962976, -12.705050827098814 ], [ 45.050317706989425, -12.704726199513624 ], [ 45.050184136690213, -12.704656594348808 ], [ 45.050016505787191, -12.704685563331443 ], [ 45.049635111935046, -12.704342004100996 ], [ 45.049166266616439, -12.704257992251977 ], [ 45.049332946784126, -12.704076198681873 ], [ 45.049440709056483, -12.70405628420885 ], [ 45.04965431503468, -12.703623088583333 ], [ 45.049988604760912, -12.703311045167681 ], [ 45.050021651004208, -12.702735909362294 ], [ 45.050246362643911, -12.702582137305829 ], [ 45.050209506963469, -12.702517035269821 ], [ 45.050424110214834, -12.702483535786419 ], [ 45.050729827993976, -12.702089206288129 ], [ 45.050860620041149, -12.70208918125665 ], [ 45.051177415919234, -12.701826875723944 ], [ 45.051579894616452, -12.701683919699416 ], [ 45.05746253199176, -12.70885012603723 ], [ 45.059355081893003, -12.711523698342271 ], [ 45.064146066446433, -12.71279672886755 ], [ 45.063897640078324, -12.713889172235229 ], [ 45.066783855333078, -12.715297346069535 ], [ 45.066744251271082, -12.715312728983683 ], [ 45.066705594759277, -12.715429392212609 ], [ 45.066395293873036, -12.715876189697447 ], [ 45.066146640584165, -12.716066152888917 ], [ 45.065917349139198, -12.716328454285732 ], [ 45.065159448521293, -12.71704483982044 ], [ 45.065031463323315, -12.717245623761148 ], [ 45.064865703500196, -12.717413862421655 ], [ 45.0646603302202, -12.717563120539717 ], [ 45.064315834454398, -12.717584907313029 ], [ 45.064179537281639, -12.717702498121044 ], [ 45.064021103473792, -12.717702536428927 ], [ 45.063862692494126, -12.717793907986332 ], [ 45.063775207763463, -12.717883453814673 ], [ 45.063740244174333, -12.718040808784133 ], [ 45.063570799594203, -12.718213568969874 ], [ 45.063563472635899, -12.718382673061221 ], [ 45.062763214136268, -12.7192084809981 ], [ 45.062744718866746, -12.718912782376817 ], [ 45.061885308508892, -12.718933783087449 ], [ 45.061907373587147, -12.718760154150253 ], [ 45.061956174213059, -12.718680565180177 ], [ 45.061937730779157, -12.718594661886863 ], [ 45.062011399892256, -12.718506928479048 ], [ 45.062057414205903, -12.71833329392099 ], [ 45.061977216746406, -12.718089154223673 ], [ 45.061843641334249, -12.718040353726041 ], [ 45.06174873848223, -12.717930052394232 ], [ 45.061797500506032, -12.717691308308384 ], [ 45.061743067928177, -12.717335030478971 ], [ 45.055838481170106, -12.716549606896544 ], [ 45.055709762545902, -12.717643825791102 ], [ 45.050210875682176, -12.718865716814447 ], [ 45.047760316710857, -12.716994287696892 ], [ 45.047245324181773, -12.716540425944293 ] ] ] ] } },
{ "type": "Feature", "properties": { "code_iris": "976070200", "nom_iris": "Ongojou" }, "geometry": { "type": "MultiPolygon", "coordinates": [ [ [ [ 45.150944621329941, -12.852040230630356 ], [ 45.150758593764685, -12.850726419967646 ], [ 45.147259967951562, -12.840877183313721 ], [ 45.145459069049153, -12.835808791669898 ], [ 45.145191955840943, -12.836047669384772 ], [ 45.14495538083613, -12.836508982956868 ], [ 45.144720483114483, -12.836681829956238 ], [ 45.144451429678547, -12.836753416122757 ], [ 45.14380710337467, -12.836474346837448 ], [ 45.143620970344621, -12.83651152411497 ], [ 45.143483746846336, -12.836667135296199 ], [ 45.143296707943229, -12.836732345532365 ], [ 45.143042257851938, -12.836554340904261 ], [ 45.142864029127999, -12.835901547363674 ], [ 45.142668500379393, -12.835618613780237 ], [ 45.140723411193342, -12.834513727211336 ], [ 45.14018514213025, -12.834360287116402 ], [ 45.138842332654882, -12.834151206691288 ], [ 45.143401554390387, -12.829853425586176 ], [ 45.152824714834708, -12.821531447103226 ], [ 45.154819499220807, -12.81959150223182 ], [ 45.163979104974345, -12.819537122578883 ], [ 45.164194093344527, -12.819970139003225 ], [ 45.164194443752685, -12.820510898659082 ], [ 45.16413757578681, -12.820919669014508 ], [ 45.164238178429819, -12.821165570579183 ], [ 45.164180248267314, -12.821357314233122 ], [ 45.164239624568609, -12.821974900843539 ], [ 45.164158752190914, -12.822314056540522 ], [ 45.164178232077653, -12.822512081831645 ], [ 45.164246544077947, -12.822698320988501 ], [ 45.164162754620634, -12.822802365550373 ], [ 45.164108567469327, -12.823082726326739 ], [ 45.163914343439231, -12.823412909808349 ], [ 45.163889558126819, -12.823560322974799 ], [ 45.165319950243557, -12.825298359147022 ], [ 45.164826598235628, -12.826188480602733 ], [ 45.164520987636983, -12.830956036853943 ], [ 45.163721346723555, -12.832768713020474 ], [ 45.162711227717544, -12.838330660542917 ], [ 45.162727262730201, -12.840336342493551 ], [ 45.162788126954155, -12.840399604349336 ], [ 45.162680870455944, -12.841281343171355 ], [ 45.164385546594055, -12.842342810208297 ], [ 45.165126297119748, -12.842042124959324 ], [ 45.16568631155981, -12.845799956060905 ], [ 45.165954571488591, -12.847322592272876 ], [ 45.165949174285096, -12.847524249853503 ], [ 45.16596964999642, -12.847829883138065 ], [ 45.16636072351308, -12.848311616242457 ], [ 45.166384934991555, -12.848691397955342 ], [ 45.166362011666806, -12.848868651100535 ], [ 45.166315998347855, -12.848969959459957 ], [ 45.16617044925016, -12.849066809426844 ], [ 45.165987965381575, -12.849056073502657 ], [ 45.165889326326152, -12.849013634740373 ], [ 45.165528805977836, -12.850154157646044 ], [ 45.163812920711337, -12.851794690976309 ], [ 45.162768009133927, -12.852096465684022 ], [ 45.161292612761784, -12.850814204833686 ], [ 45.16081804879466, -12.85091396661333 ], [ 45.160844976793108, -12.851230447678903 ], [ 45.160801736012907, -12.851348030402441 ], [ 45.160570524931615, -12.851525410548183 ], [ 45.160092190988046, -12.851495861474001 ], [ 45.159873798861426, -12.851542112775229 ], [ 45.159788118377691, -12.851588283154634 ], [ 45.159575370525687, -12.851816290802653 ], [ 45.15949152740798, -12.851853417181626 ], [ 45.159112743344046, -12.851850029915198 ], [ 45.15849514826337, -12.851665026351098 ], [ 45.156739181777198, -12.85266802154681 ], [ 45.156711476745961, -12.8525767059282 ], [ 45.156564091500627, -12.852694350116519 ], [ 45.156407439611819, -12.852730614651419 ], [ 45.155799130086116, -12.852658634081511 ], [ 45.15519089863011, -12.852713251092288 ], [ 45.154702410254515, -12.85265928269105 ], [ 45.154610254453466, -12.852668379772936 ], [ 45.154462857109323, -12.852767937221399 ], [ 45.154370690211991, -12.852758948648452 ], [ 45.15418634540201, -12.852722885833815 ], [ 45.154066480509591, -12.852632528319544 ], [ 45.154001906968411, -12.852533095529205 ], [ 45.153716146467573, -12.852433792331572 ], [ 45.153494948470311, -12.85241583618269 ], [ 45.153126385652833, -12.852551693269115 ], [ 45.152923614375673, -12.85252468310091 ], [ 45.152379737348681, -12.852317015199809 ], [ 45.152084826889968, -12.852326229007131 ], [ 45.151854402098451, -12.852290191238458 ], [ 45.151577826267328, -12.852136623644315 ], [ 45.151209165410272, -12.852109707876902 ], [ 45.150944621329941, -12.852040230630356 ] ] ] ] } },
{ "type": "Feature", "properties": { "code_iris": "976050200", "nom_iris": "Sohoa" }, "geometry": { "type": "MultiPolygon", "coordinates": [ [ [ [ 45.102700926186508, -12.826939885172711 ], [ 45.102850739420731, -12.825967723104165 ], [ 45.103060664484985, -12.825522733995005 ], [ 45.103389480827794, -12.825118390713092 ], [ 45.103826185841008, -12.824891243810089 ], [ 45.104012187973879, -12.824541213022968 ], [ 45.103918070505813, -12.824241028444014 ], [ 45.103943525895886, -12.823395514248499 ], [ 45.104065104852033, -12.823248972412058 ], [ 45.103945265762619, -12.823144123015389 ], [ 45.104044734740349, -12.823012962724915 ], [ 45.103970071131371, -12.822960543854961 ], [ 45.103922970777802, -12.82270826762849 ], [ 45.103970871652429, -12.8226657474211 ], [ 45.10392569374897, -12.822606986903796 ], [ 45.103773383058005, -12.821966814938838 ], [ 45.103240543679526, -12.821450679167176 ], [ 45.103444091037616, -12.821194687218275 ], [ 45.103441281126372, -12.821083461551213 ], [ 45.103264296698796, -12.820945175817386 ], [ 45.103293631702087, -12.820569886970778 ], [ 45.103515674750362, -12.82047665858798 ], [ 45.104121101528783, -12.820482749689717 ], [ 45.105310473555853, -12.819804064316379 ], [ 45.105526119694467, -12.819842862081526 ], [ 45.105905702572812, -12.819667278733638 ], [ 45.106314848238917, -12.819671635160566 ], [ 45.106436437718777, -12.819557646384203 ], [ 45.10603094264718, -12.819468286096294 ], [ 45.106262825890745, -12.818673328008396 ], [ 45.106249238074277, -12.81703477297201 ], [ 45.105649760732128, -12.813596025899063 ], [ 45.105864542462619, -12.813784030509476 ], [ 45.106142861939375, -12.813866208203363 ], [ 45.105913271763363, -12.813523577362844 ], [ 45.105731704316291, -12.813434126315034 ], [ 45.1052977821128, -12.813654041042192 ], [ 45.10511256188726, -12.813644167947361 ], [ 45.104895711533288, -12.812909072201556 ], [ 45.104407903262377, -12.812058335556522 ], [ 45.10400042737983, -12.811601833751752 ], [ 45.10383627354296, -12.811277260817397 ], [ 45.103197447624254, -12.810660790693079 ], [ 45.102901607212118, -12.810535211075479 ], [ 45.102662959568399, -12.81056243273258 ], [ 45.102345140949431, -12.81077506306365 ], [ 45.102105560994403, -12.810776060359689 ], [ 45.101894510046385, -12.810686618054195 ], [ 45.101418217027216, -12.810944522721245 ], [ 45.101479912373101, -12.810837793503602 ], [ 45.101432887375438, -12.810761851812506 ], [ 45.101606989845692, -12.810627046451209 ], [ 45.101358563884567, -12.80924449269604 ], [ 45.101075541007916, -12.808904590850677 ], [ 45.100762150042456, -12.808663267223084 ], [ 45.100764771780447, -12.808304265617465 ], [ 45.100531517437709, -12.807985142628194 ], [ 45.100245818857836, -12.807863173233111 ], [ 45.100153613646732, -12.807711288652335 ], [ 45.099628270742087, -12.807417595694744 ], [ 45.099630064983046, -12.80729370814376 ], [ 45.099494583783425, -12.807222320942518 ], [ 45.099663183895025, -12.807158053051381 ], [ 45.099590359190742, -12.807081216479022 ], [ 45.099736834448166, -12.806991636960523 ], [ 45.099963535512806, -12.807053946595525 ], [ 45.10015693846502, -12.806797056533942 ], [ 45.100380483283878, -12.805869176263471 ], [ 45.100139562090156, -12.804794978734117 ], [ 45.100009545501997, -12.80455810574194 ], [ 45.099720174522766, -12.804459648492667 ], [ 45.099564392982217, -12.80431140484988 ], [ 45.09950519034421, -12.803723642637642 ], [ 45.099356835409125, -12.803714655790689 ], [ 45.099259093729714, -12.803537452970497 ], [ 45.099284785677995, -12.803260732379584 ], [ 45.099463437833776, -12.802989379782545 ], [ 45.099534260952765, -12.802664715060663 ], [ 45.09962363963561, -12.802663776995187 ], [ 45.099774651951428, -12.802402381754881 ], [ 45.099838047207271, -12.801935747149791 ], [ 45.115998252571089, -12.806304956066542 ], [ 45.121903646864496, -12.807901061747099 ], [ 45.12430897829455, -12.821752641579948 ], [ 45.117403137698787, -12.823520068399086 ], [ 45.117270635953851, -12.823942427258151 ], [ 45.117112194315347, -12.824068193058599 ], [ 45.116956446491933, -12.824041133887579 ], [ 45.116726939945792, -12.82393181768904 ], [ 45.116448632238708, -12.823906621135251 ], [ 45.115093145125051, -12.824026582927278 ], [ 45.114563328492828, -12.824141658038986 ], [ 45.114266570951962, -12.824073061666009 ], [ 45.113902486783161, -12.823878798888627 ], [ 45.11374766700321, -12.823865301645313 ], [ 45.113489692005885, -12.823972118371612 ], [ 45.112997632875484, -12.824033821390765 ], [ 45.112882435582264, -12.824014880922208 ], [ 45.112656588676415, -12.823842259829185 ], [ 45.112187733140757, -12.824278324250848 ], [ 45.112018286584927, -12.824530691208482 ], [ 45.110889590933937, -12.824890169495669 ], [ 45.110677595337833, -12.82478174491108 ], [ 45.109826921920792, -12.826638592849907 ], [ 45.109947723904007, -12.826829345908948 ], [ 45.102700926186508, -12.826939885172711 ] ] ] ] } },
{ "type": "Feature", "properties": { "code_iris": "976060200", "nom_iris": "Tsimkoura" }, "geometry": { "type": "MultiPolygon", "coordinates": [ [ [ [ 45.160715284129282, -12.944062550297494 ], [ 45.159367131188944, -12.950900579444834 ], [ 45.15901154923327, -12.952826895691423 ], [ 45.157067563154797, -12.959462715621136 ], [ 45.156295661549635, -12.962124450509215 ], [ 45.140893525899941, -12.965622822574684 ], [ 45.134235382869214, -12.956687610170484 ], [ 45.127132817895941, -12.950379347844173 ], [ 45.122553307457736, -12.946456994640021 ], [ 45.11980289407866, -12.944082745904055 ], [ 45.119467207623238, -12.943879438298044 ], [ 45.123640612907046, -12.937744707595403 ], [ 45.126404321655677, -12.933634361511869 ], [ 45.126521422546993, -12.933670475739891 ], [ 45.126550982944316, -12.933788017064014 ], [ 45.12671224030111, -12.933635116465735 ], [ 45.127061675587129, -12.933696437222693 ], [ 45.127646438818566, -12.93423057793636 ], [ 45.128705035381408, -12.934699376292963 ], [ 45.129706559280173, -12.935327350914804 ], [ 45.130814017924159, -12.935780743650064 ], [ 45.130965329073561, -12.936004023426497 ], [ 45.131382038953909, -12.936008335314094 ], [ 45.131544337971505, -12.93608692537993 ], [ 45.132137989435016, -12.935963644171766 ], [ 45.132755684784591, -12.935981416118624 ], [ 45.132815647323007, -12.936052823244445 ], [ 45.132845137737753, -12.936032009932063 ], [ 45.134363716918259, -12.936364005165423 ], [ 45.135134460925713, -12.936397969542146 ], [ 45.135898702720461, -12.936341507647672 ], [ 45.136149497420398, -12.936401058976477 ], [ 45.135943174771192, -12.936747503408331 ], [ 45.136065861446099, -12.936878559152916 ], [ 45.136198360681306, -12.93640374629692 ], [ 45.136557892479189, -12.936371908800087 ], [ 45.13676351915997, -12.936442334456935 ], [ 45.136631714033257, -12.936496659934155 ], [ 45.136747969657876, -12.936668411044295 ], [ 45.136660491972371, -12.936861067182509 ], [ 45.136730721588677, -12.937161249264156 ], [ 45.136647875002062, -12.93739369100834 ], [ 45.136671961227847, -12.937607086982711 ], [ 45.136817753030712, -12.937841217450671 ], [ 45.136803973921566, -12.937932556315452 ], [ 45.137048396428362, -12.938137698152522 ], [ 45.136894996543951, -12.937477658917338 ], [ 45.136951958023019, -12.937115015273529 ], [ 45.137006303614001, -12.937027272192832 ], [ 45.137495090612717, -12.937333563852679 ], [ 45.138164300856751, -12.937139695770787 ], [ 45.138182706466402, -12.937080003961874 ], [ 45.137965979521191, -12.936943573326806 ], [ 45.137886598323142, -12.936769090466953 ], [ 45.138012756444049, -12.936504975845965 ], [ 45.13805309320324, -12.936090797141942 ], [ 45.138147978739767, -12.935959627231123 ], [ 45.139172246601696, -12.935988019699574 ], [ 45.139384254814516, -12.935928224472871 ], [ 45.139650801489928, -12.936129734988096 ], [ 45.140615198571254, -12.936253102551854 ], [ 45.14085591351251, -12.936420263340263 ], [ 45.141059601526365, -12.93631977893325 ], [ 45.142027578173163, -12.936249624779528 ], [ 45.144287831143039, -12.935736565894086 ], [ 45.144752475095622, -12.935731787186501 ], [ 45.145147918594333, -12.937223618730988 ], [ 45.145331569791786, -12.937549054920389 ], [ 45.145470796097683, -12.937576105531848 ], [ 45.145526253119336, -12.93782022841318 ], [ 45.145222483381545, -12.938625200943884 ], [ 45.145416381207227, -12.939130581704738 ], [ 45.145496380176773, -12.940360348681764 ], [ 45.144873300031456, -12.940616604786648 ], [ 45.145925920104737, -12.943390327764451 ], [ 45.146930704665273, -12.946305139174369 ], [ 45.148341119994079, -12.946003217776996 ], [ 45.148707045126471, -12.945849282988123 ], [ 45.148968839999313, -12.945781313103634 ], [ 45.1500464922701, -12.945592606499364 ], [ 45.150467811572241, -12.945569756903529 ], [ 45.151582215271539, -12.94517484860501 ], [ 45.15231508706092, -12.945042397756298 ], [ 45.154072045788588, -12.944583803675393 ], [ 45.154817840165308, -12.94448117917787 ], [ 45.155484271189557, -12.944257427365079 ], [ 45.160715284129282, -12.944062550297494 ] ] ] ] } },
{ "type": "Feature", "properties": { "code_iris": "976080201", "nom_iris": "Labattoir-Dziani" }, "geometry": { "type": "MultiPolygon", "coordinates": [ [ [ [ 45.277001174219706, -12.773483489863985 ], [ 45.276956433029945, -12.773007886720189 ], [ 45.276638201215057, -12.772660977672276 ], [ 45.27659127707259, -12.772718900609142 ], [ 45.276380055127447, -12.772497573726175 ], [ 45.275362603881206, -12.771352012352452 ], [ 45.275390141389522, -12.771257938727626 ], [ 45.276658272990467, -12.769938175968296 ], [ 45.277421321192875, -12.769282678287569 ], [ 45.278070929876058, -12.768521497381885 ], [ 45.278312796599721, -12.768123360326436 ], [ 45.278387436625763, -12.768136845836853 ], [ 45.278775467774828, -12.767445568206552 ], [ 45.279196808257133, -12.766886279395667 ], [ 45.280300271493644, -12.765824392736263 ], [ 45.280780426744165, -12.76513663156436 ], [ 45.281033582133453, -12.764956411064823 ], [ 45.28140586253452, -12.76419551698808 ], [ 45.28275117202589, -12.761917108636288 ], [ 45.282990435349603, -12.761675410263969 ], [ 45.283082549767009, -12.761663555986583 ], [ 45.28339344945622, -12.761221935050528 ], [ 45.28351557198053, -12.760856475709266 ], [ 45.283879121489854, -12.760539588100041 ], [ 45.284031721558883, -12.760242820918979 ], [ 45.284195897086775, -12.759587042785583 ], [ 45.284196514569501, -12.759314854398138 ], [ 45.284067366810554, -12.759162170226253 ], [ 45.284076482623128, -12.759075349723034 ], [ 45.284328662976506, -12.758854434680536 ], [ 45.284618829982293, -12.758826089750178 ], [ 45.285356509309423, -12.759421213613518 ], [ 45.285998168868339, -12.759828349426146 ], [ 45.286145193135475, -12.760311074719308 ], [ 45.28645997178775, -12.760866864623841 ], [ 45.286723701280934, -12.761902881018919 ], [ 45.287448389108654, -12.763218722038779 ], [ 45.28781172108846, -12.763525780911378 ], [ 45.288309533499984, -12.763808277052972 ], [ 45.288785409590218, -12.76424361910377 ], [ 45.289209413802688, -12.764431245018946 ], [ 45.28922858652647, -12.765088633720849 ], [ 45.28947139814246, -12.765539602190458 ], [ 45.289665927893658, -12.765660562127142 ], [ 45.29022341586036, -12.765754899373485 ], [ 45.290330416400479, -12.765869625014092 ], [ 45.290335162112619, -12.765991697229609 ], [ 45.290610950994115, -12.766274432753741 ], [ 45.290856176631323, -12.766416134383366 ], [ 45.290952149113515, -12.766554383104031 ], [ 45.290983381017234, -12.766473868033209 ], [ 45.291310857721164, -12.766838835067771 ], [ 45.292020818766957, -12.767330882160403 ], [ 45.292022780692761, -12.767434871851727 ], [ 45.292255935831328, -12.767493391989102 ], [ 45.292875630056365, -12.768000004979081 ], [ 45.293147476900067, -12.76885514934737 ], [ 45.293401088840014, -12.769075511282459 ], [ 45.293489876891726, -12.769372919703743 ], [ 45.293465643201969, -12.769929076856128 ], [ 45.293587189694975, -12.770670448683951 ], [ 45.293685047578045, -12.770843056721727 ], [ 45.293703850601993, -12.771169479689771 ], [ 45.293855044407998, -12.771255217766875 ], [ 45.293747360345058, -12.772945430538348 ], [ 45.293842502309062, -12.773158733932817 ], [ 45.293768025096647, -12.773288128351224 ], [ 45.293762848120039, -12.773591971017224 ], [ 45.29390342620254, -12.775651756239428 ], [ 45.293943145593666, -12.775740331096276 ], [ 45.294178971296979, -12.77571113155633 ], [ 45.294768349803633, -12.776272933931418 ], [ 45.294930511706845, -12.776279987009854 ], [ 45.29538058345674, -12.776679173838373 ], [ 45.295677386777108, -12.776795493163501 ], [ 45.29580257280503, -12.776696786807527 ], [ 45.295990581656312, -12.776746311239782 ], [ 45.296488415295592, -12.777017035350273 ], [ 45.29675094349745, -12.776973335085204 ], [ 45.296874574750859, -12.777121497333988 ], [ 45.297168664124946, -12.778067943343203 ], [ 45.297373424289155, -12.778259419216134 ], [ 45.297357056032304, -12.778443909942435 ], [ 45.297677134936833, -12.778764567060971 ], [ 45.29772710308572, -12.778948982969347 ], [ 45.297878329368473, -12.779057325426187 ], [ 45.297951311020704, -12.779224534067268 ], [ 45.297830193474809, -12.779650584677682 ], [ 45.297909395306462, -12.780408278360708 ], [ 45.298052523438805, -12.780681208005426 ], [ 45.297108509592846, -12.780203910670073 ], [ 45.296432053486541, -12.7800400931925 ], [ 45.296081054423922, -12.780067615506814 ], [ 45.29572571682138, -12.780325732571953 ], [ 45.295511780138476, -12.780958965348956 ], [ 45.295542988802147, -12.781650701413614 ], [ 45.295769509924021, -12.782330462984948 ], [ 45.296360725992415, -12.782871460731181 ], [ 45.296682494787859, -12.783057379891897 ], [ 45.297065891038422, -12.783154610257261 ], [ 45.297509055823596, -12.783149589530098 ], [ 45.297748498086563, -12.783056179039784 ], [ 45.297982255152732, -12.782828941974934 ], [ 45.29848497255503, -12.782539005565424 ], [ 45.298635637134339, -12.782167177834731 ], [ 45.298534044588592, -12.781959309418754 ], [ 45.298521780324343, -12.781715168887612 ], [ 45.299006526488029, -12.781814994615635 ], [ 45.299394966185453, -12.782283873140441 ], [ 45.299440382847834, -12.782513507572657 ], [ 45.299717262082673, -12.782915595767509 ], [ 45.299674376582885, -12.783270120440827 ], [ 45.299991654465742, -12.784332283394447 ], [ 45.299824362509163, -12.784667055435174 ], [ 45.299686831925094, -12.785237809407869 ], [ 45.299547832522705, -12.785344671762742 ], [ 45.299156090880068, -12.78520585790989 ], [ 45.299031570167635, -12.785089347575203 ], [ 45.298851277831439, -12.784556029426353 ], [ 45.298615809133977, -12.784111392567377 ], [ 45.298472871680552, -12.784003041266782 ], [ 45.298300984951673, -12.783564662073584 ], [ 45.298043765230574, -12.783426598623146 ], [ 45.297342657264167, -12.783462656458488 ], [ 45.297039700295471, -12.783606777537956 ], [ 45.296453334173648, -12.784066809066978 ], [ 45.29562047034355, -12.784103010386 ], [ 45.294744083319976, -12.783950264085595 ], [ 45.293988655153434, -12.78402254475796 ], [ 45.293667416811857, -12.784295089543754 ], [ 45.292644071465581, -12.784540381174267 ], [ 45.291603436173787, -12.78497558591892 ], [ 45.290250071877445, -12.78588135437781 ], [ 45.284291033614068, -12.787832037941781 ], [ 45.284144475172965, -12.787777939301353 ], [ 45.284079209621524, -12.787913651039098 ], [ 45.283640792031512, -12.788052477155796 ], [ 45.283609148459178, -12.78776856844158 ], [ 45.283249436265372, -12.786603342808668 ], [ 45.283551747992739, -12.785870554140491 ], [ 45.283265318155088, -12.785146536448742 ], [ 45.283366354133975, -12.784865197956796 ], [ 45.28310267423457, -12.784711754051498 ], [ 45.283209281710846, -12.784469293521608 ], [ 45.28310902963139, -12.783800236482181 ], [ 45.282993487683129, -12.783465778106525 ], [ 45.282866608011616, -12.782878134362404 ], [ 45.281542835912454, -12.783069448371572 ], [ 45.281219563255341, -12.783180114900057 ], [ 45.281049825180908, -12.781324719733853 ], [ 45.280503178809624, -12.780229317724014 ], [ 45.281093196257103, -12.779719581978537 ], [ 45.281192468968726, -12.779509683959864 ], [ 45.280713123733079, -12.779285029281082 ], [ 45.280442074548461, -12.779126164681552 ], [ 45.28029912055537, -12.778993387816389 ], [ 45.280275585677025, -12.778538561424115 ], [ 45.279618647110247, -12.778515747031395 ], [ 45.279404054295135, -12.778587412192742 ], [ 45.278730552397462, -12.778583602946439 ], [ 45.278682505125147, -12.778457959148179 ], [ 45.278649799503995, -12.778039313308662 ], [ 45.278589696762914, -12.777842244306775 ], [ 45.278664190012883, -12.77771918395695 ], [ 45.278726369824348, -12.77728958658167 ], [ 45.278478535851612, -12.776452487331419 ], [ 45.278308171128593, -12.775684935466487 ], [ 45.277883034714456, -12.775314629556952 ], [ 45.27759621987655, -12.774211712674338 ], [ 45.277001174219706, -12.773483489863985 ] ] ] ] } },
{ "type": "Feature", "properties": { "code_iris": "976110201", "nom_iris": "Mtsapéré-Maevantana" }, "geometry": { "type": "MultiPolygon", "coordinates": [ [ [ [ 45.218647699140504, -12.787685736502006 ], [ 45.218147328004633, -12.787610191278183 ], [ 45.217564889888905, -12.787458753252588 ], [ 45.217144577664392, -12.787264679323734 ], [ 45.217048659930541, -12.78715353177453 ], [ 45.217086246876619, -12.786931952124862 ], [ 45.217172792371805, -12.786857729882046 ], [ 45.217354341090129, -12.786902794365467 ], [ 45.217562759080387, -12.787122362688706 ], [ 45.21770006748249, -12.787150282088732 ], [ 45.218039927948944, -12.787003507932473 ], [ 45.218381735687309, -12.786978809586495 ], [ 45.218544771705375, -12.78692441772805 ], [ 45.218998667725849, -12.786529775008434 ], [ 45.219520199550054, -12.786571842668554 ], [ 45.220627338677012, -12.7861712270449 ], [ 45.221035418189267, -12.786071414574637 ], [ 45.221615699196363, -12.785863847504139 ], [ 45.221845919330015, -12.785724394822182 ], [ 45.222320936113945, -12.78525738627507 ], [ 45.222397479816991, -12.785337802702504 ], [ 45.222416916338751, -12.785438161428553 ], [ 45.222049899275156, -12.78613386216416 ], [ 45.222057767318859, -12.786702647815913 ], [ 45.222020075703618, -12.786799437528407 ], [ 45.221925219589671, -12.786851061326702 ], [ 45.222286445058081, -12.786905918249156 ], [ 45.222478065598494, -12.786877724007708 ], [ 45.22253933940906, -12.787406676218088 ], [ 45.222534960664326, -12.787667112593887 ], [ 45.222487193378448, -12.787831731876116 ], [ 45.222333341336125, -12.787851755777012 ], [ 45.221911288037525, -12.787778864526393 ], [ 45.221684536181051, -12.787671445869787 ], [ 45.221295624430262, -12.787565971680353 ], [ 45.221207186787247, -12.787582322910509 ], [ 45.221163953097694, -12.78766374438578 ], [ 45.220995295348388, -12.78761053322313 ], [ 45.220771271203596, -12.787460610314588 ], [ 45.220239581907236, -12.787395042356966 ], [ 45.22017153983181, -12.787556061053445 ], [ 45.220045799669705, -12.78811953258881 ], [ 45.218647699140504, -12.787685736502006 ] ] ] ] } },
{ "type": "Feature", "properties": { "code_iris": "976080202", "nom_iris": "Labattoir-Badamier" }, "geometry": { "type": "MultiPolygon", "coordinates": [ [ [ [ 45.26865795750502, -12.780698302885702 ], [ 45.268482238503942, -12.780942636724694 ], [ 45.268119396126622, -12.7811021585356 ], [ 45.268019125738306, -12.781250561955732 ], [ 45.2678901142923, -12.7812289902947 ], [ 45.267708800384497, -12.781410934142254 ], [ 45.267507973263143, -12.781436457591575 ], [ 45.266987684426176, -12.78169651227471 ], [ 45.266332385701062, -12.781487382044759 ], [ 45.266013992597202, -12.780983116138511 ], [ 45.265883991043488, -12.780895532198473 ], [ 45.26566748894956, -12.780909314423759 ], [ 45.265616470983325, -12.780580208598408 ], [ 45.266072577723698, -12.779738770582462 ], [ 45.266266738339411, -12.779507079584471 ], [ 45.267057723568008, -12.779081269695721 ], [ 45.267283410779775, -12.779042157272945 ], [ 45.267808787373724, -12.779244182931775 ], [ 45.268209588259104, -12.779260957191395 ], [ 45.268819188553032, -12.779822797783103 ], [ 45.269182334106695, -12.779951739347119 ], [ 45.269183379927391, -12.78006929439287 ], [ 45.269347589692387, -12.780268067951758 ], [ 45.269188375411019, -12.780436426072574 ], [ 45.269076877482618, -12.780422071341007 ], [ 45.26865795750502, -12.780698302885702 ] ] ], [ [ [ 45.272163761866167, -12.785938614809599 ], [ 45.271925874886591, -12.785775185971705 ], [ 45.27072129587777, -12.785440938082468 ], [ 45.270582043119305, -12.785321716347822 ], [ 45.270742496163024, -12.784584565681991 ], [ 45.270936853703859, -12.784538248000807 ], [ 45.271559838047999, -12.784674153329732 ], [ 45.271679380772504, -12.784455195139042 ], [ 45.27145335531052, -12.784181431772664 ], [ 45.271313440656371, -12.783441876798248 ], [ 45.271212979224593, -12.783410330379336 ], [ 45.271126061267125, -12.783119242379991 ], [ 45.271331351250524, -12.782958069956521 ], [ 45.271548824345523, -12.782989495930755 ], [ 45.271587288291663, -12.782771525479779 ], [ 45.271747341553962, -12.782526301496972 ], [ 45.272040141555536, -12.782348761395038 ], [ 45.272327211518565, -12.781983137181301 ], [ 45.272506806760667, -12.781919652342264 ], [ 45.27331846676207, -12.780159993226006 ], [ 45.273957791250027, -12.779223403101966 ], [ 45.274065183380806, -12.778848016428796 ], [ 45.274173805670053, -12.778759284411096 ], [ 45.274183753141791, -12.778585652789408 ], [ 45.274394419162782, -12.778288830818175 ], [ 45.274409832996717, -12.778058224015465 ], [ 45.274500908470671, -12.77793153045125 ], [ 45.274450583453003, -12.777400771839813 ], [ 45.274547208150622, -12.777293966595678 ], [ 45.274311745572348, -12.776809518589648 ], [ 45.274376042574687, -12.776627691953724 ], [ 45.274504107403445, -12.776627558806325 ], [ 45.274539957251449, -12.776551562199312 ], [ 45.274425606029908, -12.776453114840498 ], [ 45.274684049192665, -12.776035974024985 ], [ 45.27483543787968, -12.77545255733825 ], [ 45.27516037613502, -12.775184552646639 ], [ 45.275268254288953, -12.775261303787053 ], [ 45.275475471041041, -12.775186032588476 ], [ 45.275556282060784, -12.774940888995307 ], [ 45.275480482776814, -12.774709473008192 ], [ 45.275646068974417, -12.774476900796422 ], [ 45.275973840721363, -12.774274904439634 ], [ 45.276347869554186, -12.774249193419999 ], [ 45.276620435971381, -12.774115979156203 ], [ 45.276886314624676, -12.773763936430283 ], [ 45.277001174219706, -12.773483489863985 ], [ 45.27759621987655, -12.774211712674338 ], [ 45.277883034714456, -12.775314629556952 ], [ 45.278308171128593, -12.775684935466487 ], [ 45.278478535851612, -12.776452487331419 ], [ 45.278726369824348, -12.77728958658167 ], [ 45.278664190012883, -12.77771918395695 ], [ 45.278589696762914, -12.777842244306775 ], [ 45.278649799503995, -12.778039313308662 ], [ 45.278682505125147, -12.778457959148179 ], [ 45.278730552397462, -12.778583602946439 ], [ 45.279404054295135, -12.778587412192742 ], [ 45.279618647110247, -12.778515747031395 ], [ 45.280275585677025, -12.778538561424115 ], [ 45.28029912055537, -12.778993387816389 ], [ 45.280442074548461, -12.779126164681552 ], [ 45.280713123733079, -12.779285029281082 ], [ 45.281192468968726, -12.779509683959864 ], [ 45.281093196257103, -12.779719581978537 ], [ 45.280503178809624, -12.780229317724014 ], [ 45.281049825180908, -12.781324719733853 ], [ 45.281219563255341, -12.783180114900057 ], [ 45.279307885905673, -12.784138870495953 ], [ 45.277250001527541, -12.785376283433466 ], [ 45.276023251287825, -12.785840559692666 ], [ 45.275131588287216, -12.7860413364235 ], [ 45.2740473001015, -12.786188053736254 ], [ 45.273817869647239, -12.786178344949612 ], [ 45.273475965598529, -12.786106357476291 ], [ 45.273245637204333, -12.786118351771266 ], [ 45.273120458035073, -12.786236037435122 ], [ 45.272878103201201, -12.786202830008028 ], [ 45.272600820982504, -12.786248330565206 ], [ 45.27254164510007, -12.786053972128069 ], [ 45.272446634070889, -12.785950982680802 ], [ 45.273036266952793, -12.785913297664841 ], [ 45.272163761866167, -12.785938614809599 ] ] ], [ [ [ 45.270798183284818, -12.778046581547413 ], [ 45.270402278455748, -12.778300185240333 ], [ 45.270107508549195, -12.778354743742527 ], [ 45.269361087212573, -12.778224386282057 ], [ 45.269411575754297, -12.778049809115492 ], [ 45.26957541906522, -12.777904053080658 ], [ 45.269815417217949, -12.777460711675339 ], [ 45.269943111947619, -12.777111529832796 ], [ 45.270086700433829, -12.776980262647813 ], [ 45.270266355233268, -12.77697555737045 ], [ 45.270497735401669, -12.777093780763801 ], [ 45.270703634258041, -12.777508633223704 ], [ 45.270830133341804, -12.777768031196011 ], [ 45.270798183284818, -12.778046581547413 ] ] ] ] } },
{ "type": "Feature", "properties": { "code_iris": "976110202", "nom_iris": "Mtsapéré-Mandzarsoa" }, "geometry": { "type": "MultiPolygon", "coordinates": [ [ [ [ 45.226322767771727, -12.78667641580765 ], [ 45.226445503345211, -12.786893337662825 ], [ 45.22604586918218, -12.787164060162617 ], [ 45.225681038266224, -12.787200543772686 ], [ 45.225649071365993, -12.787517069115916 ], [ 45.225497998360083, -12.787553369518468 ], [ 45.225263959253134, -12.787541813867495 ], [ 45.224237004541557, -12.787968604851399 ], [ 45.222832474126868, -12.788614546935877 ], [ 45.22248798295626, -12.788733298465099 ], [ 45.222157010826194, -12.788507507447664 ], [ 45.222266520121437, -12.788353687563662 ], [ 45.222262685881283, -12.7881836861345 ], [ 45.222333341336125, -12.787851755777012 ], [ 45.222487193378448, -12.787831731876116 ], [ 45.222534960664326, -12.787667112593887 ], [ 45.22253933940906, -12.787406676218088 ], [ 45.222478065598494, -12.786877724007708 ], [ 45.222286445058081, -12.786905918249156 ], [ 45.221925219589671, -12.786851061326702 ], [ 45.222020075703618, -12.786799437528407 ], [ 45.222057767318859, -12.786702647815913 ], [ 45.222049899275156, -12.78613386216416 ], [ 45.222416916338751, -12.785438161428553 ], [ 45.222397479816991, -12.785337802702504 ], [ 45.222320936113945, -12.78525738627507 ], [ 45.222506866483137, -12.785045627921347 ], [ 45.222900706527511, -12.78447107744042 ], [ 45.223955999612286, -12.784849077124054 ], [ 45.224320199844676, -12.785145371599643 ], [ 45.224884279539729, -12.785376387060269 ], [ 45.225044794047889, -12.785598703089303 ], [ 45.225265112683061, -12.785725114256936 ], [ 45.225303968821251, -12.785904128533623 ], [ 45.225448646675062, -12.785930229044927 ], [ 45.225584164677016, -12.78601692407512 ], [ 45.225643076767227, -12.785954478362582 ], [ 45.225856061234829, -12.786121587899759 ], [ 45.226322767771727, -12.78667641580765 ] ] ] ] } },
{ "type": "Feature", "properties": { "code_iris": "976080203", "nom_iris": "Labattoir-Collège Buini M'titi" }, "geometry": { "type": "MultiPolygon", "coordinates": [ [ [ [ 45.283640792031512, -12.788052477155796 ], [ 45.283250269104748, -12.788176782698566 ], [ 45.283250390093002, -12.788285295719271 ], [ 45.282808162075092, -12.788312898579958 ], [ 45.282210423063667, -12.788521522412625 ], [ 45.282127468432492, -12.788493578599622 ], [ 45.281630169081865, -12.788712040708822 ], [ 45.280896845183833, -12.788793303380338 ], [ 45.280914990270382, -12.789371116648852 ], [ 45.279903161613852, -12.789228412564043 ], [ 45.279898466061105, -12.789147936945742 ], [ 45.279547342698507, -12.789075967255 ], [ 45.278759235109973, -12.788773868834379 ], [ 45.277878389248521, -12.78876304280956 ], [ 45.277762169637583, -12.788647417832381 ], [ 45.277652723183344, -12.787984698299445 ], [ 45.277469442454816, -12.787207213215316 ], [ 45.27794907442275, -12.786840476150678 ], [ 45.278107712771941, -12.786989514591859 ], [ 45.278201210991782, -12.786549937511856 ], [ 45.278240800985081, -12.786523671728379 ], [ 45.278378104225695, -12.786541612392954 ], [ 45.278472562833556, -12.786138205270142 ], [ 45.278146248567978, -12.786000195212596 ], [ 45.277887273258941, -12.785934455956248 ], [ 45.277700896988875, -12.785695923152943 ], [ 45.277250001527541, -12.785376283433466 ], [ 45.279307885905673, -12.784138870495953 ], [ 45.281219563255341, -12.783180114900057 ], [ 45.281542835912454, -12.783069448371572 ], [ 45.282866608011616, -12.782878134362404 ], [ 45.282993487683129, -12.783465778106525 ], [ 45.28310902963139, -12.783800236482181 ], [ 45.283209281710846, -12.784469293521608 ], [ 45.28310267423457, -12.784711754051498 ], [ 45.283366354133975, -12.784865197956796 ], [ 45.283265318155088, -12.785146536448742 ], [ 45.283551747992739, -12.785870554140491 ], [ 45.283249436265372, -12.786603342808668 ], [ 45.283609148459178, -12.78776856844158 ], [ 45.283640792031512, -12.788052477155796 ] ] ] ] } },
{ "type": "Feature", "properties": { "code_iris": "976110203", "nom_iris": "Mtsapéré-Rivière Bonovo" }, "geometry": { "type": "MultiPolygon", "coordinates": [ [ [ [ 45.225649071365993, -12.787517069115916 ], [ 45.225389879671788, -12.788233480462276 ], [ 45.22294439106274, -12.79120431015378 ], [ 45.222582882768478, -12.790833860800049 ], [ 45.222590975527595, -12.790605975428187 ], [ 45.222781453765322, -12.790322774954811 ], [ 45.222589697539483, -12.790199050531811 ], [ 45.222476376990734, -12.790209997519831 ], [ 45.222489204267667, -12.79012769722071 ], [ 45.222362846650398, -12.789981310442011 ], [ 45.22223290413023, -12.789949770179899 ], [ 45.221961275121295, -12.790154366228586 ], [ 45.221413631857779, -12.789762369076225 ], [ 45.2209279382067, -12.789618091605504 ], [ 45.220525313746577, -12.78964013132077 ], [ 45.220267269922005, -12.789574334528625 ], [ 45.219926979904685, -12.789227374953043 ], [ 45.219043483286335, -12.789351092360342 ], [ 45.218947762682497, -12.789470536835875 ], [ 45.218670485644807, -12.789538587912018 ], [ 45.218091701918773, -12.789356402585367 ], [ 45.218093463158695, -12.789261451700776 ], [ 45.218011457285627, -12.789257902384415 ], [ 45.217912709112987, -12.78907079797888 ], [ 45.217823060111378, -12.788749852529589 ], [ 45.217834069341926, -12.788694682336923 ], [ 45.217963903637063, -12.788601434193373 ], [ 45.217981267029913, -12.788435032262521 ], [ 45.217744170233473, -12.788081654498338 ], [ 45.217638130748206, -12.787986792582114 ], [ 45.217652733295722, -12.787824010062268 ], [ 45.217773364332352, -12.787743429532222 ], [ 45.218520764246961, -12.787935423074796 ], [ 45.218647699140504, -12.787685736502006 ], [ 45.220045799669705, -12.78811953258881 ], [ 45.22017153983181, -12.787556061053445 ], [ 45.220239581907236, -12.787395042356966 ], [ 45.220771271203596, -12.787460610314588 ], [ 45.220995295348388, -12.78761053322313 ], [ 45.221163953097694, -12.78766374438578 ], [ 45.221207186787247, -12.787582322910509 ], [ 45.221295624430262, -12.787565971680353 ], [ 45.221684536181051, -12.787671445869787 ], [ 45.221911288037525, -12.787778864526393 ], [ 45.222333341336125, -12.787851755777012 ], [ 45.222262685881283, -12.7881836861345 ], [ 45.222266520121437, -12.788353687563662 ], [ 45.222157010826194, -12.788507507447664 ], [ 45.22248798295626, -12.788733298465099 ], [ 45.222832474126868, -12.788614546935877 ], [ 45.224237004541557, -12.787968604851399 ], [ 45.225263959253134, -12.787541813867495 ], [ 45.225497998360083, -12.787553369518468 ], [ 45.225649071365993, -12.787517069115916 ] ] ] ] } },
{ "type": "Feature", "properties": { "code_iris": "976080204", "nom_iris": "Labattoir-Potelea" }, "geometry": { "type": "MultiPolygon", "coordinates": [ [ [ [ 45.273900001463382, -12.788008516296514 ], [ 45.273768263924424, -12.788025834335102 ], [ 45.273427362190695, -12.787175263332045 ], [ 45.272702697850512, -12.787597406662004 ], [ 45.272355646346199, -12.787022645041525 ], [ 45.272563609604084, -12.786774658299796 ], [ 45.273120458035073, -12.786236037435122 ], [ 45.273245637204333, -12.786118351771266 ], [ 45.273475965598529, -12.786106357476291 ], [ 45.273817869647239, -12.786178344949612 ], [ 45.2740473001015, -12.786188053736254 ], [ 45.275131588287216, -12.7860413364235 ], [ 45.276023251287825, -12.785840559692666 ], [ 45.277250001527541, -12.785376283433466 ], [ 45.277700896988875, -12.785695923152943 ], [ 45.277887273258941, -12.785934455956248 ], [ 45.278146248567978, -12.786000195212596 ], [ 45.278472562833556, -12.786138205270142 ], [ 45.278378104225695, -12.786541612392954 ], [ 45.278240800985081, -12.786523671728379 ], [ 45.278201210991782, -12.786549937511856 ], [ 45.278107712771941, -12.786989514591859 ], [ 45.27794907442275, -12.786840476150678 ], [ 45.277469442454816, -12.787207213215316 ], [ 45.277652723183344, -12.787984698299445 ], [ 45.277762169637583, -12.788647417832381 ], [ 45.277733662437527, -12.788698087344786 ], [ 45.277526458182599, -12.788794158790342 ], [ 45.276327044167992, -12.788992550541698 ], [ 45.274942124431369, -12.788907187425743 ], [ 45.275043326875242, -12.78791870734058 ], [ 45.274484058823639, -12.787922907077334 ], [ 45.273900001463382, -12.788008516296514 ] ] ] ] } },
{ "type": "Feature", "properties": { "code_iris": "976110204", "nom_iris": "Mtsapéré-Bonovo-Batatane" }, "geometry": { "type": "MultiPolygon", "coordinates": [ [ [ [ 45.220525313746577, -12.78964013132077 ], [ 45.221297691471698, -12.789938801005302 ], [ 45.221724548511645, -12.790233237736825 ], [ 45.221724633763102, -12.79033089990525 ], [ 45.22155343240474, -12.790532698238939 ], [ 45.221766465501631, -12.790754067760151 ], [ 45.221882807221469, -12.791037009515284 ], [ 45.222291839910682, -12.790965226899223 ], [ 45.222626665811305, -12.791379104615427 ], [ 45.221617348184552, -12.791978588155207 ], [ 45.220320897639304, -12.792977095411398 ], [ 45.220188110448369, -12.792854224275137 ], [ 45.220105237651111, -12.792914880227052 ], [ 45.220198428459554, -12.793064912875172 ], [ 45.218994947491097, -12.793970195202006 ], [ 45.21820136579997, -12.79474129971411 ], [ 45.21789091941794, -12.794817516006875 ], [ 45.216946375091858, -12.794689887273728 ], [ 45.216839814818826, -12.795067059688076 ], [ 45.216815509381163, -12.794658345139425 ], [ 45.216835633437562, -12.794486515391981 ], [ 45.216729656406144, -12.794467612659865 ], [ 45.216679817553192, -12.794369991389418 ], [ 45.21658858834811, -12.794357406437493 ], [ 45.21677892632971, -12.793898780025764 ], [ 45.217114722605146, -12.79329806175631 ], [ 45.216865778610938, -12.793102037872911 ], [ 45.216324136381147, -12.793263444706382 ], [ 45.216578857384881, -12.792670932116074 ], [ 45.216123210354368, -12.79210793946892 ], [ 45.216089011980955, -12.791982272552223 ], [ 45.216097159063075, -12.791811356917615 ], [ 45.21598281918439, -12.791708362657433 ], [ 45.215392827653012, -12.791351654571322 ], [ 45.214992799413267, -12.791179263500243 ], [ 45.214877427947179, -12.790945148938647 ], [ 45.214707741617481, -12.79076623965118 ], [ 45.214195436248438, -12.790748570682544 ], [ 45.213678708111956, -12.790949740158482 ], [ 45.213199898601133, -12.790223086246597 ], [ 45.213052116144539, -12.788694067310487 ], [ 45.213922912442541, -12.788805493200201 ], [ 45.214288791812102, -12.788914614107217 ], [ 45.214700668584555, -12.788938694693828 ], [ 45.215298801838578, -12.789125393126469 ], [ 45.216770242641118, -12.789122379208701 ], [ 45.216884525291022, -12.789159360742582 ], [ 45.217251446083694, -12.789406831540523 ], [ 45.217450522219643, -12.789474488488615 ], [ 45.217647699137885, -12.789476134391629 ], [ 45.217915719933892, -12.789358356621214 ], [ 45.218091701918773, -12.789356402585367 ], [ 45.218670485644807, -12.789538587912018 ], [ 45.218947762682497, -12.789470536835875 ], [ 45.219043483286335, -12.789351092360342 ], [ 45.219926979904685, -12.789227374953043 ], [ 45.220267269922005, -12.789574334528625 ], [ 45.220525313746577, -12.78964013132077 ] ] ] ] } },
{ "type": "Feature", "properties": { "code_iris": "976080205", "nom_iris": "Labattoir-Mairie-Bambao" }, "geometry": { "type": "MultiPolygon", "coordinates": [ [ [ [ 45.270803825215353, -12.785936397328861 ], [ 45.271679956999293, -12.785855920034418 ], [ 45.272203437657559, -12.785991926224032 ], [ 45.272446634070889, -12.785950982680802 ], [ 45.27254164510007, -12.786053972128069 ], [ 45.272600820982504, -12.786248330565206 ], [ 45.272878103201201, -12.786202830008028 ], [ 45.273120458035073, -12.786236037435122 ], [ 45.272563609604084, -12.786774658299796 ], [ 45.272355646346199, -12.787022645041525 ], [ 45.272702697850512, -12.787597406662004 ], [ 45.273427362190695, -12.787175263332045 ], [ 45.273768263924424, -12.788025834335102 ], [ 45.273900001463382, -12.788008516296514 ], [ 45.27400612137172, -12.789013057683629 ], [ 45.273533474674295, -12.789030729591898 ], [ 45.271675814780473, -12.788875305596903 ], [ 45.271635857258516, -12.78855884979563 ], [ 45.2716528237845, -12.788054245723487 ], [ 45.271618384994859, -12.787728741441823 ], [ 45.270717173969572, -12.788490165065211 ], [ 45.270505570159536, -12.788783367969252 ], [ 45.270271744143564, -12.788974410168862 ], [ 45.270236545280717, -12.788799016479334 ], [ 45.270315605444281, -12.788631644189977 ], [ 45.269960759390578, -12.788521685841417 ], [ 45.269347718324113, -12.788213049836205 ], [ 45.269223193179343, -12.788081152503448 ], [ 45.269145635100649, -12.787927504529748 ], [ 45.2689903689134, -12.78747823712221 ], [ 45.26918439941845, -12.787120849639292 ], [ 45.269581187654452, -12.786817511504688 ], [ 45.270366821163535, -12.786541807101537 ], [ 45.270873503015203, -12.786476179306929 ], [ 45.270806844706371, -12.78617602770454 ], [ 45.270803825215353, -12.785936397328861 ] ] ] ] } },
{ "type": "Feature", "properties": { "code_iris": "976110205", "nom_iris": "Mtsapéré-Grande Montée-Doujani 1" }, "geometry": { "type": "MultiPolygon", "coordinates": [ [ [ [ 45.217048659930541, -12.78715353177453 ], [ 45.217144577664392, -12.787264679323734 ], [ 45.217564889888905, -12.787458753252588 ], [ 45.218147328004633, -12.787610191278183 ], [ 45.218647699140504, -12.787685736502006 ], [ 45.218520764246961, -12.787935423074796 ], [ 45.217773364332352, -12.787743429532222 ], [ 45.217652733295722, -12.787824010062268 ], [ 45.217638130748206, -12.787986792582114 ], [ 45.217744170233473, -12.788081654498338 ], [ 45.217981267029913, -12.788435032262521 ], [ 45.217963903637063, -12.788601434193373 ], [ 45.217834069341926, -12.788694682336923 ], [ 45.217823060111378, -12.788749852529589 ], [ 45.217912709112987, -12.78907079797888 ], [ 45.218011457285627, -12.789257902384415 ], [ 45.218093463158695, -12.789261451700776 ], [ 45.218091701918773, -12.789356402585367 ], [ 45.217915719933892, -12.789358356621214 ], [ 45.217647699137885, -12.789476134391629 ], [ 45.217450522219643, -12.789474488488615 ], [ 45.217251446083694, -12.789406831540523 ], [ 45.216884525291022, -12.789159360742582 ], [ 45.216770242641118, -12.789122379208701 ], [ 45.215298801838578, -12.789125393126469 ], [ 45.214700668584555, -12.788938694693828 ], [ 45.214288791812102, -12.788914614107217 ], [ 45.213922912442541, -12.788805493200201 ], [ 45.213052116144539, -12.788694067310487 ], [ 45.213199898601133, -12.790223086246597 ], [ 45.213678708111956, -12.790949740158482 ], [ 45.214195436248438, -12.790748570682544 ], [ 45.214707741617481, -12.79076623965118 ], [ 45.214877427947179, -12.790945148938647 ], [ 45.214992799413267, -12.791179263500243 ], [ 45.215392827653012, -12.791351654571322 ], [ 45.21598281918439, -12.791708362657433 ], [ 45.216097159063075, -12.791811356917615 ], [ 45.216089011980955, -12.791982272552223 ], [ 45.216123210354368, -12.79210793946892 ], [ 45.216578857384881, -12.792670932116074 ], [ 45.216324136381147, -12.793263444706382 ], [ 45.216865778610938, -12.793102037872911 ], [ 45.217114722605146, -12.79329806175631 ], [ 45.21677892632971, -12.793898780025764 ], [ 45.21658858834811, -12.794357406437493 ], [ 45.21651218633604, -12.794444280077437 ], [ 45.215774942404714, -12.794297486895395 ], [ 45.21491888419218, -12.794204141051734 ], [ 45.21495060033687, -12.793574736226983 ], [ 45.214888409255352, -12.793034027385078 ], [ 45.214596874536682, -12.792591167534109 ], [ 45.214301122291992, -12.792608589412213 ], [ 45.213979318830908, -12.792326715332701 ], [ 45.213729497877345, -12.792179520270899 ], [ 45.213417949416531, -12.792038704899285 ], [ 45.213142434137559, -12.792015416473296 ], [ 45.213086135284357, -12.791903331213529 ], [ 45.212754361648955, -12.79181588393125 ], [ 45.212295466827918, -12.791764709825356 ], [ 45.21198798184426, -12.792075125399094 ], [ 45.211907851095219, -12.792111361028169 ], [ 45.211055596758293, -12.792150024382305 ], [ 45.210886116503474, -12.792217076744686 ], [ 45.210064246555135, -12.792230392743662 ], [ 45.209875398082872, -12.792274852878228 ], [ 45.208971802340642, -12.792626431437876 ], [ 45.208970960567683, -12.792723190121169 ], [ 45.209080795382697, -12.79295279029308 ], [ 45.208979480065018, -12.7929989889245 ], [ 45.209023807437049, -12.793121031652015 ], [ 45.208858030151063, -12.793210686799796 ], [ 45.208379613538249, -12.792951536851826 ], [ 45.208011939794034, -12.792905708882309 ], [ 45.207719724253295, -12.792742264483204 ], [ 45.207392614342808, -12.792723532100151 ], [ 45.206977905848611, -12.792623482836088 ], [ 45.206648062859522, -12.792642731458848 ], [ 45.206406807991129, -12.792827393691704 ], [ 45.206279662359385, -12.792835631725687 ], [ 45.206035272357482, -12.792563634337533 ], [ 45.205809518827472, -12.792548437883644 ], [ 45.205740382919771, -12.792509607771233 ], [ 45.205640705640846, -12.792303509530059 ], [ 45.205412064579598, -12.792135491538785 ], [ 45.205435011567204, -12.79202695997091 ], [ 45.205792206145944, -12.791650500633562 ], [ 45.205812415145253, -12.791574525276282 ], [ 45.205772732429821, -12.791496788101407 ], [ 45.206972891545476, -12.788731462359875 ], [ 45.208821251110585, -12.788821337678909 ], [ 45.209383651319165, -12.788139064056161 ], [ 45.210168496721082, -12.787936785192581 ], [ 45.212099149620208, -12.788381050044197 ], [ 45.212322150840421, -12.787312010850552 ], [ 45.212325289958358, -12.786658213350959 ], [ 45.212342674320631, -12.786512610153851 ], [ 45.212178129821893, -12.785865277511402 ], [ 45.212165078910807, -12.785683527562218 ], [ 45.212226673028226, -12.785518898903016 ], [ 45.21239524676156, -12.785475357748576 ], [ 45.212548244958455, -12.785536725613246 ], [ 45.212772323229387, -12.78575899804766 ], [ 45.212824935826752, -12.785871990703839 ], [ 45.21280767447206, -12.786164087320845 ], [ 45.213051151570163, -12.786445122092944 ], [ 45.213078902616957, -12.786576220382742 ], [ 45.213175713990182, -12.786656623143514 ], [ 45.213387684592526, -12.786722464238597 ], [ 45.213465994247095, -12.786714262349012 ], [ 45.213800994913449, -12.786264563521005 ], [ 45.214008216067825, -12.786161307480945 ], [ 45.214206352207476, -12.786210882094878 ], [ 45.21435201464913, -12.786312947484147 ], [ 45.214434105776768, -12.786418681600344 ], [ 45.214552273949401, -12.786694391107725 ], [ 45.214662004878356, -12.786798294101642 ], [ 45.214783668618665, -12.78684883477505 ], [ 45.215280227746852, -12.786777896078597 ], [ 45.215377001553591, -12.786813084020027 ], [ 45.215636263601887, -12.787233362654479 ], [ 45.216383407111749, -12.787127854234154 ], [ 45.217048659930541, -12.78715353177453 ] ] ] ] } },
{ "type": "Feature", "properties": { "code_iris": "976080206", "nom_iris": "Labattoir-Commerce-La Ferme" }, "geometry": { "type": "MultiPolygon", "coordinates": [ [ [ [ 45.279547342698507, -12.789075967255 ], [ 45.279428021590199, -12.78949206087626 ], [ 45.279299237755367, -12.789682095353839 ], [ 45.279087430413291, -12.789781790003776 ], [ 45.278238863930504, -12.789802580766557 ], [ 45.277772833969621, -12.789973980322836 ], [ 45.277631773219227, -12.789891839705239 ], [ 45.277484609653747, -12.790127106497469 ], [ 45.277420995038142, -12.790091002367269 ], [ 45.275191140395798, -12.790833941364575 ], [ 45.271995309932926, -12.79210957468919 ], [ 45.271705423937334, -12.791576350255243 ], [ 45.271660045914274, -12.791361179123527 ], [ 45.270998479118084, -12.790485615544247 ], [ 45.270716004766115, -12.789986744791422 ], [ 45.270524082616909, -12.789728318515385 ], [ 45.270956081329814, -12.789608510438471 ], [ 45.271024887443509, -12.789329922412268 ], [ 45.271061166430471, -12.788790031730677 ], [ 45.270505570159536, -12.788783367969252 ], [ 45.270717173969572, -12.788490165065211 ], [ 45.271618384994859, -12.787728741441823 ], [ 45.2716528237845, -12.788054245723487 ], [ 45.271635857258516, -12.78855884979563 ], [ 45.271675814780473, -12.788875305596903 ], [ 45.273533474674295, -12.789030729591898 ], [ 45.27400612137172, -12.789013057683629 ], [ 45.273900001463382, -12.788008516296514 ], [ 45.274484058823639, -12.787922907077334 ], [ 45.275043326875242, -12.78791870734058 ], [ 45.274942124431369, -12.788907187425743 ], [ 45.276327044167992, -12.788992550541698 ], [ 45.277526458182599, -12.788794158790342 ], [ 45.277733662437527, -12.788698087344786 ], [ 45.277762169637583, -12.788647417832381 ], [ 45.277878389248521, -12.78876304280956 ], [ 45.278759235109973, -12.788773868834379 ], [ 45.279547342698507, -12.789075967255 ] ] ] ] } },
{ "type": "Feature", "properties": { "code_iris": "976110206", "nom_iris": "Mtsapéré-Doujani-Carrière" }, "geometry": { "type": "MultiPolygon", "coordinates": [ [ [ [ 45.216815509381163, -12.794658345139425 ], [ 45.216752243939183, -12.795022821989905 ], [ 45.216410281837327, -12.794879322428207 ], [ 45.216368929035674, -12.795008668409546 ], [ 45.216612306796478, -12.795158579007943 ], [ 45.21629138573941, -12.795919341948784 ], [ 45.216211761924214, -12.79655149891923 ], [ 45.215989694616958, -12.796541733905114 ], [ 45.215958423736993, -12.796608676239492 ], [ 45.215880111129515, -12.796616878910402 ], [ 45.215828434734455, -12.796525588960534 ], [ 45.215015679638775, -12.796437633779467 ], [ 45.213869230055842, -12.796176325284982 ], [ 45.213003963431163, -12.796096544993054 ], [ 45.212638110540105, -12.796030827932762 ], [ 45.212509454550485, -12.796437857730055 ], [ 45.212297727824073, -12.796673141167409 ], [ 45.212344422929768, -12.797420038872607 ], [ 45.212288144362297, -12.797333273325391 ], [ 45.212140653923754, -12.797255623995772 ], [ 45.211905686377584, -12.797245865930961 ], [ 45.211573897069876, -12.797147565947995 ], [ 45.21115736178497, -12.797077366132953 ], [ 45.210801586333204, -12.796942913178521 ], [ 45.210607065774482, -12.796818278019675 ], [ 45.21035738312834, -12.796841084410872 ], [ 45.20925232046838, -12.796483869059276 ], [ 45.206155228705875, -12.79504940792161 ], [ 45.20439597950692, -12.796974182555434 ], [ 45.201950789969409, -12.793787573658605 ], [ 45.199276572493098, -12.789854177360795 ], [ 45.199341818218343, -12.789634387713235 ], [ 45.19951595726176, -12.789631543180509 ], [ 45.199815244892832, -12.789426044747602 ], [ 45.200058428965185, -12.789348996476571 ], [ 45.200332097603443, -12.789372300040311 ], [ 45.200469276307167, -12.789236553619657 ], [ 45.20064245367557, -12.789183069331457 ], [ 45.200800972522948, -12.789235396990103 ], [ 45.200926228751364, -12.789170193344424 ], [ 45.201046923103604, -12.789161962831445 ], [ 45.201680875654944, -12.789215735651021 ], [ 45.201780322227386, -12.789136987122356 ], [ 45.201817104864027, -12.789045626581879 ], [ 45.20199476574556, -12.788837505904729 ], [ 45.202298778992208, -12.788784824575574 ], [ 45.202341212828252, -12.788848091701713 ], [ 45.202305351067771, -12.788938547326053 ], [ 45.202535012406592, -12.789236783816573 ], [ 45.202742358327384, -12.789280934269211 ], [ 45.202845477112575, -12.789185905461062 ], [ 45.203008679899874, -12.789334081976175 ], [ 45.203378178848524, -12.789365447118129 ], [ 45.203575423158156, -12.78945120162898 ], [ 45.203652004350879, -12.789584071810726 ], [ 45.203776881247684, -12.790195269290653 ], [ 45.203844201762735, -12.790269368298636 ], [ 45.203979700389951, -12.79033798887404 ], [ 45.204020165027941, -12.790243008071446 ], [ 45.204138965399963, -12.790170573656493 ], [ 45.204380439922211, -12.79025991042764 ], [ 45.204410087216878, -12.790462446373823 ], [ 45.204493115938938, -12.790591694168905 ], [ 45.204937548216371, -12.790993754126402 ], [ 45.205071294551828, -12.791173602031659 ], [ 45.205146852679157, -12.791178968943257 ], [ 45.205291394246366, -12.79103507579959 ], [ 45.205378927437472, -12.791036816198652 ], [ 45.205449016458395, -12.791115434029997 ], [ 45.205487929803922, -12.791381262264061 ], [ 45.205605017802768, -12.791469790507703 ], [ 45.205772732429821, -12.791496788101407 ], [ 45.205812415145253, -12.791574525276282 ], [ 45.205792206145944, -12.791650500633562 ], [ 45.205435011567204, -12.79202695997091 ], [ 45.205412064579598, -12.792135491538785 ], [ 45.205640705640846, -12.792303509530059 ], [ 45.205740382919771, -12.792509607771233 ], [ 45.205809518827472, -12.792548437883644 ], [ 45.206035272357482, -12.792563634337533 ], [ 45.206279662359385, -12.792835631725687 ], [ 45.206406807991129, -12.792827393691704 ], [ 45.206648062859522, -12.792642731458848 ], [ 45.206977905848611, -12.792623482836088 ], [ 45.207392614342808, -12.792723532100151 ], [ 45.207719724253295, -12.792742264483204 ], [ 45.208011939794034, -12.792905708882309 ], [ 45.208379613538249, -12.792951536851826 ], [ 45.208858030151063, -12.793210686799796 ], [ 45.209023807437049, -12.793121031652015 ], [ 45.208979480065018, -12.7929989889245 ], [ 45.209080795382697, -12.79295279029308 ], [ 45.208970960567683, -12.792723190121169 ], [ 45.208971802340642, -12.792626431437876 ], [ 45.209875398082872, -12.792274852878228 ], [ 45.210064246555135, -12.792230392743662 ], [ 45.210886116503474, -12.792217076744686 ], [ 45.211055596758293, -12.792150024382305 ], [ 45.211907851095219, -12.792111361028169 ], [ 45.21198798184426, -12.792075125399094 ], [ 45.212295466827918, -12.791764709825356 ], [ 45.212754361648955, -12.79181588393125 ], [ 45.213086135284357, -12.791903331213529 ], [ 45.213142434137559, -12.792015416473296 ], [ 45.213417949416531, -12.792038704899285 ], [ 45.213729497877345, -12.792179520270899 ], [ 45.213979318830908, -12.792326715332701 ], [ 45.214301122291992, -12.792608589412213 ], [ 45.214596874536682, -12.792591167534109 ], [ 45.214888409255352, -12.793034027385078 ], [ 45.21495060033687, -12.793574736226983 ], [ 45.21491888419218, -12.794204141051734 ], [ 45.215774942404714, -12.794297486895395 ], [ 45.21651218633604, -12.794444280077437 ], [ 45.21658858834811, -12.794357406437493 ], [ 45.216679817553192, -12.794369991389418 ], [ 45.216729656406144, -12.794467612659865 ], [ 45.216835633437562, -12.794486515391981 ], [ 45.216815509381163, -12.794658345139425 ] ] ] ] } },
{ "type": "Feature", "properties": { "code_iris": "976080207", "nom_iris": "Labattoir-Four à Chaux-Dzaoudzi" }, "geometry": { "type": "MultiPolygon", "coordinates": [ [ [ [ 45.271737432145606, -12.792212928140687 ], [ 45.271534997851319, -12.792466334196163 ], [ 45.27180240342377, -12.792655956785923 ], [ 45.271474889059341, -12.793123805298546 ], [ 45.271346090643576, -12.793307506068098 ], [ 45.271029713037919, -12.792988621800783 ], [ 45.270323554379182, -12.792637583091491 ], [ 45.270113275917986, -12.792447900460957 ], [ 45.269292890161537, -12.792117774289414 ], [ 45.268631758822941, -12.791648224652922 ], [ 45.268330194724363, -12.791391717028363 ], [ 45.267811532277335, -12.790591054789502 ], [ 45.267540527247426, -12.790478295237877 ], [ 45.267219182376216, -12.790684796271185 ], [ 45.267173983331716, -12.790636011102048 ], [ 45.267260475163532, -12.79052379308251 ], [ 45.267712418421077, -12.790091994427378 ], [ 45.26779520524947, -12.789961694453007 ], [ 45.267748125343793, -12.789876740200878 ], [ 45.265661058038823, -12.78885882608388 ], [ 45.26554595236793, -12.788922241427557 ], [ 45.265368985085345, -12.788861832967319 ], [ 45.264689476795894, -12.788425749794238 ], [ 45.26450407270341, -12.788226090467809 ], [ 45.263980437124971, -12.78794176765955 ], [ 45.263727699714153, -12.787670737214084 ], [ 45.263592814649975, -12.787319108046495 ], [ 45.263017516047128, -12.786967918326466 ], [ 45.262652731883563, -12.78704333687722 ], [ 45.262191513608322, -12.787419071020022 ], [ 45.26181300489592, -12.787588546953545 ], [ 45.261756022479005, -12.787726958007859 ], [ 45.261530458821859, -12.787894473155589 ], [ 45.261214409790156, -12.787876700803089 ], [ 45.26107445982764, -12.787972692816993 ], [ 45.26074464675704, -12.78801009447313 ], [ 45.260226614306461, -12.787794483698896 ], [ 45.260138930332083, -12.787644460072224 ], [ 45.260293424142503, -12.787354938732557 ], [ 45.260345327864968, -12.786755351262423 ], [ 45.260753437040123, -12.786699787183998 ], [ 45.260739490324923, -12.786576819177006 ], [ 45.26032584758196, -12.786626963024606 ], [ 45.260303509651521, -12.786407245532176 ], [ 45.260686751603387, -12.786361653161226 ], [ 45.260640405947939, -12.786091319858718 ], [ 45.260539998483694, -12.786112217443941 ], [ 45.26051500944039, -12.786002824492748 ], [ 45.260617249390592, -12.785971978049691 ], [ 45.260567188759929, -12.785672711498867 ], [ 45.258272219920826, -12.784007479483639 ], [ 45.258572638641439, -12.784062346184799 ], [ 45.259515872889601, -12.784732394400558 ], [ 45.25945557916382, -12.784335475610376 ], [ 45.259504460119899, -12.784383354273769 ], [ 45.259852668142898, -12.784318807779544 ], [ 45.259947840038627, -12.784584571780739 ], [ 45.260242010281267, -12.784834766776894 ], [ 45.260767475291594, -12.785116382626372 ], [ 45.260831900981643, -12.785048498083929 ], [ 45.261125979695159, -12.785208264353763 ], [ 45.260857375566907, -12.785630827911966 ], [ 45.26242729969232, -12.78644492937442 ], [ 45.264029666789632, -12.787437131476342 ], [ 45.264381470030372, -12.787283051880447 ], [ 45.264653304994603, -12.787312620424595 ], [ 45.265096822299718, -12.787636810671023 ], [ 45.265222718688754, -12.788201857548648 ], [ 45.265896872225525, -12.788803427514763 ], [ 45.267228031347024, -12.789462204485199 ], [ 45.267428925756469, -12.78949455482114 ], [ 45.267796412129783, -12.789358540319769 ], [ 45.268072923328717, -12.789451399942436 ], [ 45.268131808393491, -12.789372667960356 ], [ 45.268092431172313, -12.786982703078369 ], [ 45.268292040441757, -12.786672332976195 ], [ 45.268981774469879, -12.78632257945713 ], [ 45.269170615070607, -12.786285311451403 ], [ 45.269176243850403, -12.786380254830023 ], [ 45.269307068160074, -12.786371078521679 ], [ 45.269293143212472, -12.786272526507052 ], [ 45.269902076167227, -12.786187806350283 ], [ 45.270259346370452, -12.785981265321674 ], [ 45.270803825215353, -12.785936397328861 ], [ 45.270806844706371, -12.78617602770454 ], [ 45.270873503015203, -12.786476179306929 ], [ 45.270366821163535, -12.786541807101537 ], [ 45.269581187654452, -12.786817511504688 ], [ 45.26918439941845, -12.787120849639292 ], [ 45.2689903689134, -12.78747823712221 ], [ 45.269145635100649, -12.787927504529748 ], [ 45.269223193179343, -12.788081152503448 ], [ 45.269347718324113, -12.788213049836205 ], [ 45.269960759390578, -12.788521685841417 ], [ 45.270315605444281, -12.788631644189977 ], [ 45.270236545280717, -12.788799016479334 ], [ 45.270271744143564, -12.788974410168862 ], [ 45.270505570159536, -12.788783367969252 ], [ 45.271061166430471, -12.788790031730677 ], [ 45.271024887443509, -12.789329922412268 ], [ 45.270956081329814, -12.789608510438471 ], [ 45.270524082616909, -12.789728318515385 ], [ 45.270716004766115, -12.789986744791422 ], [ 45.270998479118084, -12.790485615544247 ], [ 45.271660045914274, -12.791361179123527 ], [ 45.271705423937334, -12.791576350255243 ], [ 45.271995309932926, -12.79210957468919 ], [ 45.271737432145606, -12.792212928140687 ] ] ], [ [ [ 45.265001691769612, -12.785650208348939 ], [ 45.264747426636134, -12.785680304823043 ], [ 45.263915117197463, -12.785374588678794 ], [ 45.263953762746922, -12.785324814735434 ], [ 45.264869861433048, -12.785577998536096 ], [ 45.265001691769612, -12.785650208348939 ] ] ] ] } },
{ "type": "Feature", "properties": { "code_iris": "976090300", "nom_iris": "Choungui" }, "geometry": { "type": "MultiPolygon", "coordinates": [ [ [ [ 45.122553307457736, -12.946456994640021 ], [ 45.127132817895941, -12.950379347844173 ], [ 45.134235382869214, -12.956687610170484 ], [ 45.140893525899941, -12.965622822574684 ], [ 45.144651372540274, -12.977800388697499 ], [ 45.144064704281767, -12.977401026608641 ], [ 45.142773949226509, -12.977654933961666 ], [ 45.14206417964526, -12.978053201625988 ], [ 45.141816091170611, -12.979590597086926 ], [ 45.140672809510605, -12.97976302930442 ], [ 45.138984759685826, -12.97860556593948 ], [ 45.138126805418786, -12.977838296980853 ], [ 45.137489558614064, -12.97766682307727 ], [ 45.134843913710128, -12.977261285875668 ], [ 45.133814731210208, -12.980426765493281 ], [ 45.132775163411949, -12.981447315711025 ], [ 45.13038367413435, -12.982221677140821 ], [ 45.130240849808473, -12.980641987513652 ], [ 45.129836043393816, -12.980619583125044 ], [ 45.128624597800815, -12.979161595874633 ], [ 45.128445244353514, -12.978245657866104 ], [ 45.129180104831036, -12.976395155163518 ], [ 45.127497622135969, -12.975158037617019 ], [ 45.12748834714386, -12.975051338137911 ], [ 45.127429348461781, -12.975077590908173 ], [ 45.127052211778739, -12.975052455729815 ], [ 45.126970166517239, -12.975088666633933 ], [ 45.126892692116982, -12.975047107942277 ], [ 45.126456193956798, -12.974330233182302 ], [ 45.126018297664075, -12.974494118752684 ], [ 45.126404615672243, -12.972617567956974 ], [ 45.123890810191924, -12.970178147310797 ], [ 45.121927560768334, -12.964056247859498 ], [ 45.119586109306262, -12.963144922752351 ], [ 45.120177055888057, -12.96108110084989 ], [ 45.11834447453365, -12.959930800822651 ], [ 45.120191249682755, -12.957994811607112 ], [ 45.12119526413376, -12.954089696082038 ], [ 45.116592486583407, -12.955595602241852 ], [ 45.113528055185839, -12.956191967139102 ], [ 45.113575072468535, -12.954147384974958 ], [ 45.113537205489543, -12.954002717753637 ], [ 45.113389589966935, -12.953786660710941 ], [ 45.113053882937194, -12.953555312596754 ], [ 45.113059365905443, -12.953446797420176 ], [ 45.113021525423981, -12.953360003594558 ], [ 45.112796466197132, -12.95314850113934 ], [ 45.112796427545724, -12.953062595187717 ], [ 45.112833278767688, -12.953000184374133 ], [ 45.112932844716802, -12.952982055781284 ], [ 45.113393941389099, -12.953215158087648 ], [ 45.113591232670124, -12.953186135424348 ], [ 45.113646470487268, -12.953007065223618 ], [ 45.113603791727108, -12.952416593329772 ], [ 45.113623841289609, -12.951900244482148 ], [ 45.113723322660611, -12.951696739576249 ], [ 45.11395743138916, -12.951534772382177 ], [ 45.114098473286681, -12.951489497007309 ], [ 45.114263507953325, -12.951491233257377 ], [ 45.115562683232582, -12.951729388649404 ], [ 45.115725869095435, -12.951720273511521 ], [ 45.115900998016748, -12.951618917078092 ], [ 45.116018925319587, -12.951433488571752 ], [ 45.116029894465541, -12.951229117904674 ], [ 45.115648554607013, -12.950006709687646 ], [ 45.115682582026132, -12.949821318523643 ], [ 45.115834615696322, -12.94962321511389 ], [ 45.116054930919567, -12.949546253874965 ], [ 45.11666809747009, -12.949668057093636 ], [ 45.116852493153999, -12.949671591595328 ], [ 45.117164070003696, -12.949566556019102 ], [ 45.117393524869577, -12.949319586130883 ], [ 45.117573028957764, -12.948722684726111 ], [ 45.117697386640494, -12.948492943137339 ], [ 45.117861395807132, -12.948278556214394 ], [ 45.118092709773094, -12.948067755803081 ], [ 45.118567404983104, -12.94782157794644 ], [ 45.119407183808605, -12.94754900834582 ], [ 45.119669913670648, -12.947487397284757 ], [ 45.120010116736204, -12.947485432363475 ], [ 45.120295983028925, -12.947606473273318 ], [ 45.120814308346588, -12.947985124191685 ], [ 45.12098486944376, -12.947980523730003 ], [ 45.121065946371971, -12.947864739089088 ], [ 45.121145984641821, -12.947507513884267 ], [ 45.121203104329346, -12.947420677081174 ], [ 45.121320187326226, -12.947407962796905 ], [ 45.121691800999479, -12.947538004992444 ], [ 45.121848529705808, -12.947527984783385 ], [ 45.122048547925495, -12.947430229692495 ], [ 45.122210694199566, -12.947185999899746 ], [ 45.122405883759747, -12.946640631415855 ], [ 45.122553307457736, -12.946456994640021 ] ] ] ] } },
{ "type": "Feature", "properties": { "code_iris": "976140300", "nom_iris": "Coconi" }, "geometry": { "type": "MultiPolygon", "coordinates": [ [ [ [ 45.138842332654882, -12.834151206691288 ], [ 45.14018514213025, -12.834360287116402 ], [ 45.140723411193342, -12.834513727211336 ], [ 45.142668500379393, -12.835618613780237 ], [ 45.142864029127999, -12.835901547363674 ], [ 45.143042257851938, -12.836554340904261 ], [ 45.143296707943229, -12.836732345532365 ], [ 45.143483746846336, -12.836667135296199 ], [ 45.143620970344621, -12.83651152411497 ], [ 45.14380710337467, -12.836474346837448 ], [ 45.144451429678547, -12.836753416122757 ], [ 45.144720483114483, -12.836681829956238 ], [ 45.14495538083613, -12.836508982956868 ], [ 45.145191955840943, -12.836047669384772 ], [ 45.145459069049153, -12.835808791669898 ], [ 45.147259967951562, -12.840877183313721 ], [ 45.141822500505661, -12.842167869585184 ], [ 45.141120601274828, -12.841128325404689 ], [ 45.139055420282929, -12.839565021643859 ], [ 45.13714719963621, -12.838498973628944 ], [ 45.132786099020976, -12.837993007808322 ], [ 45.133598649186688, -12.837488007364151 ], [ 45.133984712830596, -12.835615949699747 ], [ 45.133984023468734, -12.834313785637868 ], [ 45.13337915961305, -12.833690139410209 ], [ 45.133102711780325, -12.833720120804061 ], [ 45.132514818487294, -12.833820793009806 ], [ 45.132236583056702, -12.833957479550767 ], [ 45.131532907650723, -12.83470024727127 ], [ 45.131532777944649, -12.834450665793804 ], [ 45.131615618507162, -12.834260725325413 ], [ 45.131783235106099, -12.834058986689055 ], [ 45.13181818464313, -12.833926039861076 ], [ 45.131800594748945, -12.833771416631588 ], [ 45.131880500644932, -12.833255936378519 ], [ 45.13220372723044, -12.832805442069692 ], [ 45.132187911325175, -12.832518792926731 ], [ 45.132234850389345, -12.83240482990559 ], [ 45.132300264164542, -12.832374955719319 ], [ 45.13237399732116, -12.83239390850602 ], [ 45.132562145938373, -12.83268860932618 ], [ 45.132634971878417, -12.83273469092693 ], [ 45.132715145525772, -12.832733746183916 ], [ 45.132975835871171, -12.832531959778887 ], [ 45.133431005085612, -12.832395182717159 ], [ 45.133590260249015, -12.832070464945698 ], [ 45.133656579558377, -12.832010748688536 ], [ 45.133718330310749, -12.832025185784925 ], [ 45.13375245830975, -12.832083946692734 ], [ 45.133775748152871, -12.832559586665186 ], [ 45.13385238715135, -12.832845300452238 ], [ 45.134002724874215, -12.833083954041578 ], [ 45.134195352737045, -12.833131782671479 ], [ 45.134336316184005, -12.833070219569917 ], [ 45.134926741681355, -12.8325381999891 ], [ 45.135284288403632, -12.832517217777585 ], [ 45.135669575788022, -12.832672555550964 ], [ 45.135848280062064, -12.832533204001711 ], [ 45.136180756826143, -12.83216227679805 ], [ 45.1363363314019, -12.831854740637068 ], [ 45.136217404305164, -12.831764374184184 ], [ 45.136363826550024, -12.83157439927197 ], [ 45.136372949369544, -12.831402581150028 ], [ 45.136510989698799, -12.831049839917574 ], [ 45.13659397666941, -12.831140224919048 ], [ 45.136898088329204, -12.831149109559306 ], [ 45.136926592354833, -12.831031538185046 ], [ 45.137092454011608, -12.831004323323889 ], [ 45.13711915453262, -12.83095999963097 ], [ 45.137248168451293, -12.83095812375438 ], [ 45.137367993022401, -12.831004179508829 ], [ 45.137601145836939, -12.831012196120232 ], [ 45.137524044389501, -12.83157831635001 ], [ 45.137563733387132, -12.831694043548033 ], [ 45.138356539438178, -12.832212684765254 ], [ 45.138604563287558, -12.832449475707401 ], [ 45.138877791200393, -12.833273131340357 ], [ 45.138807237514342, -12.834011965992181 ], [ 45.138802703673804, -12.834146706216378 ], [ 45.138842332654882, -12.834151206691288 ] ] ] ] } },
{ "type": "Feature", "properties": { "code_iris": "976040300", "nom_iris": "Hagnoundrou" }, "geometry": { "type": "MultiPolygon", "coordinates": [ [ [ [ 45.100031327734307, -12.901510541168129 ], [ 45.100085701345179, -12.901479774943061 ], [ 45.101384881573395, -12.902405254479847 ], [ 45.101905890929011, -12.902884318894628 ], [ 45.102248872440079, -12.903062327629367 ], [ 45.102618764338629, -12.903676186892728 ], [ 45.102816285151896, -12.904300964736318 ], [ 45.102812715037281, -12.904587621943429 ], [ 45.102633120895476, -12.904974723025454 ], [ 45.102367745843367, -12.905233450244392 ], [ 45.102172328553223, -12.905247995096957 ], [ 45.102678465396274, -12.905406045324101 ], [ 45.102762420451661, -12.905578729237162 ], [ 45.102759766170543, -12.905850917626086 ], [ 45.102464299766091, -12.906918080257643 ], [ 45.10231968498465, -12.907188515654051 ], [ 45.102052472462219, -12.907468945890326 ], [ 45.101782388545423, -12.907488945253915 ], [ 45.10188018082448, -12.907686039508569 ], [ 45.10200189247869, -12.907764664135387 ], [ 45.101929466443885, -12.908745832645492 ], [ 45.10184006927895, -12.908793794148592 ], [ 45.10158230678838, -12.909653861553203 ], [ 45.101596329155448, -12.910136739828896 ], [ 45.101526412395103, -12.910488530592847 ], [ 45.101536878075798, -12.911295141229047 ], [ 45.101603356099176, -12.911558259869059 ], [ 45.101697398538263, -12.911597107188557 ], [ 45.101823792209437, -12.911851159681827 ], [ 45.101935342999113, -12.911873723116029 ], [ 45.101990752270439, -12.912118760428774 ], [ 45.102086654058986, -12.912195586490792 ], [ 45.102335535325892, -12.912162030939474 ], [ 45.102356831318716, -12.912392613096717 ], [ 45.102257293877102, -12.91244329153785 ], [ 45.102318333189864, -12.912930672644801 ], [ 45.102067663270269, -12.913101678895886 ], [ 45.102051266525905, -12.913585473166277 ], [ 45.101922303025461, -12.913817018240314 ], [ 45.102074475802333, -12.913987867081703 ], [ 45.102140953284227, -12.914246464140483 ], [ 45.102270856824632, -12.916326248709805 ], [ 45.101926104721599, -12.916373405774397 ], [ 45.102310551850621, -12.916462778872605 ], [ 45.102406733846898, -12.917223237427502 ], [ 45.101707989931377, -12.917271436986203 ], [ 45.099281049767832, -12.918019302525984 ], [ 45.098571937441157, -12.91749328228693 ], [ 45.096288938397272, -12.918615436092466 ], [ 45.096539125471296, -12.919563025147891 ], [ 45.094351406212894, -12.919176794230051 ], [ 45.093750483162744, -12.919522444062196 ], [ 45.092233447336064, -12.920465239826502 ], [ 45.091782573872216, -12.920240233868313 ], [ 45.091064495263687, -12.920385169362191 ], [ 45.090461667009833, -12.920580702465974 ], [ 45.088625423653973, -12.920892402909631 ], [ 45.089526622865662, -12.919811485537013 ], [ 45.088431927031955, -12.918542254456085 ], [ 45.087044418223712, -12.915548660964197 ], [ 45.088434529217885, -12.915456862295418 ], [ 45.087623141537051, -12.912340998140303 ], [ 45.087619883061762, -12.910925805965551 ], [ 45.086925343950575, -12.909762233404681 ], [ 45.089799396322761, -12.909212365875975 ], [ 45.091473451540566, -12.909283223388536 ], [ 45.093096718701524, -12.90911445488978 ], [ 45.09355856153315, -12.909141418330853 ], [ 45.094213957282079, -12.909088734912684 ], [ 45.096497462229259, -12.909485783844955 ], [ 45.096449187491153, -12.906194233717683 ], [ 45.096134343502428, -12.904868679463453 ], [ 45.096026709470983, -12.903022184993585 ], [ 45.095908584419945, -12.902668655924359 ], [ 45.097685815790591, -12.902679753824728 ], [ 45.097914243395621, -12.902221199851827 ], [ 45.098556593910324, -12.90185924770927 ], [ 45.099420305931446, -12.901833601093939 ], [ 45.100031327734307, -12.901510541168129 ] ] ] ] } },
{ "type": "Feature", "properties": { "code_iris": "976070300", "nom_iris": "Iloni" }, "geometry": { "type": "MultiPolygon", "coordinates": [ [ [ [ 45.152277415212168, -12.861453002103662 ], [ 45.150944621329941, -12.852040230630356 ], [ 45.151209165410272, -12.852109707876902 ], [ 45.151577826267328, -12.852136623644315 ], [ 45.151854402098451, -12.852290191238458 ], [ 45.152084826889968, -12.852326229007131 ], [ 45.152379737348681, -12.852317015199809 ], [ 45.152923614375673, -12.85252468310091 ], [ 45.153126385652833, -12.852551693269115 ], [ 45.153494948470311, -12.85241583618269 ], [ 45.153716146467573, -12.852433792331572 ], [ 45.154001906968411, -12.852533095529205 ], [ 45.154066480509591, -12.852632528319544 ], [ 45.15418634540201, -12.852722885833815 ], [ 45.154370690211991, -12.852758948648452 ], [ 45.154462857109323, -12.852767937221399 ], [ 45.154610254453466, -12.852668379772936 ], [ 45.154702410254515, -12.85265928269105 ], [ 45.15519089863011, -12.852713251092288 ], [ 45.155799130086116, -12.852658634081511 ], [ 45.156407439611819, -12.852730614651419 ], [ 45.156564091500627, -12.852694350116519 ], [ 45.156711476745961, -12.8525767059282 ], [ 45.156739181777198, -12.85266802154681 ], [ 45.15849514826337, -12.851665026351098 ], [ 45.159112743344046, -12.851850029915198 ], [ 45.15949152740798, -12.851853417181626 ], [ 45.159575370525687, -12.851816290802653 ], [ 45.159788118377691, -12.851588283154634 ], [ 45.159873798861426, -12.851542112775229 ], [ 45.160092190988046, -12.851495861474001 ], [ 45.160570524931615, -12.851525410548183 ], [ 45.160801736012907, -12.851348030402441 ], [ 45.160844976793108, -12.851230447678903 ], [ 45.16081804879466, -12.85091396661333 ], [ 45.161292612761784, -12.850814204833686 ], [ 45.162768009133927, -12.852096465684022 ], [ 45.163812920711337, -12.851794690976309 ], [ 45.165528805977836, -12.850154157646044 ], [ 45.169012333904838, -12.85133021315453 ], [ 45.170613148273766, -12.849936589024257 ], [ 45.178123045371485, -12.8495888802774 ], [ 45.179207801165539, -12.849632451777417 ], [ 45.179494611556954, -12.852498816981894 ], [ 45.182967608781411, -12.851727783262264 ], [ 45.187427432343469, -12.849454900289343 ], [ 45.186420139640347, -12.846977896116195 ], [ 45.186715993181224, -12.845760527821199 ], [ 45.186686104524298, -12.845221599375026 ], [ 45.186780822697592, -12.844943918678885 ], [ 45.186898693845514, -12.844819948740268 ], [ 45.186746545807317, -12.844702500812041 ], [ 45.186868125241098, -12.844608369425611 ], [ 45.187288001176327, -12.844114334555547 ], [ 45.187487636244207, -12.843644871813817 ], [ 45.187994310368204, -12.843383173323067 ], [ 45.188226665098689, -12.843540351318293 ], [ 45.188407274267611, -12.843513093498251 ], [ 45.188641129896425, -12.843210896790799 ], [ 45.189419601913208, -12.842862189557222 ], [ 45.189843233625552, -12.842471235633052 ], [ 45.189954560099522, -12.842226095802282 ], [ 45.190189496087669, -12.842139115129147 ], [ 45.190426346539347, -12.842147082056595 ], [ 45.190755428665128, -12.84225354812299 ], [ 45.191066177263529, -12.842489338862901 ], [ 45.191828309056007, -12.842475219283658 ], [ 45.192077260493647, -12.842641424522983 ], [ 45.192631224843495, -12.842769426364205 ], [ 45.193411699152854, -12.843843134971014 ], [ 45.194082932940738, -12.844264937589914 ], [ 45.194119860724271, -12.84434900813131 ], [ 45.194239681545803, -12.844368813662616 ], [ 45.194271179939108, -12.844583104186894 ], [ 45.193935984163161, -12.844922456033233 ], [ 45.193875366268259, -12.845191975537587 ], [ 45.193913360634198, -12.845465039347488 ], [ 45.194108870657999, -12.845639420515289 ], [ 45.194200984096788, -12.845580574375157 ], [ 45.194633287768596, -12.845684246297639 ], [ 45.195196297186989, -12.845580740826183 ], [ 45.195469794890251, -12.845304732755883 ], [ 45.195664844054313, -12.844882289881342 ], [ 45.195757902232266, -12.844854187935773 ], [ 45.195618228754348, -12.845380581563852 ], [ 45.19541844192473, -12.845635736567782 ], [ 45.195297753306271, -12.845686465882546 ], [ 45.195226946180732, -12.845887268147115 ], [ 45.195102583614776, -12.845954277100677 ], [ 45.195069371607012, -12.845909087891526 ], [ 45.194991109953193, -12.846004095153068 ], [ 45.194776822483014, -12.846578470416034 ], [ 45.194599153328546, -12.848032680355155 ], [ 45.194618907078855, -12.848552625242542 ], [ 45.194807506435708, -12.849322929724492 ], [ 45.194668350529014, -12.849330267148636 ], [ 45.195317800563657, -12.850163528525718 ], [ 45.195844291146898, -12.85049319753054 ], [ 45.196182841033796, -12.850907103734047 ], [ 45.196239304655265, -12.851223558544957 ], [ 45.195427486479986, -12.851375178392781 ], [ 45.194699737654034, -12.851791686627701 ], [ 45.194580047634851, -12.851946406767391 ], [ 45.194294465703379, -12.8520985368521 ], [ 45.192783282230877, -12.852435137808294 ], [ 45.191539827438362, -12.853385539155811 ], [ 45.190673742068853, -12.853693623968843 ], [ 45.189807376076153, -12.853630952459298 ], [ 45.188094915186895, -12.855974263366734 ], [ 45.186527846895096, -12.855558509962066 ], [ 45.186584380354468, -12.857232286992858 ], [ 45.185949255431218, -12.858317870440565 ], [ 45.18262274374306, -12.859125013446024 ], [ 45.174199483803399, -12.858506789294429 ], [ 45.1716380608134, -12.860922898723514 ], [ 45.16393444706604, -12.86154273451176 ], [ 45.162072178998677, -12.862131672287321 ], [ 45.16056960019597, -12.861671414517069 ], [ 45.160062866861196, -12.861943007595848 ], [ 45.158403981674134, -12.862070613452513 ], [ 45.158210645312664, -12.862405313015191 ], [ 45.156357828940806, -12.861918113715426 ], [ 45.154044412014841, -12.861783840629183 ], [ 45.152551191449682, -12.861531515263888 ], [ 45.152277415212168, -12.861453002103662 ] ] ] ] } },
{ "type": "Feature", "properties": { "code_iris": "976100300", "nom_iris": "Kangani" }, "geometry": { "type": "MultiPolygon", "coordinates": [ [ [ [ 45.198236065573433, -12.765879730712703 ], [ 45.181545490176219, -12.765371765007561 ], [ 45.173054852237598, -12.764049069899444 ], [ 45.158866830823442, -12.762355213679081 ], [ 45.15434334454693, -12.751756052071965 ], [ 45.156695023172773, -12.75132422905472 ], [ 45.159219348113531, -12.751503578411866 ], [ 45.1653009659316, -12.753652045912748 ], [ 45.164950415423235, -12.752919793763169 ], [ 45.164968473610585, -12.750930354692899 ], [ 45.165988948681232, -12.749112102399865 ], [ 45.164054135781505, -12.748778723871574 ], [ 45.164725726135309, -12.747367620878574 ], [ 45.166632040893653, -12.746398841291978 ], [ 45.166456960516641, -12.746326608657665 ], [ 45.166833558797343, -12.746046042870555 ], [ 45.167120071859131, -12.746063947748691 ], [ 45.16747923109444, -12.745882863489976 ], [ 45.167875125648251, -12.745529941161546 ], [ 45.167976609234415, -12.745755948164806 ], [ 45.168022837356389, -12.746009118791521 ], [ 45.168142763690767, -12.746262242573644 ], [ 45.168327140353348, -12.746461068157007 ], [ 45.168529858159992, -12.746533281940462 ], [ 45.168658925731599, -12.74667788537807 ], [ 45.168843249187688, -12.74679532492147 ], [ 45.16898144543066, -12.746813322392658 ], [ 45.169101253117184, -12.746885588678788 ], [ 45.16914743456632, -12.747066416259946 ], [ 45.169267326490797, -12.747265282384761 ], [ 45.169285871208999, -12.747446127617174 ], [ 45.169230669415342, -12.747554677196677 ], [ 45.169332058903088, -12.747635998006444 ], [ 45.173118368594047, -12.7477058899785 ], [ 45.177230797558458, -12.739826840810514 ], [ 45.172679968680939, -12.736980443921357 ], [ 45.172735146561074, -12.736842052156632 ], [ 45.17292018421746, -12.736661978430829 ], [ 45.172926444378106, -12.736384358515501 ], [ 45.172857767738925, -12.735633845888103 ], [ 45.172550988943122, -12.735599683129593 ], [ 45.172448655200121, -12.735478575457547 ], [ 45.1724574703806, -12.734891687978111 ], [ 45.172495207182791, -12.734844640512835 ], [ 45.172603889885529, -12.734819249671645 ], [ 45.172642517853006, -12.734727891580247 ], [ 45.172566939739617, -12.734667353672355 ], [ 45.17227952288664, -12.734656689404535 ], [ 45.172072124072351, -12.73446059415334 ], [ 45.171889677319029, -12.734382944037835 ], [ 45.171825018496371, -12.734121647269557 ], [ 45.17183737185227, -12.733315015858091 ], [ 45.172595880038962, -12.732510611999714 ], [ 45.172595656198808, -12.732179643331282 ], [ 45.172520897946391, -12.73196808902588 ], [ 45.172381685745741, -12.73179817383155 ], [ 45.172357668042821, -12.731698717956652 ], [ 45.17238229053028, -12.731329753061779 ], [ 45.172320338753579, -12.730984355946523 ], [ 45.17210547661432, -12.730644483931954 ], [ 45.171796769058062, -12.730472869912543 ], [ 45.171649265820903, -12.730300246816313 ], [ 45.171498900850743, -12.729981131060109 ], [ 45.171365818049054, -12.729333747980963 ], [ 45.171530632480597, -12.729223318332586 ], [ 45.171585811189402, -12.729087639598722 ], [ 45.171631741722457, -12.728897709645997 ], [ 45.171714032093746, -12.727984326765339 ], [ 45.17184289105537, -12.727830514465458 ], [ 45.172211202445261, -12.727604203613163 ], [ 45.172809925112091, -12.727558599392289 ], [ 45.172792279267689, -12.72734610352741 ], [ 45.173097108968705, -12.727237390123495 ], [ 45.173279519639891, -12.72726892090912 ], [ 45.173646387014657, -12.727631299646202 ], [ 45.17396731573676, -12.728167331054008 ], [ 45.174531381468, -12.72862814616556 ], [ 45.1749800675491, -12.728744503119291 ], [ 45.175236312846273, -12.728980352502917 ], [ 45.176216614539548, -12.729245562381067 ], [ 45.176479322134483, -12.729499491961619 ], [ 45.176634474677165, -12.730072706104723 ], [ 45.176791120141289, -12.730140423069992 ], [ 45.177838504305043, -12.730163233335707 ], [ 45.179087824226798, -12.730470753156984 ], [ 45.17931072994628, -12.730446186614047 ], [ 45.179551059581705, -12.730310380869319 ], [ 45.180391601149275, -12.729623456503514 ], [ 45.180293368695985, -12.728789771462287 ], [ 45.180202086765725, -12.728666850641016 ], [ 45.180239768226848, -12.728544746354435 ], [ 45.180343088486886, -12.728757183310575 ], [ 45.180618597375819, -12.7288718399506 ], [ 45.1814420213544, -12.728736538557616 ], [ 45.18158288203076, -12.728627927687588 ], [ 45.181561347358944, -12.728138723587284 ], [ 45.181764876795377, -12.728072571115312 ], [ 45.181949815357768, -12.72777131682856 ], [ 45.182394638891147, -12.727636272281408 ], [ 45.182689042062087, -12.727122434818821 ], [ 45.183215797637004, -12.726918606637197 ], [ 45.185063888572749, -12.72726547228044 ], [ 45.185240009341868, -12.727513123594671 ], [ 45.18532953223896, -12.729016888740773 ], [ 45.185835583358418, -12.729473198621699 ], [ 45.186336803364547, -12.729618436533311 ], [ 45.187813180676464, -12.729276478018372 ], [ 45.188022340885318, -12.729352289645611 ], [ 45.188203043121703, -12.729561051349773 ], [ 45.188468207149306, -12.729382718494998 ], [ 45.189238247009754, -12.729309826605194 ], [ 45.189516781715035, -12.728531037353378 ], [ 45.189564394034363, -12.72814306464214 ], [ 45.189672174451658, -12.728149317493704 ], [ 45.189971867047319, -12.728573212810497 ], [ 45.190364529995563, -12.72890570809705 ], [ 45.191120152148649, -12.729264165428219 ], [ 45.191917984102552, -12.729401944277003 ], [ 45.192176805417759, -12.729367393764942 ], [ 45.192471421145086, -12.729159194143021 ], [ 45.191297967759901, -12.731763482607029 ], [ 45.19159939444009, -12.73326076149222 ], [ 45.191927770574829, -12.733841074926303 ], [ 45.193128835167762, -12.734853001178633 ], [ 45.194267623018476, -12.735120740786167 ], [ 45.194977394230548, -12.735720664386243 ], [ 45.194196288023299, -12.737010749044552 ], [ 45.194451389445057, -12.739337287033917 ], [ 45.195561123111723, -12.74013043150924 ], [ 45.195507707207398, -12.740148556667974 ], [ 45.195559446428327, -12.740346556811009 ], [ 45.195495071692868, -12.740489481363264 ], [ 45.195501645593865, -12.74065315204929 ], [ 45.195415102232566, -12.740718324466485 ], [ 45.195359908900599, -12.740821453675784 ], [ 45.195275307567407, -12.741016841617789 ], [ 45.195281838413209, -12.741124446682823 ], [ 45.195417336151621, -12.741229243694473 ], [ 45.195472984951245, -12.741720229190582 ], [ 45.195722413699578, -12.742635180892675 ], [ 45.196472703154043, -12.743183525616201 ], [ 45.197110845186813, -12.744039408427037 ], [ 45.197065809002723, -12.744173276070901 ], [ 45.196894559632526, -12.744299099098399 ], [ 45.196787803055145, -12.744434821186017 ], [ 45.196769475699782, -12.744560530352562 ], [ 45.196692181920135, -12.744675431946481 ], [ 45.196716238284289, -12.744811056724448 ], [ 45.196806579250797, -12.744890566567777 ], [ 45.196786479934715, -12.745107609773285 ], [ 45.196027825079561, -12.745668829296484 ], [ 45.195080215407501, -12.746099064830895 ], [ 45.194992943951974, -12.746419245847147 ], [ 45.193760962764379, -12.746022265882761 ], [ 45.190389347861824, -12.743646444961906 ], [ 45.189953783191157, -12.74387554206332 ], [ 45.189799131872128, -12.74402757288941 ], [ 45.189678714111025, -12.744379426025558 ], [ 45.189670540202208, -12.744536777436629 ], [ 45.189711159302846, -12.744651592480679 ], [ 45.189690042573197, -12.744747461805641 ], [ 45.189561176677607, -12.74488862258657 ], [ 45.189357684355052, -12.745019889593847 ], [ 45.18909163126753, -12.745262428190879 ], [ 45.1890244652188, -12.745374607495737 ], [ 45.188996018618568, -12.745524739085567 ], [ 45.189067090928503, -12.74571097095852 ], [ 45.189205370418158, -12.745840184815695 ], [ 45.189335463134107, -12.746109568583025 ], [ 45.189285161055466, -12.746601535437357 ], [ 45.189384860463591, -12.746879983750391 ], [ 45.189401779202662, -12.747333018227598 ], [ 45.189276767345149, -12.747703864386839 ], [ 45.18935620748757, -12.747992274307785 ], [ 45.19270473625663, -12.74901260166344 ], [ 45.19344370066738, -12.751615496452722 ], [ 45.19397201921835, -12.755829976905474 ], [ 45.198236065573433, -12.765879730712703 ] ] ] ] } },
{ "type": "Feature", "properties": { "code_iris": "976130300", "nom_iris": "Mliha" }, "geometry": { "type": "MultiPolygon", "coordinates": [ [ [ [ 45.060258761609568, -12.750861906442317 ], [ 45.060105841077728, -12.750889069893256 ], [ 45.059980529818802, -12.75079686092741 ], [ 45.059970439950511, -12.750983146624399 ], [ 45.059894911298954, -12.751041038197506 ], [ 45.058976444761448, -12.751114491977056 ], [ 45.058903686067424, -12.751200415589889 ], [ 45.058936882572155, -12.751336955739434 ], [ 45.058748063154589, -12.751495248218326 ], [ 45.058662419902504, -12.751638144791949 ], [ 45.058679952380579, -12.751762932695275 ], [ 45.058597051747547, -12.751814495513788 ], [ 45.057965017641905, -12.75156595550691 ], [ 45.056824475481726, -12.751406143997793 ], [ 45.056794057145645, -12.751329286017691 ], [ 45.056993002891005, -12.751133012631852 ], [ 45.05703072000405, -12.750891559490791 ], [ 45.056520423728493, -12.75122716005051 ], [ 45.056379515409915, -12.75141980356072 ], [ 45.055507128388932, -12.751582760023652 ], [ 45.054716753227027, -12.751846976956083 ], [ 45.054261719167215, -12.752145485888185 ], [ 45.0542378007056, -12.752305549838866 ], [ 45.054454388249461, -12.752742276604073 ], [ 45.054475626384232, -12.752972865755419 ], [ 45.05427316620014, -12.753985710280828 ], [ 45.054047546443954, -12.754402633380657 ], [ 45.053558409755297, -12.754650507893883 ], [ 45.05321122020883, -12.755251929657483 ], [ 45.052793953117153, -12.755564897023246 ], [ 45.052124244369942, -12.755809187720001 ], [ 45.051706994301121, -12.756217103617425 ], [ 45.051480363395576, -12.756219860712221 ], [ 45.051466468575484, -12.755844583831356 ], [ 45.05127757981478, -12.75569812585122 ], [ 45.050390944772708, -12.753783013799319 ], [ 45.050100683282942, -12.753450290848471 ], [ 45.049745959606049, -12.753245084364314 ], [ 45.049745911579031, -12.752999117933902 ], [ 45.049930067127491, -12.752512576063648 ], [ 45.049962226032839, -12.752079415829558 ], [ 45.049542947223529, -12.751516122995296 ], [ 45.048903513392958, -12.751063193469246 ], [ 45.048426305653351, -12.75105514268655 ], [ 45.048005314647789, -12.75115649975732 ], [ 45.047590817475509, -12.751501108603073 ], [ 45.04715690932742, -12.751502090622111 ], [ 45.046952378366697, -12.751427975355783 ], [ 45.046099189235207, -12.750805070641103 ], [ 45.045415506459591, -12.750144153955416 ], [ 45.045204550360808, -12.750193925971228 ], [ 45.045025799711695, -12.750028471641624 ], [ 45.045211855339197, -12.749827687820712 ], [ 45.045000839580538, -12.749538351433628 ], [ 45.044664573724695, -12.749466969626734 ], [ 45.044507987736793, -12.749610777924298 ], [ 45.044292416257008, -12.749606292669428 ], [ 45.044221421759566, -12.7492671962877 ], [ 45.044065741404893, -12.749321479592961 ], [ 45.043979135365106, -12.74926723668519 ], [ 45.043981877239666, -12.749140635809123 ], [ 45.04387960676722, -12.749066501120105 ], [ 45.043780990866871, -12.748815125193419 ], [ 45.043296362400923, -12.748482426702088 ], [ 45.043191347527284, -12.748519519710309 ], [ 45.043276986302565, -12.748305189272424 ], [ 45.04319865443955, -12.748147855827158 ], [ 45.048998022626435, -12.744298191755702 ], [ 45.065076363377031, -12.734394568714087 ], [ 45.069274178185552, -12.734267807505026 ], [ 45.069553164932927, -12.740538075381989 ], [ 45.070028634468436, -12.740995520195108 ], [ 45.067589654983067, -12.742454772310181 ], [ 45.065900326303513, -12.743157830836065 ], [ 45.064248620470401, -12.743313774711806 ], [ 45.06384719828192, -12.744229916447338 ], [ 45.062394444039754, -12.74428632892174 ], [ 45.060204447430912, -12.743227914019911 ], [ 45.059499932265958, -12.744159490930757 ], [ 45.059385828129003, -12.744706611314285 ], [ 45.059481488426449, -12.748024425096592 ], [ 45.060133994925764, -12.74917362830652 ], [ 45.060303547892936, -12.749362585999805 ], [ 45.060540325127441, -12.749439396430464 ], [ 45.060258761609568, -12.750861906442317 ] ] ] ] } },
{ "type": "Feature", "properties": { "code_iris": "976060300", "nom_iris": "Mramadoudou" }, "geometry": { "type": "MultiPolygon", "coordinates": [ [ [ [ 45.164072164820269, -12.927239177528849 ], [ 45.162733421460935, -12.934098927466673 ], [ 45.15725038798135, -12.933418658382726 ], [ 45.155424773539245, -12.933039957197453 ], [ 45.153946211955493, -12.933331105267342 ], [ 45.153451460550819, -12.932335791618064 ], [ 45.153331855861424, -12.932733742217939 ], [ 45.153190694956791, -12.932554778971381 ], [ 45.15231351503099, -12.931817405178023 ], [ 45.150776435456066, -12.931373395001486 ], [ 45.15153194126637, -12.930621506135148 ], [ 45.151418465948019, -12.930485930937325 ], [ 45.151427604784296, -12.93035299740998 ], [ 45.151218083011507, -12.929936248703784 ], [ 45.151270451371509, -12.92963780804325 ], [ 45.15122151743271, -12.929515759442594 ], [ 45.151367107579645, -12.929400832304745 ], [ 45.151361287408498, -12.928921570599059 ], [ 45.151210927482332, -12.928769739738556 ], [ 45.151180422323669, -12.928632307791389 ], [ 45.151406804824553, -12.927963918267627 ], [ 45.1514094554894, -12.927773114953634 ], [ 45.151643459533126, -12.927515261105121 ], [ 45.151745471125203, -12.926988914454149 ], [ 45.152034708909632, -12.926601716980279 ], [ 45.152333244680804, -12.926346537748975 ], [ 45.152851242781558, -12.926181657193506 ], [ 45.153072384907887, -12.926001577147527 ], [ 45.153166277919304, -12.925773645068611 ], [ 45.15352383507178, -12.925556409361111 ], [ 45.153618708546944, -12.925425233850028 ], [ 45.153971718032935, -12.925310183159539 ], [ 45.154386391381728, -12.925029613421755 ], [ 45.154293183967489, -12.924870516300057 ], [ 45.155124854215387, -12.925091570697225 ], [ 45.156692639330146, -12.926040122150658 ], [ 45.160196031515369, -12.926417791267054 ], [ 45.164072164820269, -12.927239177528849 ] ] ] ] } },
{ "type": "Feature", "properties": { "code_iris": "976120300", "nom_iris": "Mtsahara" }, "geometry": { "type": "MultiPolygon", "coordinates": [ [ [ [ 45.076798890707877, -12.683672461299299 ], [ 45.077706026188814, -12.683495860547854 ], [ 45.079019185668606, -12.682875128594315 ], [ 45.079830418603891, -12.682332310557126 ], [ 45.082093675910492, -12.680588144790116 ], [ 45.082308090951251, -12.68003917275939 ], [ 45.08284858570935, -12.679646541781558 ], [ 45.083257341686533, -12.679143627263675 ], [ 45.083362190159903, -12.678700490901454 ], [ 45.083120645498489, -12.677940960477644 ], [ 45.082930862964623, -12.677755639684896 ], [ 45.082973113425091, -12.6774011436591 ], [ 45.08278975986515, -12.677158850289873 ], [ 45.082846847796468, -12.677119043616718 ], [ 45.082850389973544, -12.67668046039892 ], [ 45.082626453398909, -12.676250086584954 ], [ 45.082244117593469, -12.675844177514387 ], [ 45.082334329367924, -12.675707601339589 ], [ 45.082187825013825, -12.675491520603204 ], [ 45.082222766654013, -12.675318789813458 ], [ 45.081935315873324, -12.674984290065968 ], [ 45.082023678915199, -12.674826915815073 ], [ 45.082104743285093, -12.674885669856593 ], [ 45.08219306067717, -12.674586321533175 ], [ 45.082056561878346, -12.673976870058622 ], [ 45.082239865177641, -12.674071764229611 ], [ 45.082399185620758, -12.674049107586018 ], [ 45.082725942723535, -12.673469354185983 ], [ 45.082747954017123, -12.673184494960802 ], [ 45.082426323749871, -12.672521747838804 ], [ 45.082468616258204, -12.672298374276675 ], [ 45.082279669418604, -12.671832721711191 ], [ 45.082481280561289, -12.671585787179955 ], [ 45.08258434601963, -12.671330744465219 ], [ 45.0825640281425, -12.671154413557533 ], [ 45.083194762391322, -12.670776222399109 ], [ 45.083356901471113, -12.670931710110906 ], [ 45.083587162511847, -12.670997651277762 ], [ 45.083896589131378, -12.670950530614119 ], [ 45.08417292109656, -12.671086087329956 ], [ 45.08439300700266, -12.671015482715317 ], [ 45.085140647795356, -12.670480807086189 ], [ 45.085460069333429, -12.670029462251547 ], [ 45.085574246612296, -12.669966125009333 ], [ 45.085652440785985, -12.669705663335339 ], [ 45.085556597963503, -12.669514888255348 ], [ 45.085619083015366, -12.669096180274558 ], [ 45.0852598073471, -12.668781601509503 ], [ 45.085461231872024, -12.667990280037657 ], [ 45.085426195516696, -12.667869115949884 ], [ 45.08563519827883, -12.667712605977284 ], [ 45.085659091256758, -12.667557964082983 ], [ 45.085464595435866, -12.667029014859663 ], [ 45.085551083364322, -12.666786636371967 ], [ 45.085957093574017, -12.666411223664625 ], [ 45.086236102775395, -12.666303522448034 ], [ 45.08652530613287, -12.666385719293801 ], [ 45.086890900391481, -12.666327725375876 ], [ 45.087229860662745, -12.666485865868088 ], [ 45.087684807889552, -12.666491142108804 ], [ 45.088166368295227, -12.666222407788551 ], [ 45.088990535284644, -12.666005102985977 ], [ 45.089333989337533, -12.665842215059163 ], [ 45.089449982027354, -12.66571105351956 ], [ 45.089945393117993, -12.665556252327857 ], [ 45.090102907286912, -12.665652054168765 ], [ 45.090762196600565, -12.665360647586539 ], [ 45.091565979852355, -12.664812370305349 ], [ 45.091510625338394, -12.664536579778511 ], [ 45.091659801941958, -12.664494930935417 ], [ 45.091679170326273, -12.664575406400429 ], [ 45.092308958827751, -12.664210758365622 ], [ 45.093216570196788, -12.663028530177508 ], [ 45.093380395951961, -12.662754471751656 ], [ 45.093546894161179, -12.662233540083568 ], [ 45.09354404239452, -12.661989381763647 ], [ 45.093435264522213, -12.661691003011194 ], [ 45.093655875331095, -12.660564175349586 ], [ 45.093540720378101, -12.660454796274502 ], [ 45.093418985474585, -12.659978276125267 ], [ 45.092929786221944, -12.659449435363285 ], [ 45.092645037287376, -12.658934991311167 ], [ 45.092597038823669, -12.658627548036888 ], [ 45.092671463756091, -12.658159097821791 ], [ 45.092833438664179, -12.657866954411563 ], [ 45.092635306750445, -12.65748993277125 ], [ 45.09261679885612, -12.657241258323756 ], [ 45.093172252851936, -12.657643475432685 ], [ 45.093384190792641, -12.65799698017581 ], [ 45.09355734883377, -12.658070167210461 ], [ 45.09373979203064, -12.658351338492638 ], [ 45.094393739452308, -12.658621491374493 ], [ 45.094518051476044, -12.658590701278795 ], [ 45.094609260905273, -12.658696471282878 ], [ 45.094976688159996, -12.658649317184981 ], [ 45.095043956709226, -12.65876232992896 ], [ 45.095264094783062, -12.658868957945208 ], [ 45.096627962007183, -12.658849476298853 ], [ 45.09682685700961, -12.658789720643425 ], [ 45.097620490417221, -12.65827760048394 ], [ 45.098370000097063, -12.657982524815051 ], [ 45.09861852908147, -12.657677685821934 ], [ 45.0987095736849, -12.657351201963147 ], [ 45.099024411559277, -12.657058093818057 ], [ 45.10015329297994, -12.656668825221743 ], [ 45.100314456914646, -12.656682328970076 ], [ 45.100384412580077, -12.656597298973564 ], [ 45.100797879595042, -12.656546502329091 ], [ 45.100988444549984, -12.656387274388367 ], [ 45.100968125960989, -12.656238073583246 ], [ 45.101096031705168, -12.655983918441905 ], [ 45.10152053520217, -12.655899657612993 ], [ 45.101816984800791, -12.655694269699049 ], [ 45.101934727207464, -12.655358731574745 ], [ 45.102089376148939, -12.655201325175733 ], [ 45.102165661290876, -12.654825109596059 ], [ 45.1021029261358, -12.654538472430655 ], [ 45.102494229808798, -12.654342090318545 ], [ 45.102559566266549, -12.654223602641492 ], [ 45.102888273473859, -12.654090544634657 ], [ 45.103321894531334, -12.653788342549172 ], [ 45.103390891480025, -12.653613787011935 ], [ 45.10349587720426, -12.653622789180716 ], [ 45.103607263241557, -12.653517847760025 ], [ 45.103807756324457, -12.652869390802516 ], [ 45.103716578447113, -12.652845914671444 ], [ 45.103771741769968, -12.65262253252757 ], [ 45.103672239094479, -12.652507725910645 ], [ 45.104134301884386, -12.651953213340207 ], [ 45.104374652564786, -12.651949502100155 ], [ 45.104509991672998, -12.651871679737065 ], [ 45.1048679868303, -12.651306355163999 ], [ 45.104899155567317, -12.650959998196212 ], [ 45.10500227002214, -12.65089936985971 ], [ 45.104908305341148, -12.65081530751119 ], [ 45.104921161173287, -12.650725777315682 ], [ 45.105012335076488, -12.650741114396116 ], [ 45.105144077531456, -12.650877610868527 ], [ 45.105103592233036, -12.650959917620947 ], [ 45.105172683478237, -12.651020478069039 ], [ 45.105089832583879, -12.651091045715155 ], [ 45.105167219614671, -12.651170593070269 ], [ 45.105406697631828, -12.651286248086931 ], [ 45.10557981547494, -12.651264476472898 ], [ 45.10581289522883, -12.651495883315121 ], [ 45.105989704562475, -12.651493100146082 ], [ 45.106278004161339, -12.651642193827483 ], [ 45.106548938861593, -12.65210870138457 ], [ 45.106904495339592, -12.652331919580915 ], [ 45.107098976725496, -12.65274781674408 ], [ 45.10668838161282, -12.65304368567562 ], [ 45.106214129411612, -12.653062865380011 ], [ 45.105754733180547, -12.653377742507741 ], [ 45.105242937773902, -12.653919617361577 ], [ 45.104959311263499, -12.653943240924272 ], [ 45.104823110469681, -12.654168463779719 ], [ 45.104291792329775, -12.654266336111661 ], [ 45.103556147062996, -12.654643713770616 ], [ 45.103043620609583, -12.655676616328725 ], [ 45.102962753747036, -12.656107091537526 ], [ 45.102560517893387, -12.656606417011899 ], [ 45.102464019767901, -12.657100198640729 ], [ 45.102664931373788, -12.657484446159886 ], [ 45.10275903133217, -12.657902193625675 ], [ 45.102446061284354, -12.658252275937436 ], [ 45.102406516889232, -12.658389743810504 ], [ 45.102176331924944, -12.658498347499709 ], [ 45.102253714187924, -12.658562522654439 ], [ 45.10215155146814, -12.658709961759913 ], [ 45.102231772150901, -12.658964037526941 ], [ 45.102120461978906, -12.659267018658477 ], [ 45.102212733216746, -12.659718225832904 ], [ 45.102350952304427, -12.659922543114595 ], [ 45.102403600834705, -12.660314082042701 ], [ 45.102557476042051, -12.660518393181967 ], [ 45.103294363960401, -12.660895198737881 ], [ 45.103435331643432, -12.661060629735838 ], [ 45.104036772603649, -12.661254818491967 ], [ 45.104272667341597, -12.661595644872056 ], [ 45.104680670620915, -12.661678679748244 ], [ 45.105015995482709, -12.661943505675332 ], [ 45.105728719741485, -12.66176869490093 ], [ 45.105420425786754, -12.662294211691021 ], [ 45.105158887100551, -12.662305166663335 ], [ 45.104828345376283, -12.662478921389519 ], [ 45.104524437926123, -12.662475423726326 ], [ 45.104372569520166, -12.66268347081972 ], [ 45.104134918374854, -12.662556058517534 ], [ 45.103834703326768, -12.662574261666945 ], [ 45.103548240490085, -12.66243963352526 ], [ 45.102511293538832, -12.662482536682468 ], [ 45.102326215276811, -12.662553142790575 ], [ 45.101604195190866, -12.6625208648023 ], [ 45.100411756167176, -12.662935483751607 ], [ 45.099938519811133, -12.663246738839959 ], [ 45.097975346391365, -12.663901272969728 ], [ 45.09715679179601, -12.664309409427613 ], [ 45.095692707707443, -12.66484889882604 ], [ 45.094914588390587, -12.665042696291286 ], [ 45.093459790349556, -12.665817286445884 ], [ 45.092409312659747, -12.666690296552739 ], [ 45.091546579430791, -12.667223223629096 ], [ 45.089875165058494, -12.667509550165846 ], [ 45.089679977683197, -12.667661537330684 ], [ 45.08925748109057, -12.668287450484861 ], [ 45.088729895843095, -12.668629449878047 ], [ 45.088423388222687, -12.669118774671972 ], [ 45.088322207171807, -12.669477812766942 ], [ 45.088415385799003, -12.669948918671892 ], [ 45.088426677618088, -12.670646125089563 ], [ 45.088630353789156, -12.671064745109653 ], [ 45.088780545770618, -12.671283534000578 ], [ 45.089247490039526, -12.671334922465693 ], [ 45.089420666036837, -12.67143704944567 ], [ 45.089796577518428, -12.671893590893003 ], [ 45.090199129885846, -12.6721556997196 ], [ 45.090297751820586, -12.672379930965077 ], [ 45.090760105397692, -12.672464777160913 ], [ 45.091547533320565, -12.672476263121856 ], [ 45.092320113245115, -12.672174866485269 ], [ 45.092799926119014, -12.672151187900287 ], [ 45.095045426741628, -12.672675789278596 ], [ 45.096246406302321, -12.672788394041547 ], [ 45.091900354697266, -12.683009343562556 ], [ 45.090530122929728, -12.686233615967492 ], [ 45.088399547564123, -12.685444886136997 ], [ 45.088241097065321, -12.685338232305421 ], [ 45.088013594606721, -12.685300327474749 ], [ 45.087890149533465, -12.685213556266651 ], [ 45.087395579868151, -12.685249891073637 ], [ 45.087250921633725, -12.685074505890519 ], [ 45.086934939193924, -12.684849440645136 ], [ 45.086707427255632, -12.684781693044828 ], [ 45.086133666456334, -12.684862361654959 ], [ 45.0858158314241, -12.684602028263283 ], [ 45.085665701812829, -12.684585799436496 ], [ 45.08548423112569, -12.684489098580446 ], [ 45.085361755002047, -12.684542491203249 ], [ 45.085257643899226, -12.684430392359946 ], [ 45.082485757609255, -12.685498332286729 ], [ 45.07985161684222, -12.685336364237115 ], [ 45.078838764712209, -12.686177658683595 ], [ 45.076719914801764, -12.684442037158851 ], [ 45.076148662124822, -12.683673552691696 ], [ 45.076798890707877, -12.683672461299299 ] ] ], [ [ [ 45.027011809734752, -12.636672413318719 ], [ 45.027102987379337, -12.636813474323635 ], [ 45.027743926074685, -12.637150711006623 ], [ 45.029839854582534, -12.638025843670228 ], [ 45.030775510496902, -12.638706672497394 ], [ 45.031584031660124, -12.638874777075403 ], [ 45.032322600375942, -12.639287047688745 ], [ 45.032626526078793, -12.639655059260345 ], [ 45.033296031454022, -12.640039302403064 ], [ 45.033752864373852, -12.640741883118922 ], [ 45.033886456728396, -12.641265453654405 ], [ 45.034261318908477, -12.641829686528208 ], [ 45.0347420477569, -12.64214612794629 ], [ 45.035301034598007, -12.642345903943459 ], [ 45.035649162706285, -12.642665978418709 ], [ 45.036200803232362, -12.642998685013673 ], [ 45.036865761532574, -12.643684050236514 ], [ 45.037140189528742, -12.64376268588863 ], [ 45.037247948663861, -12.643889272284856 ], [ 45.037355745360223, -12.644273582969374 ], [ 45.037826366380756, -12.644680449750835 ], [ 45.039241885679495, -12.645664118973713 ], [ 45.040091056538358, -12.646499561877317 ], [ 45.040555184624665, -12.646556462282662 ], [ 45.040847122856533, -12.646694774941661 ], [ 45.041393272875524, -12.647147742814891 ], [ 45.041608770898904, -12.647231808752396 ], [ 45.042008512925598, -12.647738151602375 ], [ 45.0419975222757, -12.648104393062074 ], [ 45.041579532814438, -12.648652461744344 ], [ 45.041300559409521, -12.648981668718365 ], [ 45.040930396866045, -12.6491779579731 ], [ 45.040782160317164, -12.649337136719296 ], [ 45.040369590820497, -12.649244057107026 ], [ 45.039920225591842, -12.64940328082897 ], [ 45.039798686725796, -12.649516335953738 ], [ 45.039750828421958, -12.649694489317922 ], [ 45.039430396639183, -12.649925132289852 ], [ 45.038999432490215, -12.649986687816684 ], [ 45.03884563492533, -12.64992069671205 ], [ 45.038473626293325, -12.650109748454051 ], [ 45.038072119583347, -12.65010166747162 ], [ 45.037593275434617, -12.65020844233818 ], [ 45.036291209827262, -12.650669813590019 ], [ 45.035989205895305, -12.651003539591379 ], [ 45.035720384353148, -12.651561526067281 ], [ 45.035081358478898, -12.652084293741099 ], [ 45.03500587398328, -12.65229410020422 ], [ 45.034488412786672, -12.652891002651442 ], [ 45.034080554448749, -12.653628055845735 ], [ 45.034098078861099, -12.65383423293239 ], [ 45.034005109512385, -12.654146226692202 ], [ 45.033646922686579, -12.654472722773811 ], [ 45.033076102196787, -12.655539862641405 ], [ 45.032827478888628, -12.655701762241971 ], [ 45.032838549976923, -12.655860012532928 ], [ 45.032750165138829, -12.656032743793425 ], [ 45.032634107949924, -12.655850994711905 ], [ 45.03253649455926, -12.655870901149317 ], [ 45.03229612029822, -12.655727147474559 ], [ 45.032129441356801, -12.655765148033183 ], [ 45.031918569957426, -12.655891774715288 ], [ 45.031903845589227, -12.655973163045269 ], [ 45.03175098124057, -12.656021108958333 ], [ 45.031540986032269, -12.655786921460967 ], [ 45.031185514328826, -12.655766164534409 ], [ 45.030885242787605, -12.655295061722894 ], [ 45.03056292765212, -12.655302333267846 ], [ 45.030289404565956, -12.6551757631836 ], [ 45.02913736588863, -12.655266321237102 ], [ 45.028868454659097, -12.655198528378165 ], [ 45.029257040390171, -12.654890121292507 ], [ 45.030196298259391, -12.654366429493509 ], [ 45.030573863725337, -12.654338353266068 ], [ 45.031006623130338, -12.653813811960015 ], [ 45.031476262031127, -12.653660026669524 ], [ 45.032001189080951, -12.653786565465381 ], [ 45.032286632043238, -12.653506199467101 ], [ 45.032406306362674, -12.653171595656257 ], [ 45.032508463928679, -12.652683263707068 ], [ 45.032535122877775, -12.652312499337759 ], [ 45.032507468533645, -12.652094567517338 ], [ 45.032221927670498, -12.651580058098627 ], [ 45.032221847138203, -12.650938008312036 ], [ 45.032258639477448, -12.650594371561612 ], [ 45.032663763773421, -12.650078873738453 ], [ 45.033474109991417, -12.649834613356051 ], [ 45.03399901343991, -12.649834546891249 ], [ 45.03433972331694, -12.649707901816178 ], [ 45.034717248599321, -12.649436564216819 ], [ 45.034965827492847, -12.649001565526074 ], [ 45.035343312640343, -12.648450799681347 ], [ 45.035407724275046, -12.648089072864687 ], [ 45.035407664464259, -12.647655010941319 ], [ 45.035186587499844, -12.647166720534262 ], [ 45.034652406388773, -12.646615170116119 ], [ 45.034127477096803, -12.646371077990793 ], [ 45.033528859147282, -12.645973263814421 ], [ 45.03028707058278, -12.643188420396926 ], [ 45.029568701388804, -12.642329419770331 ], [ 45.029163462001875, -12.641777843768521 ], [ 45.028758211205606, -12.641108708619843 ], [ 45.028325289314665, -12.640006417847651 ], [ 45.028325224465263, -12.639417720963616 ], [ 45.028012080684746, -12.638902305132047 ], [ 45.027579244181098, -12.638531588738768 ], [ 45.027137190872381, -12.638069538630289 ], [ 45.026704338345311, -12.637518865796062 ], [ 45.026575358253474, -12.636913000038771 ], [ 45.026601108300049, -12.636590163616876 ], [ 45.027011809734752, -12.636672413318719 ] ] ] ] } },
{ "type": "Feature", "properties": { "code_iris": "976020300", "nom_iris": "Mtsangamboua" }, "geometry": { "type": "MultiPolygon", "coordinates": [ [ [ [ 45.090863197491409, -12.695679735362338 ], [ 45.088656522953144, -12.690805444284759 ], [ 45.08869419683019, -12.690550421376054 ], [ 45.090530122929728, -12.686233615967492 ], [ 45.091900354697266, -12.683009343562556 ], [ 45.092891441242628, -12.683254966550001 ], [ 45.093006587190594, -12.683311896699415 ], [ 45.093075695873452, -12.683404110326576 ], [ 45.093074824145567, -12.683539754483947 ], [ 45.092955187893345, -12.683799328254871 ], [ 45.092736328679592, -12.68473806012183 ], [ 45.092730851732732, -12.684873705872727 ], [ 45.092780625790425, -12.684983107862521 ], [ 45.092889319203799, -12.685022858750481 ], [ 45.093780893158964, -12.685125634922592 ], [ 45.094668692877363, -12.68498244196438 ], [ 45.095081307282094, -12.684989528991794 ], [ 45.095544618646315, -12.685107825094171 ], [ 45.095705834700965, -12.685213569265636 ], [ 45.095807236339006, -12.685455883024428 ], [ 45.095896771664201, -12.685983053039056 ], [ 45.096123471227266, -12.686331123584871 ], [ 45.096421076238954, -12.686643900813282 ], [ 45.096493928000257, -12.686887128926346 ], [ 45.096509663281765, -12.68709420608559 ], [ 45.0965981558316, -12.68729311817059 ], [ 45.096857813768949, -12.687111260949019 ], [ 45.096923160730164, -12.68699187057406 ], [ 45.09707508201641, -12.686869735690827 ], [ 45.097215006973414, -12.686687017544083 ], [ 45.097522533503046, -12.686444554587736 ], [ 45.097698451217617, -12.686455341468832 ], [ 45.097897321708807, -12.686276218450487 ], [ 45.098280415529487, -12.686152189024163 ], [ 45.09838352411699, -12.686035497194698 ], [ 45.09844056361429, -12.685870894916729 ], [ 45.098434036266937, -12.685662005868222 ], [ 45.09860528124517, -12.685498265514248 ], [ 45.099301528384437, -12.685403959872746 ], [ 45.100027197510798, -12.685182136156504 ], [ 45.100522670832838, -12.685106892953142 ], [ 45.100714210046362, -12.68502905131354 ], [ 45.101945784899158, -12.685497909256615 ], [ 45.102410011150766, -12.685590872829739 ], [ 45.102752590701655, -12.685500311385891 ], [ 45.103625563629514, -12.685142777070457 ], [ 45.103941438036095, -12.68506488459832 ], [ 45.104209456613212, -12.685077439718905 ], [ 45.104740981968277, -12.68533043249564 ], [ 45.104943618826205, -12.685366524225557 ], [ 45.105347003462903, -12.685323862896265 ], [ 45.105797308632972, -12.6851581985794 ], [ 45.106308583807298, -12.683216479681825 ], [ 45.106659441383478, -12.683110536943614 ], [ 45.107238614528491, -12.682783854464766 ], [ 45.108062077038376, -12.682993316688009 ], [ 45.108257435800439, -12.683245534651892 ], [ 45.108342609236317, -12.684289052846127 ], [ 45.108955686651747, -12.685720296187448 ], [ 45.109335247978059, -12.685966107649326 ], [ 45.109653931476871, -12.685997626543974 ], [ 45.110340972179372, -12.685918668759726 ], [ 45.111417751092738, -12.686186794087599 ], [ 45.111961137585347, -12.686162149812263 ], [ 45.112160132411042, -12.686290475308615 ], [ 45.112208147859214, -12.686570785449701 ], [ 45.112537147135598, -12.687020079247839 ], [ 45.113585702634772, -12.688012545183017 ], [ 45.113753436469352, -12.688256632123979 ], [ 45.113777449261555, -12.688405829935904 ], [ 45.113617238707548, -12.688511700601296 ], [ 45.112819640171999, -12.688523796290562 ], [ 45.112361858061938, -12.688444412641918 ], [ 45.111981498446688, -12.688494309267995 ], [ 45.111458467455719, -12.688744113670813 ], [ 45.111309396413255, -12.689053443866799 ], [ 45.111191821605154, -12.689781447744148 ], [ 45.111017825485632, -12.689960570223686 ], [ 45.111139459752181, -12.690096163078978 ], [ 45.111225609712058, -12.691234629887035 ], [ 45.111656877850642, -12.691752607878795 ], [ 45.111674465415845, -12.691954257444905 ], [ 45.11159076177811, -12.6922074941854 ], [ 45.111647022522909, -12.69238561592247 ], [ 45.112050631507934, -12.692833070118484 ], [ 45.112302284579251, -12.693312238164985 ], [ 45.113075378743027, -12.694089600510093 ], [ 45.113401703898212, -12.694714326499202 ], [ 45.106445795118972, -12.696467913582023 ], [ 45.106622453938485, -12.698240253189375 ], [ 45.106287640802378, -12.701543762107733 ], [ 45.105359380091286, -12.701970053172909 ], [ 45.093517062513115, -12.701620007855947 ], [ 45.090863197491409, -12.695679735362338 ] ] ], [ [ [ 45.119111186905968, -12.688642225103507 ], [ 45.11905502481914, -12.688685656259819 ], [ 45.118781484549601, -12.688692108739408 ], [ 45.118658946031672, -12.688599925783684 ], [ 45.118842158214299, -12.688447018658431 ], [ 45.119091817297175, -12.688581646269409 ], [ 45.119111186905968, -12.688642225103507 ] ] ] ] } },
{ "type": "Feature", "properties": { "code_iris": "976030300", "nom_iris": "Nyambadao" }, "geometry": { "type": "MultiPolygon", "coordinates": [ [ [ [ 45.164484127593575, -12.894630780678398 ], [ 45.163586448551818, -12.887719962793238 ], [ 45.162667248851044, -12.88023131821752 ], [ 45.162687373701964, -12.879994385232349 ], [ 45.16908203989238, -12.881102596277112 ], [ 45.178000743368294, -12.886568460778983 ], [ 45.184356112376555, -12.886564063672576 ], [ 45.193973670981528, -12.885581403642073 ], [ 45.196745458824161, -12.88457920802642 ], [ 45.200815213707251, -12.882672620909515 ], [ 45.201258251740207, -12.883439105844094 ], [ 45.201862639462789, -12.884261530665247 ], [ 45.202225003739329, -12.885567023568749 ], [ 45.201257733356648, -12.886253208786517 ], [ 45.201975829135428, -12.887484277682749 ], [ 45.203521149252211, -12.888086232093587 ], [ 45.204046465767625, -12.887992683002494 ], [ 45.204285414567948, -12.889398643032216 ], [ 45.204284841787199, -12.889829077957829 ], [ 45.20574016855376, -12.890820831171876 ], [ 45.20601852337289, -12.891931060617152 ], [ 45.20671163203378, -12.891869023577298 ], [ 45.207436947348697, -12.891740947198993 ], [ 45.207509449666532, -12.892476064315872 ], [ 45.207214595573376, -12.89260741759484 ], [ 45.206846205534241, -12.892988408224138 ], [ 45.206572457499803, -12.893005805614203 ], [ 45.205835257182052, -12.893258678772863 ], [ 45.205645376296886, -12.893260636576086 ], [ 45.205283810933651, -12.892971552779995 ], [ 45.205033034608178, -12.892900311706818 ], [ 45.20476394675606, -12.892981002725724 ], [ 45.204269162842593, -12.893228256096798 ], [ 45.204045438362115, -12.893553064919899 ], [ 45.203311237757191, -12.894101626233223 ], [ 45.202840590078239, -12.894564979634414 ], [ 45.202375123962028, -12.894596085288331 ], [ 45.201763252213667, -12.894820817638031 ], [ 45.201741070462262, -12.894746684279115 ], [ 45.20158720885216, -12.894838134501791 ], [ 45.200925468092393, -12.894947156254187 ], [ 45.200683194352052, -12.895136335396826 ], [ 45.200364343094378, -12.895236954113848 ], [ 45.199892858639686, -12.895816954255 ], [ 45.199449712737568, -12.896101234387663 ], [ 45.198962085075934, -12.896087137206072 ], [ 45.198733383416936, -12.895957095540371 ], [ 45.198488240527645, -12.896017867949194 ], [ 45.198415464903391, -12.896073988124792 ], [ 45.198190223392437, -12.896826514736487 ], [ 45.197950838327969, -12.897177554219246 ], [ 45.19743965514045, -12.897689759469543 ], [ 45.197229486023893, -12.897684492330312 ], [ 45.19647799608574, -12.897373987461538 ], [ 45.196048402641317, -12.897314627600107 ], [ 45.195842015184489, -12.897430529224511 ], [ 45.195794214369911, -12.897599664233999 ], [ 45.195950198489733, -12.897861786919213 ], [ 45.195895869254713, -12.897933265243468 ], [ 45.196070114623311, -12.897971114235741 ], [ 45.196249178242027, -12.898277528854265 ], [ 45.196185296569148, -12.897919484283012 ], [ 45.19641464332075, -12.897694148007371 ], [ 45.196759456710119, -12.89778250778817 ], [ 45.196975127559703, -12.897750695931551 ], [ 45.197265585456087, -12.897876171184754 ], [ 45.197228902091624, -12.898115831419723 ], [ 45.197414628100638, -12.898688096704291 ], [ 45.197420406930036, -12.899004588182013 ], [ 45.197408510278386, -12.899114918563352 ], [ 45.196717856350844, -12.899988063000098 ], [ 45.196518180693666, -12.900438541407642 ], [ 45.196000700962642, -12.901163252908804 ], [ 45.195877558436152, -12.901648035861454 ], [ 45.195712592419426, -12.901692468751223 ], [ 45.195775323400163, -12.901755720968284 ], [ 45.195561827640674, -12.902218868802194 ], [ 45.195408353023794, -12.90281761267028 ], [ 45.195714033053186, -12.903545324375896 ], [ 45.195681973326899, -12.903806683427483 ], [ 45.195536545586712, -12.904085308452229 ], [ 45.195580031069781, -12.904292354578647 ], [ 45.195401635753555, -12.904851328966355 ], [ 45.195358697834379, -12.905349615739665 ], [ 45.195486578316206, -12.906214005585692 ], [ 45.195398210526918, -12.906375936572214 ], [ 45.195278310972469, -12.906292832984839 ], [ 45.195130404588319, -12.905754900699264 ], [ 45.195111680330065, -12.905383258272982 ], [ 45.195202346954851, -12.904619983771058 ], [ 45.195397250700346, -12.903952484344488 ], [ 45.195372964553009, -12.903541058006187 ], [ 45.195000657236179, -12.90366883843174 ], [ 45.194757669285664, -12.904142858853895 ], [ 45.19473269044412, -12.904026226160179 ], [ 45.194756571853041, -12.903915886998426 ], [ 45.193211340101797, -12.903530003960235 ], [ 45.192468349989966, -12.903502519286249 ], [ 45.191722527804288, -12.903387320018311 ], [ 45.191600809311311, -12.903333152785336 ], [ 45.191315800231784, -12.903104580140182 ], [ 45.191031777288366, -12.902960103921632 ], [ 45.190673900109616, -12.902669188869243 ], [ 45.190324409462953, -12.902496727091028 ], [ 45.190145583530381, -12.90249956997174 ], [ 45.189969582346663, -12.902581082510519 ], [ 45.189741875359026, -12.902549598203347 ], [ 45.189607394935351, -12.902684432539539 ], [ 45.189529971691776, -12.902694435665827 ], [ 45.189352930009726, -12.902618604880018 ], [ 45.189200748322477, -12.902504776484825 ], [ 45.189157354021916, -12.902411667650844 ], [ 45.188857625954995, -12.902218369597836 ], [ 45.188790362210291, -12.902254589114721 ], [ 45.188679713170465, -12.902209455252578 ], [ 45.188580203586909, -12.902268304824144 ], [ 45.188449295444762, -12.902250313689883 ], [ 45.188312001065832, -12.902320945942035 ], [ 45.188129450196314, -12.902273150778912 ], [ 45.187995829378949, -12.902325694743411 ], [ 45.187783801422889, -12.90230504874396 ], [ 45.187511732331579, -12.902117154918187 ], [ 45.187457239504674, -12.901973414397442 ], [ 45.187172376876937, -12.901934734601841 ], [ 45.187175066273646, -12.901832549703458 ], [ 45.187329626441326, -12.901428228530781 ], [ 45.187506350802302, -12.901079956371895 ], [ 45.187514586280678, -12.900998565795344 ], [ 45.18745645166544, -12.900915414238293 ], [ 45.187393712188573, -12.900837691610986 ], [ 45.187295969044044, -12.900792547901867 ], [ 45.187323536548348, -12.900676781068157 ], [ 45.186995371566098, -12.90066526028637 ], [ 45.186892998812937, -12.900592087233131 ], [ 45.186373137756703, -12.900628629084126 ], [ 45.186125141596342, -12.90058087911236 ], [ 45.186054986216043, -12.900446192153693 ], [ 45.186044741652005, -12.900304228380296 ], [ 45.185945180758381, -12.900293447873921 ], [ 45.185852010960197, -12.900199469555403 ], [ 45.185710003958349, -12.900129037006511 ], [ 45.185514606797746, -12.900158112418321 ], [ 45.185420537401171, -12.900093975632663 ], [ 45.185347629163253, -12.89997556736156 ], [ 45.185248093709376, -12.899999148993945 ], [ 45.185070316196175, -12.900171991214387 ], [ 45.184830583591285, -12.900079020441867 ], [ 45.184606613004348, -12.900110828185278 ], [ 45.184426740340797, -12.899940951471372 ], [ 45.184103138374631, -12.899865220348605 ], [ 45.183774152425336, -12.899990241521641 ], [ 45.183543667967307, -12.899937955411986 ], [ 45.183324368804186, -12.900055664850226 ], [ 45.182978728287786, -12.900095694904062 ], [ 45.182849742048347, -12.900183499708469 ], [ 45.182483747265096, -12.90012045605063 ], [ 45.182339086549703, -12.900202845891947 ], [ 45.182125215249584, -12.900179483735039 ], [ 45.181988696191056, -12.900048458942509 ], [ 45.181681667329961, -12.899945585053336 ], [ 45.181553466205308, -12.899844395308946 ], [ 45.181484196139074, -12.899655449997534 ], [ 45.181227810068577, -12.899474772817989 ], [ 45.181153955511597, -12.899319288743822 ], [ 45.18098238045507, -12.899147595320091 ], [ 45.18071040220984, -12.899074537078157 ], [ 45.18054347153992, -12.89895167097872 ], [ 45.180304739260698, -12.898964495455266 ], [ 45.180227290212677, -12.898937420579244 ], [ 45.17991211534121, -12.899041629082754 ], [ 45.179733295517543, -12.899049890459974 ], [ 45.179645703679256, -12.899018301005899 ], [ 45.179414350043182, -12.899037449527304 ], [ 45.1793359548086, -12.898976012598283 ], [ 45.179184794885586, -12.898993297386035 ], [ 45.179085209685063, -12.898947247561876 ], [ 45.178931314618893, -12.899007034985445 ], [ 45.178769962401709, -12.898950175979916 ], [ 45.178696242356907, -12.898981875955702 ], [ 45.178616956963602, -12.898964748876825 ], [ 45.178546915043469, -12.898983786453908 ], [ 45.178345179409234, -12.899173821735046 ], [ 45.178063215744366, -12.899317793468036 ], [ 45.177876990720186, -12.899282653433433 ], [ 45.177514777335062, -12.89934981577716 ], [ 45.177358024563766, -12.899279388659309 ], [ 45.177221609648015, -12.899292140946494 ], [ 45.176494117104298, -12.898998743424052 ], [ 45.164484127593575, -12.894630780678398 ] ] ] ] } },
{ "type": "Feature", "properties": { "code_iris": "976170301", "nom_iris": "Combani Ouest" }, "geometry": { "type": "MultiPolygon", "coordinates": [ [ [ [ 45.134035422425576, -12.779862373541151 ], [ 45.136075591255953, -12.780423794437549 ], [ 45.136248466554051, -12.779791610356028 ], [ 45.136324923018499, -12.77976263376666 ], [ 45.136304694551143, -12.779839508401398 ], [ 45.138241660941922, -12.780372028690218 ], [ 45.138127097416493, -12.78148616706461 ], [ 45.137978000835901, -12.781786467476453 ], [ 45.137995778103949, -12.78228652741555 ], [ 45.138099961836687, -12.782415785563247 ], [ 45.138218808246805, -12.78239944621548 ], [ 45.138705314182566, -12.782451639401568 ], [ 45.138887766718177, -12.784180534841274 ], [ 45.138883274547986, -12.784390331128337 ], [ 45.138711327638205, -12.785028846183819 ], [ 45.138773335360909, -12.785534308374594 ], [ 45.138724585695975, -12.785686253738156 ], [ 45.138622389548438, -12.785825567206674 ], [ 45.136772921965765, -12.785313803526019 ], [ 45.136709669081228, -12.785911568124488 ], [ 45.136614108522572, -12.786399026760913 ], [ 45.136787354904641, -12.786451385453532 ], [ 45.136881392466989, -12.786558042191064 ], [ 45.136558699438602, -12.787877559845285 ], [ 45.136408766743564, -12.788346960812724 ], [ 45.136356417468527, -12.788662582980166 ], [ 45.135321592520675, -12.788449704959064 ], [ 45.135106199624218, -12.788844987485868 ], [ 45.134457834315462, -12.789388793504154 ], [ 45.134363013072374, -12.789542570102872 ], [ 45.134275628284811, -12.789820229778956 ], [ 45.133899674348704, -12.789766163901136 ], [ 45.133259379271578, -12.791651920162888 ], [ 45.133019998670846, -12.791998381741996 ], [ 45.132596361114899, -12.792388341450852 ], [ 45.132440741092267, -12.792571989279072 ], [ 45.13230266836198, -12.792834300899909 ], [ 45.131332792187123, -12.795301671828867 ], [ 45.130914891351253, -12.796111213555525 ], [ 45.130776882226115, -12.796503741144608 ], [ 45.130215199676151, -12.797240106057421 ], [ 45.12961283308416, -12.797705204713591 ], [ 45.129476538932892, -12.797852669921639 ], [ 45.128344757695594, -12.795469531786601 ], [ 45.127067428347729, -12.793109065457362 ], [ 45.126984777350152, -12.791815979181891 ], [ 45.126321343255348, -12.791753902256655 ], [ 45.126123699949567, -12.790817158550743 ], [ 45.127173689642483, -12.790029022786038 ], [ 45.127801885142041, -12.789650728319753 ], [ 45.128171287616922, -12.789505863577883 ], [ 45.128224729299106, -12.789508550451362 ], [ 45.128268994578455, -12.789585393077099 ], [ 45.128493820291027, -12.789600656458511 ], [ 45.128683659507558, -12.789667480917435 ], [ 45.12935925825434, -12.790105728163953 ], [ 45.129609916077776, -12.79018518208353 ], [ 45.129862354879414, -12.790143460823732 ], [ 45.1308157481918, -12.789672761901601 ], [ 45.130652066758493, -12.788513550833816 ], [ 45.130549608473054, -12.786360500859917 ], [ 45.129472472479542, -12.786261560482945 ], [ 45.129218129411782, -12.786174873904141 ], [ 45.12946404097606, -12.785988470751256 ], [ 45.130595637392076, -12.784490418041765 ], [ 45.130455446252299, -12.784211063515231 ], [ 45.130486528912982, -12.78373629880628 ], [ 45.130443637494302, -12.78274522420085 ], [ 45.131185322099483, -12.782724962217927 ], [ 45.131577795710356, -12.782675031140499 ], [ 45.131736238662356, -12.782615269302601 ], [ 45.131925905902904, -12.782359262021387 ], [ 45.132110117469367, -12.782243421434865 ], [ 45.13242239618738, -12.782124803625191 ], [ 45.132844367650534, -12.782104697255381 ], [ 45.133339050863405, -12.781940772243082 ], [ 45.133638500946645, -12.781957802156128 ], [ 45.134137041050579, -12.782120320393252 ], [ 45.133856746387892, -12.78173704611676 ], [ 45.133678745799465, -12.781397125378271 ], [ 45.133703376000433, -12.780928693508972 ], [ 45.134035422425576, -12.779862373541151 ] ] ] ] } },
{ "type": "Feature", "properties": { "code_iris": "976110301", "nom_iris": "Jumbo" }, "geometry": { "type": "MultiPolygon", "coordinates": [ [ [ [ 45.221992320748726, -12.758165396632046 ], [ 45.227119254261531, -12.756191514901312 ], [ 45.228496122786488, -12.755729144602567 ], [ 45.236003500994833, -12.752798102464102 ], [ 45.236220132195633, -12.752947115512528 ], [ 45.236576682391288, -12.752976638045071 ], [ 45.236772241359887, -12.753250460354067 ], [ 45.236947621589486, -12.753619250160911 ], [ 45.236895731813611, -12.754287560766317 ], [ 45.236076870505556, -12.755424070875598 ], [ 45.235157066979461, -12.756000013722744 ], [ 45.235102127885497, -12.756364488057091 ], [ 45.234957653694828, -12.756541855689051 ], [ 45.234956909285238, -12.756733564037502 ], [ 45.235215091054954, -12.756981107569567 ], [ 45.235583695984509, -12.75708929310211 ], [ 45.236048367986051, -12.758467003426334 ], [ 45.236560659747923, -12.75953088449743 ], [ 45.236573711281423, -12.759696356282667 ], [ 45.236455115026629, -12.759963225379121 ], [ 45.236667031983977, -12.759989259848423 ], [ 45.237017461372027, -12.760360605371766 ], [ 45.237329904577031, -12.760501392831195 ], [ 45.237906523228446, -12.760395073486112 ], [ 45.238714471648322, -12.760385302113416 ], [ 45.238712736771369, -12.760500147375037 ], [ 45.238864856399999, -12.760616662180311 ], [ 45.239050093663451, -12.760681602921473 ], [ 45.239165178230806, -12.760601922065765 ], [ 45.239371822509497, -12.76089833914148 ], [ 45.239620688537599, -12.761027425781977 ], [ 45.239791313620671, -12.761228021384333 ], [ 45.239821175221756, -12.761632207860059 ], [ 45.239904267474294, -12.761820222864653 ], [ 45.239848242421587, -12.762003842743058 ], [ 45.239923136192665, -12.762290431789776 ], [ 45.239909665532366, -12.762660294887771 ], [ 45.239601411524184, -12.763059362436694 ], [ 45.238844360300213, -12.763319576457743 ], [ 45.238212318779539, -12.763276741556897 ], [ 45.237794874918301, -12.763167699586592 ], [ 45.237611620509149, -12.76325467541723 ], [ 45.237333392756319, -12.763254925477245 ], [ 45.237111989801946, -12.762938625915201 ], [ 45.236922260242224, -12.762997574370242 ], [ 45.236792339984305, -12.762976892369684 ], [ 45.236608686124526, -12.762634334382586 ], [ 45.236487952850879, -12.762585611289257 ], [ 45.236063412252463, -12.762769559963946 ], [ 45.235721104697554, -12.763212058998242 ], [ 45.235381337392866, -12.763414016572685 ], [ 45.235161146179045, -12.763409691234259 ], [ 45.234768496264152, -12.763212002849306 ], [ 45.234572216112547, -12.763161537433323 ], [ 45.233828773286049, -12.763198367645526 ], [ 45.233659225489959, -12.763164154950625 ], [ 45.233386325657925, -12.762946464372783 ], [ 45.232912093651244, -12.76218999941249 ], [ 45.232605699784123, -12.76161152925509 ], [ 45.231515634577228, -12.760387185162161 ], [ 45.230295230664858, -12.75968381610465 ], [ 45.23011085215014, -12.759546525895654 ], [ 45.229957764366041, -12.759373037064202 ], [ 45.229164555411799, -12.759379151713011 ], [ 45.228066509492891, -12.759501275270544 ], [ 45.227716500912699, -12.75958477099185 ], [ 45.227085780860044, -12.759978676246273 ], [ 45.226671514813965, -12.760323563235447 ], [ 45.226556504411889, -12.76049095398197 ], [ 45.225746486771236, -12.763363645863741 ], [ 45.225574416403347, -12.76360071460569 ], [ 45.225597721841098, -12.763909054731746 ], [ 45.224662721151283, -12.767160743524363 ], [ 45.224556722301571, -12.767104768209085 ], [ 45.224367292399705, -12.766465602187678 ], [ 45.224259384377504, -12.76633366872071 ], [ 45.222600764447478, -12.766006817366893 ], [ 45.22249095802033, -12.765809776477987 ], [ 45.222203254492051, -12.76551250996512 ], [ 45.221853926750228, -12.765331947218497 ], [ 45.221755261787685, -12.765232559068764 ], [ 45.221696183305035, -12.765099679239889 ], [ 45.221516480276016, -12.765041051666371 ], [ 45.221036953242582, -12.764516969872341 ], [ 45.220732174874222, -12.763649114113026 ], [ 45.220407978679148, -12.761632835982624 ], [ 45.220775582399298, -12.761647901911402 ], [ 45.22104467365498, -12.761737200874167 ], [ 45.221882498952318, -12.762175075445736 ], [ 45.222002059676974, -12.761938957445498 ], [ 45.222111618499859, -12.760798565835728 ], [ 45.221992320748726, -12.758165396632046 ] ] ] ] } },
{ "type": "Feature", "properties": { "code_iris": "976170302", "nom_iris": "Combani Est" }, "geometry": { "type": "MultiPolygon", "coordinates": [ [ [ [ 45.132596361114899, -12.792388341450852 ], [ 45.133019998670846, -12.791998381741996 ], [ 45.133259379271578, -12.791651920162888 ], [ 45.133899674348704, -12.789766163901136 ], [ 45.134275628284811, -12.789820229778956 ], [ 45.134363013072374, -12.789542570102872 ], [ 45.134457834315462, -12.789388793504154 ], [ 45.135106199624218, -12.788844987485868 ], [ 45.135321592520675, -12.788449704959064 ], [ 45.136356417468527, -12.788662582980166 ], [ 45.136408766743564, -12.788346960812724 ], [ 45.136558699438602, -12.787877559845285 ], [ 45.136881392466989, -12.786558042191064 ], [ 45.136787354904641, -12.786451385453532 ], [ 45.136614108522572, -12.786399026760913 ], [ 45.136709669081228, -12.785911568124488 ], [ 45.136772921965765, -12.785313803526019 ], [ 45.138622389548438, -12.785825567206674 ], [ 45.138724585695975, -12.785686253738156 ], [ 45.138773335360909, -12.785534308374594 ], [ 45.138711327638205, -12.785028846183819 ], [ 45.138883274547986, -12.784390331128337 ], [ 45.139000117355387, -12.784078291561091 ], [ 45.13911151386786, -12.78391636598152 ], [ 45.141343585072384, -12.781550476500474 ], [ 45.141506438935807, -12.781144365585687 ], [ 45.141589071161803, -12.780624357796809 ], [ 45.141442479085775, -12.780449909537293 ], [ 45.142533317496707, -12.7803751712969 ], [ 45.142635464167462, -12.780155375023456 ], [ 45.142856534868244, -12.780060305592361 ], [ 45.143859972387943, -12.780214393101948 ], [ 45.143910662018278, -12.78024149399165 ], [ 45.143952184239957, -12.780349985453929 ], [ 45.144104207650606, -12.780350806766693 ], [ 45.144169943077024, -12.780914139925299 ], [ 45.144053012735064, -12.781057984969395 ], [ 45.143949856993899, -12.781121341155339 ], [ 45.144423393654982, -12.782673738233703 ], [ 45.144626113283785, -12.782709798555061 ], [ 45.145039717823629, -12.784173607291494 ], [ 45.144095597393942, -12.784665150835494 ], [ 45.143377977342098, -12.784886187114424 ], [ 45.143229634137214, -12.784880841993031 ], [ 45.143034246231757, -12.784777859631546 ], [ 45.142806418563012, -12.784333075335464 ], [ 45.142622994276799, -12.784203861946345 ], [ 45.142469114673844, -12.784183146557362 ], [ 45.142030565719523, -12.784220458665462 ], [ 45.141813162937297, -12.784291109773106 ], [ 45.141737644272524, -12.784350833103694 ], [ 45.141602346144069, -12.784606818141945 ], [ 45.141552910207764, -12.78517744788407 ], [ 45.141493131024617, -12.785374613863631 ], [ 45.140782447735319, -12.786482741957748 ], [ 45.140663648156519, -12.786586797988813 ], [ 45.14047941492511, -12.786661951737534 ], [ 45.139951431797932, -12.78659712395695 ], [ 45.139816017231126, -12.786646931387157 ], [ 45.139734063692266, -12.786735594642348 ], [ 45.13967073891785, -12.787190483001629 ], [ 45.14000351008125, -12.787470634587558 ], [ 45.140136347466267, -12.787759030599799 ], [ 45.140114341123677, -12.787952559037404 ], [ 45.140014893533248, -12.788063838763561 ], [ 45.139625233200491, -12.78821506073947 ], [ 45.139225474385761, -12.788434108762637 ], [ 45.139089170488724, -12.788544503311252 ], [ 45.138824927416898, -12.788898217519154 ], [ 45.13858171164707, -12.788951698180304 ], [ 45.138735634346745, -12.7890465670556 ], [ 45.138875812549401, -12.789280702784254 ], [ 45.138894318835561, -12.789424474162482 ], [ 45.138838156422281, -12.789501367858396 ], [ 45.138736839710717, -12.789566529611756 ], [ 45.138206203398326, -12.789716015064426 ], [ 45.138084668558861, -12.789877945529863 ], [ 45.137814749161848, -12.789963993688342 ], [ 45.137742003310116, -12.790044512953225 ], [ 45.137727286625839, -12.790091543396953 ], [ 45.137767873734127, -12.790176524872097 ], [ 45.137872022344112, -12.790235248886505 ], [ 45.138179746409726, -12.790199820752957 ], [ 45.138332711892303, -12.790227773352074 ], [ 45.138685693935656, -12.790393976158532 ], [ 45.13932247141603, -12.790573592953105 ], [ 45.139351072650065, -12.790643207685102 ], [ 45.139425718513408, -12.790667583887357 ], [ 45.139474621125942, -12.790793253458533 ], [ 45.139421410393524, -12.791211964936695 ], [ 45.139345034209747, -12.791392862039242 ], [ 45.139351757829758, -12.791892023048611 ], [ 45.139413600860415, -12.792091837033057 ], [ 45.139506691920708, -12.792146949094041 ], [ 45.139580465057172, -12.792259041214329 ], [ 45.139666159198995, -12.792267134387306 ], [ 45.139696544816374, -12.792230042663405 ], [ 45.139667902028052, -12.792085372464452 ], [ 45.139911896978361, -12.791768743848676 ], [ 45.140229786864325, -12.791785756365234 ], [ 45.140333005310936, -12.791826394211547 ], [ 45.140520173604585, -12.792053269705029 ], [ 45.140540563860782, -12.79226938260607 ], [ 45.140493629782746, -12.792372495942796 ], [ 45.14019528961277, -12.792719899623703 ], [ 45.140050772584495, -12.79297769723242 ], [ 45.140223092768814, -12.793011968413261 ], [ 45.140496672121998, -12.792875275959171 ], [ 45.140627508415896, -12.792871589072044 ], [ 45.140880078394389, -12.793064970900593 ], [ 45.140938236324068, -12.793262977897244 ], [ 45.141046058455863, -12.793296378724108 ], [ 45.141018563652864, -12.793561348482029 ], [ 45.140801406329956, -12.794089566069884 ], [ 45.139652743964128, -12.796355406901974 ], [ 45.139272459954718, -12.796825835420885 ], [ 45.139016404298729, -12.797002305834026 ], [ 45.138688173826914, -12.796621775479711 ], [ 45.138401434354947, -12.79629005421446 ], [ 45.138164538755241, -12.796118364656555 ], [ 45.137873143413017, -12.795694408325453 ], [ 45.137684057887128, -12.795330985222007 ], [ 45.137521777380336, -12.795122180456776 ], [ 45.137427533225612, -12.794640246514792 ], [ 45.137123111312846, -12.793975756648365 ], [ 45.13713391271267, -12.793502810727514 ], [ 45.137000025945383, -12.792976587280096 ], [ 45.136943747584468, -12.792840973974126 ], [ 45.13681837773936, -12.792729812174985 ], [ 45.1365990548287, -12.792672956026571 ], [ 45.136482965265607, -12.792684771833825 ], [ 45.135864777773286, -12.792814403681486 ], [ 45.13559947499359, -12.792925767154067 ], [ 45.135328691784999, -12.793127561540842 ], [ 45.134911582128005, -12.79366130266982 ], [ 45.134779858472314, -12.793730095600873 ], [ 45.134630567255741, -12.793684053415189 ], [ 45.134113467684827, -12.793316273515186 ], [ 45.134119860638791, -12.793208660503241 ], [ 45.134405298720139, -12.792839567392615 ], [ 45.134452231057125, -12.792728316566036 ], [ 45.134473342724824, -12.792576386133264 ], [ 45.134436467752494, -12.792540233588605 ], [ 45.134341561626108, -12.792535760544201 ], [ 45.134136180230747, -12.792705870454489 ], [ 45.133827587354439, -12.79284799981874 ], [ 45.13370316834029, -12.792790188783686 ], [ 45.133588766771389, -12.792508110241783 ], [ 45.133518719802431, -12.792468357237352 ], [ 45.133472657168653, -12.792481944816165 ], [ 45.133085002800485, -12.792965028304906 ], [ 45.133010393319381, -12.793010280143056 ], [ 45.132931134222517, -12.792974148766803 ], [ 45.132723594438076, -12.792542909963574 ], [ 45.132596361114899, -12.792388341450852 ] ] ] ] } },
{ "type": "Feature", "properties": { "code_iris": "976110303", "nom_iris": "Kawéni-Madrasse" }, "geometry": { "type": "MultiPolygon", "coordinates": [ [ [ [ 45.222838742336307, -12.773693912354217 ], [ 45.220759033516686, -12.773369213962885 ], [ 45.220425552690855, -12.773412898081602 ], [ 45.219254519076379, -12.773374989039436 ], [ 45.219078745162186, -12.772535961872974 ], [ 45.218952357144467, -12.772341646212588 ], [ 45.219099589666264, -12.772134443648278 ], [ 45.219577453591178, -12.771786802656356 ], [ 45.219716536377462, -12.771745090022083 ], [ 45.220062944868715, -12.771737567306413 ], [ 45.220457107366833, -12.771551860847291 ], [ 45.220735479482187, -12.771707164685576 ], [ 45.22118330806375, -12.771786366706301 ], [ 45.223199646169327, -12.772353462911097 ], [ 45.222838742336307, -12.773693912354217 ] ] ] ] } },
{ "type": "Feature", "properties": { "code_iris": "976110304", "nom_iris": "Kawéni-Mahabourini" }, "geometry": { "type": "MultiPolygon", "coordinates": [ [ [ [ 45.219827739244565, -12.774623324764043 ], [ 45.2197430077006, -12.774658662269868 ], [ 45.219675882097185, -12.774810637371035 ], [ 45.21952582132856, -12.774944595808785 ], [ 45.219277094106225, -12.774980973767082 ], [ 45.21913140981021, -12.774848165397671 ], [ 45.21909273510515, -12.774872613089018 ], [ 45.218291871235998, -12.775678086793716 ], [ 45.217480791331226, -12.775317043745185 ], [ 45.216678125740096, -12.774015538642377 ], [ 45.216539472875446, -12.773482126364177 ], [ 45.216608007578422, -12.77281923184257 ], [ 45.216845653380624, -12.77275483279508 ], [ 45.217072122841053, -12.772549374815496 ], [ 45.217251699705102, -12.772455181850901 ], [ 45.21757868038555, -12.772352728810628 ], [ 45.217676141238499, -12.772120248149232 ], [ 45.217747015328257, -12.772041517225997 ], [ 45.218433126279663, -12.771726260603831 ], [ 45.218564013731118, -12.771796686251967 ], [ 45.218690433051492, -12.772028077627111 ], [ 45.218919872092663, -12.772064058760822 ], [ 45.219099589666264, -12.772134443648278 ], [ 45.218952357144467, -12.772341646212588 ], [ 45.219078745162186, -12.772535961872974 ], [ 45.219254519076379, -12.773374989039436 ], [ 45.218911844190224, -12.773441285917812 ], [ 45.218875985778709, -12.77352631808937 ], [ 45.218898183122391, -12.773625770629652 ], [ 45.219028253153709, -12.773815561827016 ], [ 45.219266154935177, -12.774047764640356 ], [ 45.219445129800604, -12.774323421713666 ], [ 45.219827739244565, -12.774623324764043 ] ] ] ] } },
{ "type": "Feature", "properties": { "code_iris": "976110305", "nom_iris": "Kawéni-Centrale" }, "geometry": { "type": "MultiPolygon", "coordinates": [ [ [ [ 45.223568180262582, -12.775505474750831 ], [ 45.223124946323793, -12.775420847342563 ], [ 45.222815492304541, -12.77554951660953 ], [ 45.222692023075403, -12.775536960860842 ], [ 45.222397118588141, -12.775446781373073 ], [ 45.222103013221748, -12.775216437323952 ], [ 45.221791683919768, -12.775308031452902 ], [ 45.221244118918257, -12.774968481243159 ], [ 45.220814600537729, -12.774761760481439 ], [ 45.220754628745901, -12.774663243994143 ], [ 45.220745333854538, -12.774569206529165 ], [ 45.220275546090015, -12.774671782690868 ], [ 45.219866407585585, -12.774591642722127 ], [ 45.219827739244565, -12.774623324764043 ], [ 45.219445129800604, -12.774323421713666 ], [ 45.219266154935177, -12.774047764640356 ], [ 45.219028253153709, -12.773815561827016 ], [ 45.218898183122391, -12.773625770629652 ], [ 45.218875985778709, -12.77352631808937 ], [ 45.218911844190224, -12.773441285917812 ], [ 45.219254519076379, -12.773374989039436 ], [ 45.220425552690855, -12.773412898081602 ], [ 45.220759033516686, -12.773369213962885 ], [ 45.222838742336307, -12.773693912354217 ], [ 45.222758957124213, -12.77411627893841 ], [ 45.222809080175857, -12.774540344446061 ], [ 45.222893099930296, -12.774744641030541 ], [ 45.223191127249812, -12.775244456614129 ], [ 45.223568180262582, -12.775505474750831 ] ] ] ] } },
{ "type": "Feature", "properties": { "code_iris": "976110306", "nom_iris": "Kawéni-Lazerevouni" }, "geometry": { "type": "MultiPolygon", "coordinates": [ [ [ [ 45.218291871235998, -12.775678086793716 ], [ 45.21909273510515, -12.774872613089018 ], [ 45.21913140981021, -12.774848165397671 ], [ 45.219277094106225, -12.774980973767082 ], [ 45.21952582132856, -12.774944595808785 ], [ 45.219675882097185, -12.774810637371035 ], [ 45.2197430077006, -12.774658662269868 ], [ 45.219827739244565, -12.774623324764043 ], [ 45.219866407585585, -12.774591642722127 ], [ 45.220275546090015, -12.774671782690868 ], [ 45.220745333854538, -12.774569206529165 ], [ 45.220754628745901, -12.774663243994143 ], [ 45.220814600537729, -12.774761760481439 ], [ 45.221244118918257, -12.774968481243159 ], [ 45.221791683919768, -12.775308031452902 ], [ 45.222103013221748, -12.775216437323952 ], [ 45.222397118588141, -12.775446781373073 ], [ 45.222692023075403, -12.775536960860842 ], [ 45.222623220232869, -12.775876124247363 ], [ 45.222628932675342, -12.776086816885948 ], [ 45.223163628649459, -12.776455311995704 ], [ 45.223122232155198, -12.77652768945908 ], [ 45.223158153823434, -12.776515903442036 ], [ 45.223388650695391, -12.776701990332395 ], [ 45.223397096821159, -12.77687741366538 ], [ 45.222602900388537, -12.776870850375715 ], [ 45.22260482142962, -12.776960372561307 ], [ 45.222117560253004, -12.777103659414895 ], [ 45.221895692103672, -12.777302787817552 ], [ 45.22164673436351, -12.777076926765931 ], [ 45.221637316079807, -12.776841821636214 ], [ 45.221471405042401, -12.776760575608794 ], [ 45.221250119676156, -12.776570862179366 ], [ 45.221176232115461, -12.776362939475584 ], [ 45.221166830033773, -12.77614591991561 ], [ 45.221215559921838, -12.776030131115601 ], [ 45.220883114854864, -12.776209457140618 ], [ 45.220703742380842, -12.77654057402103 ], [ 45.22041646358538, -12.776745181567238 ], [ 45.220218312576989, -12.77667119591186 ], [ 45.220089482403253, -12.776852159563157 ], [ 45.219932864172925, -12.776862237195736 ], [ 45.219780754901421, -12.776759275852772 ], [ 45.219639872814248, -12.776854342625567 ], [ 45.219407695776532, -12.776853631435561 ], [ 45.219526914183561, -12.776210588477685 ], [ 45.218291871235998, -12.775678086793716 ] ] ] ] } },
{ "type": "Feature", "properties": { "code_iris": "976110307", "nom_iris": "Soweto" }, "geometry": { "type": "MultiPolygon", "coordinates": [ [ [ [ 45.21847496288445, -12.777528094489076 ], [ 45.218695816176165, -12.777216838910478 ], [ 45.219040233703218, -12.77702846286426 ], [ 45.21929445041669, -12.77694505792844 ], [ 45.219407695776532, -12.776853631435561 ], [ 45.219639872814248, -12.776854342625567 ], [ 45.219780754901421, -12.776759275852772 ], [ 45.219932864172925, -12.776862237195736 ], [ 45.220089482403253, -12.776852159563157 ], [ 45.220218312576989, -12.77667119591186 ], [ 45.22041646358538, -12.776745181567238 ], [ 45.220703742380842, -12.77654057402103 ], [ 45.220883114854864, -12.776209457140618 ], [ 45.221215559921838, -12.776030131115601 ], [ 45.221166830033773, -12.77614591991561 ], [ 45.221176232115461, -12.776362939475584 ], [ 45.221250119676156, -12.776570862179366 ], [ 45.221471405042401, -12.776760575608794 ], [ 45.221637316079807, -12.776841821636214 ], [ 45.22164673436351, -12.777076926765931 ], [ 45.221895692103672, -12.777302787817552 ], [ 45.222117560253004, -12.777103659414895 ], [ 45.22260482142962, -12.776960372561307 ], [ 45.222602900388537, -12.776870850375715 ], [ 45.223397096821159, -12.77687741366538 ], [ 45.223388650695391, -12.776701990332395 ], [ 45.223158153823434, -12.776515903442036 ], [ 45.223122232155198, -12.77652768945908 ], [ 45.223163628649459, -12.776455311995704 ], [ 45.222628932675342, -12.776086816885948 ], [ 45.222623220232869, -12.775876124247363 ], [ 45.222692023075403, -12.775536960860842 ], [ 45.222815492304541, -12.77554951660953 ], [ 45.223124946323793, -12.775420847342563 ], [ 45.223568180262582, -12.775505474750831 ], [ 45.223924886748151, -12.775677890066035 ], [ 45.224291646195979, -12.775757155420772 ], [ 45.224661982537071, -12.775713435025116 ], [ 45.224728367035866, -12.775768539650702 ], [ 45.224939399618194, -12.775822616762058 ], [ 45.225970447710132, -12.775911259979155 ], [ 45.227256535371929, -12.775809780776475 ], [ 45.227651726067279, -12.775742523498513 ], [ 45.227867234593546, -12.775650100934463 ], [ 45.22780977572252, -12.776303041145274 ], [ 45.226593948026249, -12.776674842692714 ], [ 45.226437490476592, -12.776864875892525 ], [ 45.22602943678983, -12.776974643586346 ], [ 45.22592196365558, -12.777338256421041 ], [ 45.225748043160074, -12.777577135318568 ], [ 45.225375890505404, -12.777653412926535 ], [ 45.224604157660032, -12.778047432861461 ], [ 45.224398695213928, -12.778043086221512 ], [ 45.224140609664602, -12.777917610500539 ], [ 45.224038365059506, -12.777944825729451 ], [ 45.224013609238106, -12.778081393129128 ], [ 45.224081843279514, -12.778143730575714 ], [ 45.224617308044813, -12.778332270080174 ], [ 45.224883560729033, -12.77831576630191 ], [ 45.224959150557936, -12.778360915916544 ], [ 45.225001625004168, -12.778465776263408 ], [ 45.224931770380486, -12.778654830455887 ], [ 45.224935554948551, -12.778766958026347 ], [ 45.225064730801932, -12.778979353840866 ], [ 45.225155092763593, -12.77905885345762 ], [ 45.225117337759919, -12.779081492679119 ], [ 45.224944019035881, -12.778961371141753 ], [ 45.224607596713476, -12.77881154708404 ], [ 45.224405823004986, -12.778811718723555 ], [ 45.223861418668079, -12.778935163223375 ], [ 45.223602494628672, -12.778904637177048 ], [ 45.223392334999453, -12.77879811002625 ], [ 45.223163686022922, -12.778620160162431 ], [ 45.222381212418512, -12.77832873793624 ], [ 45.22205479207323, -12.778024270133571 ], [ 45.221924830470471, -12.777963792624609 ], [ 45.220769567296323, -12.778074179451078 ], [ 45.220612914608701, -12.778045373447757 ], [ 45.220248854256269, -12.777893758302433 ], [ 45.220098668321185, -12.777884840775156 ], [ 45.219829711881786, -12.777970971609765 ], [ 45.219471606305014, -12.778313087827145 ], [ 45.21885575910381, -12.777857841593191 ], [ 45.218544244247475, -12.777738734616724 ], [ 45.218499971084661, -12.77768180156567 ], [ 45.21847496288445, -12.777528094489076 ] ] ] ] } },
{ "type": "Feature", "properties": { "code_iris": "976030400", "nom_iris": "Bambo Est" }, "geometry": { "type": "MultiPolygon", "coordinates": [ [ [ [ 45.184331414024633, -12.922062263945875 ], [ 45.184789033761291, -12.922571046184929 ], [ 45.184638361709901, -12.923271059866932 ], [ 45.184668082839387, -12.923572161674906 ], [ 45.185000499069467, -12.924308908655611 ], [ 45.184924101323496, -12.924469019024544 ], [ 45.184705643644705, -12.924505344531591 ], [ 45.183831577417386, -12.924329628096332 ], [ 45.183015277762301, -12.924990320519781 ], [ 45.182545294811334, -12.92523028174339 ], [ 45.182229107892887, -12.925254013669711 ], [ 45.181959080934313, -12.92536904459949 ], [ 45.181651166489836, -12.925359311972924 ], [ 45.180853586460735, -12.925143744373317 ], [ 45.180470103716942, -12.92516932931378 ], [ 45.17973582480392, -12.925809156615728 ], [ 45.179618742199821, -12.925803811541682 ], [ 45.178393997637549, -12.927713570982368 ], [ 45.178268641569844, -12.927742593330892 ], [ 45.178178544874534, -12.928092608374502 ], [ 45.177743883302703, -12.928756640815305 ], [ 45.177109169280641, -12.929421712597213 ], [ 45.176115326191159, -12.931991423462767 ], [ 45.175905698060973, -12.932799080175943 ], [ 45.175811452178387, -12.933813737369707 ], [ 45.17582049847644, -12.934883485500185 ], [ 45.175738555803797, -12.935037266994504 ], [ 45.175862258842969, -12.935275007278214 ], [ 45.176253304923527, -12.935494481612249 ], [ 45.176496990033854, -12.935920229135538 ], [ 45.176705483942889, -12.93611993218919 ], [ 45.177090053123841, -12.936303238728671 ], [ 45.177520947104938, -12.936809338334905 ], [ 45.177698957721695, -12.93692225117727 ], [ 45.177875974169353, -12.93693298182496 ], [ 45.178230166976157, -12.937179606399431 ], [ 45.178531000241215, -12.937582706060615 ], [ 45.178663102987876, -12.937958792791781 ], [ 45.179675346678351, -12.939205088616356 ], [ 45.179548071929474, -12.940425943223602 ], [ 45.179645890084778, -12.940556091012786 ], [ 45.179634743873038, -12.941728034864814 ], [ 45.179692045856584, -12.94192603089434 ], [ 45.179621334263317, -12.942314012148787 ], [ 45.179444502796066, -12.942567329935139 ], [ 45.179372224106494, -12.943343244710496 ], [ 45.179449743085257, -12.943448991159103 ], [ 45.179074566526765, -12.943526112129272 ], [ 45.178851370790895, -12.943406901438189 ], [ 45.178819036998576, -12.943314687904744 ], [ 45.178007495896082, -12.942990609553062 ], [ 45.177348274113214, -12.942944940803187 ], [ 45.176912051083256, -12.942740871657318 ], [ 45.17663730917144, -12.942736536516946 ], [ 45.176308077373399, -12.942596597160662 ], [ 45.175657177141204, -12.94258347227845 ], [ 45.175643265727153, -12.942465926310581 ], [ 45.175228898015732, -12.941870289875412 ], [ 45.174855273930241, -12.941527821562625 ], [ 45.173900057479464, -12.941400053547923 ], [ 45.173237230150981, -12.941466506474034 ], [ 45.172693400883283, -12.941632348881285 ], [ 45.172350634907467, -12.941916517012189 ], [ 45.171810564261371, -12.942188154933657 ], [ 45.171181252911921, -12.942736557567109 ], [ 45.17048024097565, -12.943599692220689 ], [ 45.170286730619857, -12.943744502162419 ], [ 45.17000088506397, -12.943682293886008 ], [ 45.170202711451168, -12.943564606886701 ], [ 45.170830966550874, -12.94281274609045 ], [ 45.17085111505488, -12.942615601592742 ], [ 45.170629019303981, -12.942751387791862 ], [ 45.170388330932461, -12.942661117942869 ], [ 45.170407865521369, -12.942917014164541 ], [ 45.170038217238677, -12.942992310006032 ], [ 45.170064092943711, -12.943082720337106 ], [ 45.169845627807007, -12.943135310480193 ], [ 45.169773813478457, -12.943279136491427 ], [ 45.169580179490993, -12.943241283045296 ], [ 45.16936061331878, -12.943028921790022 ], [ 45.169567862050116, -12.944113913537965 ], [ 45.169493344370572, -12.944350881236421 ], [ 45.169567082510838, -12.944324609413037 ], [ 45.169669476861586, -12.944410448648242 ], [ 45.169846364863254, -12.944224053478523 ], [ 45.169788933600366, -12.943824402666097 ], [ 45.17008236021082, -12.944189537334356 ], [ 45.169479335452777, -12.945449580727709 ], [ 45.168903496939883, -12.947386000371853 ], [ 45.168760638731911, -12.948823884934049 ], [ 45.168636273815601, -12.94897317023945 ], [ 45.16882459946568, -12.949336565553383 ], [ 45.168835838403965, -12.949596988505302 ], [ 45.169139429238697, -12.949987437031536 ], [ 45.169230062319428, -12.950402438857346 ], [ 45.16937120932743, -12.950528945199157 ], [ 45.169627241300056, -12.951483689409423 ], [ 45.169980691654651, -12.951976287074103 ], [ 45.170178068240297, -12.952084670842954 ], [ 45.170351569439553, -12.95233413640047 ], [ 45.169183321851818, -12.95218388404005 ], [ 45.166850724994006, -12.952193526197815 ], [ 45.162674127006966, -12.952133771751059 ], [ 45.160230031894109, -12.950796963436773 ], [ 45.159367131188944, -12.950900579444834 ], [ 45.160715284129282, -12.944062550297494 ], [ 45.162733421460935, -12.934098927466673 ], [ 45.164072164820269, -12.927239177528849 ], [ 45.165303365010068, -12.92096545544238 ], [ 45.165428843081678, -12.921124528185853 ], [ 45.165538538850662, -12.921115415954569 ], [ 45.165697136876915, -12.921172284643426 ], [ 45.165837245196684, -12.921149588887365 ], [ 45.166094466570605, -12.921181979311914 ], [ 45.166363619561658, -12.921134785798486 ], [ 45.166645722897933, -12.921154499999927 ], [ 45.167166556323146, -12.919738978850726 ], [ 45.171549903920585, -12.919608634623778 ], [ 45.173067922397742, -12.920539035070469 ], [ 45.175457716280391, -12.919691040965313 ], [ 45.176377329748782, -12.920433734393946 ], [ 45.180967149907502, -12.921542850970024 ], [ 45.182172101501216, -12.921646004778697 ], [ 45.18400837238363, -12.921531683542531 ], [ 45.184331414024633, -12.922062263945875 ] ] ], [ [ [ 45.202439905287555, -12.933851409210028 ], [ 45.202523913430014, -12.933993314601246 ], [ 45.202476956620117, -12.934068405542034 ], [ 45.202575676739016, -12.934162373128206 ], [ 45.20242473515961, -12.934474463790322 ], [ 45.202510544295997, -12.934563015784207 ], [ 45.202393525794101, -12.934642682423643 ], [ 45.202436052542041, -12.934790045626594 ], [ 45.202322698239499, -12.934840772717166 ], [ 45.202353345075117, -12.935118360177306 ], [ 45.201943867461466, -12.934934206078356 ], [ 45.201335058169661, -12.934501530621766 ], [ 45.201277941766669, -12.934554022409079 ], [ 45.201101725731966, -12.934390485179613 ], [ 45.200926573672199, -12.934404184162236 ], [ 45.200787270508464, -12.934285831851639 ], [ 45.200555883450065, -12.934301382388245 ], [ 45.200526351282164, -12.934262521419727 ], [ 45.200569626857693, -12.934194667821474 ], [ 45.200384193888269, -12.934032945719059 ], [ 45.199944232397534, -12.933768331682529 ], [ 45.199746915340825, -12.933732311927965 ], [ 45.199716339903325, -12.933540629810473 ], [ 45.199078931473544, -12.933073608515153 ], [ 45.198624206099474, -12.932788205209986 ], [ 45.198222183710719, -12.932697179433863 ], [ 45.197870729499527, -12.93243249457781 ], [ 45.198713345300533, -12.932427333056989 ], [ 45.198920730494727, -12.932372918796334 ], [ 45.19898150514166, -12.932283349598357 ], [ 45.199843583943455, -12.93240838467757 ], [ 45.200120288840601, -12.932576367138738 ], [ 45.200553649907505, -12.932659227463974 ], [ 45.201258944669583, -12.932706610933234 ], [ 45.202367546063115, -12.933292625739902 ], [ 45.202579855829953, -12.933628849907247 ], [ 45.202439905287555, -12.933851409210028 ] ] ] ] } },
{ "type": "Feature", "properties": { "code_iris": "976040400", "nom_iris": "Bambo Ouest" }, "geometry": { "type": "MultiPolygon", "coordinates": [ [ [ [ 45.094970782813796, -12.926197368027127 ], [ 45.094733108138087, -12.926652305021726 ], [ 45.094543262213357, -12.926818760549294 ], [ 45.094323875239496, -12.926877617810648 ], [ 45.094079676788134, -12.927148988603836 ], [ 45.093774558877861, -12.92722144041565 ], [ 45.09309051143984, -12.9272045039585 ], [ 45.09291722455567, -12.9272805248377 ], [ 45.092653674513677, -12.927579029456291 ], [ 45.092136506069721, -12.927610862117685 ], [ 45.091934699261309, -12.927848757747848 ], [ 45.091307873812362, -12.928014460155381 ], [ 45.091182549126842, -12.928159188055393 ], [ 45.090797264403854, -12.928341986007812 ], [ 45.090490434501184, -12.928786996137953 ], [ 45.09009597963481, -12.929109958950781 ], [ 45.089346539579083, -12.92928112460134 ], [ 45.088983389157285, -12.929497370500592 ], [ 45.088582358667495, -12.929482134201425 ], [ 45.088114127793951, -12.929746341135445 ], [ 45.087131434147935, -12.929888642246995 ], [ 45.087018860436025, -12.92959388594781 ], [ 45.087344968623192, -12.928893867697919 ], [ 45.087333866902867, -12.9287817412294 ], [ 45.087263804520596, -12.928786286035685 ], [ 45.087433336096311, -12.928507712405848 ], [ 45.088514554510041, -12.928047071751619 ], [ 45.088665791936585, -12.928180853236059 ], [ 45.0890216204089, -12.928119241405421 ], [ 45.08915985055561, -12.927968180197949 ], [ 45.089416827708, -12.927320630912247 ], [ 45.089439656330264, -12.926706619862211 ], [ 45.089100943655289, -12.92563426455172 ], [ 45.088748531560611, -12.92491819806367 ], [ 45.087448946923836, -12.923034125305199 ], [ 45.087041392600554, -12.922784681247284 ], [ 45.086986890092021, -12.922460968560136 ], [ 45.086821778351428, -12.922180697897387 ], [ 45.0865479219515, -12.922003550658895 ], [ 45.086174601483478, -12.922110378678186 ], [ 45.085680441727298, -12.92200021955215 ], [ 45.085808465470819, -12.921660169680694 ], [ 45.085956796535939, -12.92139788081224 ], [ 45.088625423653973, -12.920892402909631 ], [ 45.090461667009833, -12.920580702465974 ], [ 45.091064495263687, -12.920385169362191 ], [ 45.091782573872216, -12.920240233868313 ], [ 45.092233447336064, -12.920465239826502 ], [ 45.093750483162744, -12.919522444062196 ], [ 45.094009639448238, -12.919826187718584 ], [ 45.093523712732413, -12.922019231608909 ], [ 45.094492481161254, -12.92416201682309 ], [ 45.093626011464359, -12.924416430402893 ], [ 45.093229710976985, -12.924705036168971 ], [ 45.093506294869016, -12.924759193830822 ], [ 45.093792138177641, -12.924921860968619 ], [ 45.094970782813796, -12.926197368027127 ] ] ] ] } },
{ "type": "Feature", "properties": { "code_iris": "976020400", "nom_iris": "Dzoumogné" }, "geometry": { "type": "MultiPolygon", "coordinates": [ [ [ [ 45.128336744707774, -12.724738081512497 ], [ 45.128509965129211, -12.724825713547082 ], [ 45.128365382649505, -12.724901743869085 ], [ 45.127904731046783, -12.724750046155879 ], [ 45.127778470986847, -12.724625315248856 ], [ 45.127680697962013, -12.724363118686076 ], [ 45.127847400140887, -12.724311493856487 ], [ 45.128061261776978, -12.724620657283424 ], [ 45.128336744707774, -12.724738081512497 ] ] ], [ [ [ 45.127565979492559, -12.723370265004171 ], [ 45.127697572626985, -12.723108862193781 ], [ 45.127808182381628, -12.723253495060323 ], [ 45.127750269208889, -12.723491350907038 ], [ 45.127565979492559, -12.723370265004171 ] ] ], [ [ [ 45.126745433154369, -12.712621374522188 ], [ 45.127945513128253, -12.71421686896667 ], [ 45.128768379586326, -12.714837717370338 ], [ 45.129441912750174, -12.715228946650777 ], [ 45.129538723907231, -12.71541427865113 ], [ 45.129614492149621, -12.715880854820604 ], [ 45.129549093657765, -12.715882695360881 ], [ 45.129559240631792, -12.715911627654869 ], [ 45.129978124399912, -12.717279611993996 ], [ 45.130168058724855, -12.717638521539284 ], [ 45.130081746935474, -12.718176615842797 ], [ 45.129778806494109, -12.718393793670701 ], [ 45.129757779930713, -12.718707592225382 ], [ 45.129393143982568, -12.718966397095459 ], [ 45.129292835135736, -12.719152729557212 ], [ 45.129287603992829, -12.719736902733654 ], [ 45.129511677549672, -12.720207023547795 ], [ 45.130022355869315, -12.720933821718583 ], [ 45.13050903850845, -12.721564776053466 ], [ 45.130833417430267, -12.721834094150561 ], [ 45.131599431651601, -12.721107571080529 ], [ 45.130793877877053, -12.721969756968369 ], [ 45.130843763527373, -12.722250966117723 ], [ 45.130796807546766, -12.722294395151811 ], [ 45.130627345257601, -12.722348736053597 ], [ 45.130493694696796, -12.722182412783077 ], [ 45.12989222356974, -12.722249625624064 ], [ 45.129213421048092, -12.722405495110467 ], [ 45.128638752336897, -12.722651741206839 ], [ 45.128090718123239, -12.722743339822037 ], [ 45.127666180481683, -12.722962382549516 ], [ 45.127463726021993, -12.723357654166525 ], [ 45.126977217785573, -12.723069419632889 ], [ 45.126593965214418, -12.722955662612895 ], [ 45.125811109918061, -12.723193863374544 ], [ 45.125131472427199, -12.723536006318746 ], [ 45.124146507770256, -12.723002939206378 ], [ 45.122990482089534, -12.723025181183276 ], [ 45.122639475254324, -12.722919542059913 ], [ 45.122198334214147, -12.723101507908723 ], [ 45.122088694647282, -12.723052726844367 ], [ 45.121976211357833, -12.722835749310137 ], [ 45.121796540451847, -12.722735455879564 ], [ 45.121627980678916, -12.722755427651272 ], [ 45.121483420937913, -12.722881190117295 ], [ 45.121448553354298, -12.723166961389964 ], [ 45.121538840625554, -12.723198570107076 ], [ 45.121652917456466, -12.72289377240727 ], [ 45.121795672782554, -12.722847588102052 ], [ 45.121913590847242, -12.722871949681235 ], [ 45.12200214852917, -12.723139578434667 ], [ 45.122124700147573, -12.723221812272065 ], [ 45.122634010483154, -12.723048857896124 ], [ 45.123043074020394, -12.723205110248854 ], [ 45.124096844191001, -12.723163925875944 ], [ 45.124454307015021, -12.723284028647448 ], [ 45.125175828395783, -12.723823549187818 ], [ 45.125372935700653, -12.723786380166436 ], [ 45.126399714812557, -12.7231800189436 ], [ 45.126645656006346, -12.723170858632939 ], [ 45.12755144937551, -12.72378714907415 ], [ 45.127549689282816, -12.723951730455278 ], [ 45.127407876313022, -12.724039514677134 ], [ 45.126866199993849, -12.723956580013217 ], [ 45.126601844514084, -12.72398473939527 ], [ 45.126296079805385, -12.724098825677848 ], [ 45.126046593708914, -12.724392838288706 ], [ 45.126037597346468, -12.724828709695098 ], [ 45.126155824536475, -12.725476124072358 ], [ 45.125906417210572, -12.725932908438368 ], [ 45.125968325976096, -12.726320818796628 ], [ 45.125443767661324, -12.727340200839244 ], [ 45.12548710306902, -12.727423374855201 ], [ 45.125616057488742, -12.727407036547692 ], [ 45.126330064876896, -12.727625534826133 ], [ 45.12599760663975, -12.729655820553591 ], [ 45.125583904051901, -12.731328950303714 ], [ 45.124773734872612, -12.732278835839965 ], [ 45.125308248860058, -12.732748813286909 ], [ 45.125335928656853, -12.732839228998554 ], [ 45.125262473975809, -12.733327579324618 ], [ 45.125308648508863, -12.733562672375438 ], [ 45.12507947356665, -12.733969710350618 ], [ 45.124553777749448, -12.734584874015678 ], [ 45.12392724822471, -12.734331967347659 ], [ 45.123890413988995, -12.734359113226224 ], [ 45.1237891625752, -12.734521932430205 ], [ 45.123678778068552, -12.734847527705803 ], [ 45.12343022379595, -12.735191273138701 ], [ 45.123255145593582, -12.735082840137911 ], [ 45.123264086614405, -12.734522177392167 ], [ 45.122729816182058, -12.734558597097706 ], [ 45.122509008977048, -12.735136539422848 ], [ 45.122204640511598, -12.734350853743971 ], [ 45.121596640952895, -12.734314962129993 ], [ 45.120960791659442, -12.733826937762755 ], [ 45.120445495820839, -12.733076613436143 ], [ 45.120131415742286, -12.733167184931443 ], [ 45.119808964136851, -12.733085945075016 ], [ 45.119698371111362, -12.732976576208182 ], [ 45.119523351484624, -12.732986602433256 ], [ 45.119007722355725, -12.733484193214325 ], [ 45.112265448976224, -12.733170636569117 ], [ 45.11303017588989, -12.73558023976048 ], [ 45.105575391583045, -12.736568991805003 ], [ 45.104030451708304, -12.736329966957419 ], [ 45.103643609405211, -12.736474804840984 ], [ 45.102924030977888, -12.736162201746067 ], [ 45.101964085877313, -12.736006131277364 ], [ 45.101622273597656, -12.735880566588603 ], [ 45.101361560954103, -12.735841782122638 ], [ 45.101126671492828, -12.735878043489848 ], [ 45.100898248543949, -12.735960420902693 ], [ 45.099435443149453, -12.736082149019502 ], [ 45.099251239871521, -12.736172647000764 ], [ 45.098349701507821, -12.736975087439113 ], [ 45.095116452401982, -12.732429504712147 ], [ 45.095778119818355, -12.715932312610189 ], [ 45.097636815979172, -12.710786223392283 ], [ 45.098539391869281, -12.710518219663367 ], [ 45.099692935729507, -12.711355161448029 ], [ 45.104742095062207, -12.708305757340154 ], [ 45.106928792626576, -12.708365472420802 ], [ 45.114869342296636, -12.714101680957441 ], [ 45.11740021381226, -12.713348203564728 ], [ 45.118190198959049, -12.712640698134081 ], [ 45.118289678531426, -12.712640653781655 ], [ 45.119748393643931, -12.711959973299233 ], [ 45.120271003923435, -12.714648189780018 ], [ 45.124739682180845, -12.7134823048054 ], [ 45.125363574688059, -12.712217813928703 ], [ 45.126042439155725, -12.712237386535568 ], [ 45.126745433154369, -12.712621374522188 ] ] ] ] } },
{ "type": "Feature", "properties": { "code_iris": "976070400", "nom_iris": "Hajangoua" }, "geometry": { "type": "MultiPolygon", "coordinates": [ [ [ [ 45.162687373701964, -12.879994385232349 ], [ 45.158880868731039, -12.877339051395543 ], [ 45.154087957898021, -12.874236625304034 ], [ 45.152277415212168, -12.861453002103662 ], [ 45.152551191449682, -12.861531515263888 ], [ 45.154044412014841, -12.861783840629183 ], [ 45.156357828940806, -12.861918113715426 ], [ 45.158210645312664, -12.862405313015191 ], [ 45.158403981674134, -12.862070613452513 ], [ 45.160062866861196, -12.861943007595848 ], [ 45.16056960019597, -12.861671414517069 ], [ 45.162072178998677, -12.862131672287321 ], [ 45.16393444706604, -12.86154273451176 ], [ 45.1716380608134, -12.860922898723514 ], [ 45.174199483803399, -12.858506789294429 ], [ 45.18262274374306, -12.859125013446024 ], [ 45.185949255431218, -12.858317870440565 ], [ 45.186584380354468, -12.857232286992858 ], [ 45.186527846895096, -12.855558509962066 ], [ 45.188094915186895, -12.855974263366734 ], [ 45.189807376076153, -12.853630952459298 ], [ 45.190673742068853, -12.853693623968843 ], [ 45.191539827438362, -12.853385539155811 ], [ 45.192783282230877, -12.852435137808294 ], [ 45.194294465703379, -12.8520985368521 ], [ 45.194580047634851, -12.851946406767391 ], [ 45.194699737654034, -12.851791686627701 ], [ 45.195427486479986, -12.851375178392781 ], [ 45.196239304655265, -12.851223558544957 ], [ 45.196294685290624, -12.851332030401718 ], [ 45.196567598235532, -12.851482840486193 ], [ 45.196683119284543, -12.851894200048037 ], [ 45.196885018282863, -12.853162749389339 ], [ 45.196779025738216, -12.853153786096362 ], [ 45.196742240767094, -12.853255996969633 ], [ 45.19666437301349, -12.853859208063012 ], [ 45.197171970713519, -12.854767625546151 ], [ 45.197585078715505, -12.855052162090793 ], [ 45.197847740391211, -12.855051964225659 ], [ 45.19801396362444, -12.855475040411438 ], [ 45.1984814409237, -12.855748683153815 ], [ 45.1986315338617, -12.855581278405621 ], [ 45.198908480734062, -12.854995097327846 ], [ 45.198910191570413, -12.854826900551652 ], [ 45.199098889055314, -12.854529250420304 ], [ 45.199781388980909, -12.853998825635811 ], [ 45.200326010954889, -12.853931494068689 ], [ 45.200663473084489, -12.854121134421009 ], [ 45.200785370019936, -12.854427591013215 ], [ 45.200796799498164, -12.854893284767863 ], [ 45.200919622915812, -12.85520516622335 ], [ 45.201560151468335, -12.856363053402356 ], [ 45.202088632877015, -12.856850956290993 ], [ 45.202119548623131, -12.8574785003429 ], [ 45.20241376623855, -12.858900700297966 ], [ 45.202227171237418, -12.85952117772387 ], [ 45.202252334180017, -12.859869304694774 ], [ 45.202107754353662, -12.860015908860762 ], [ 45.201237081852902, -12.86036201165332 ], [ 45.20085759307166, -12.860647149484755 ], [ 45.200843110020415, -12.860978125687295 ], [ 45.201364870052167, -12.861116984274462 ], [ 45.201769649256299, -12.861340029495731 ], [ 45.201856463631984, -12.861565127479972 ], [ 45.201622423228706, -12.861636745274714 ], [ 45.201684418895681, -12.861944151514869 ], [ 45.201841084785002, -12.86192684977506 ], [ 45.202017241184329, -12.862079536845938 ], [ 45.201497750693271, -12.862477817884187 ], [ 45.201528327410429, -12.862681256521306 ], [ 45.201719080999929, -12.862646747412585 ], [ 45.202257517902517, -12.862889583073482 ], [ 45.202392027813346, -12.86282618000185 ], [ 45.202586603637663, -12.862960766933277 ], [ 45.202695510591347, -12.863150580765948 ], [ 45.202652280891755, -12.863260031565121 ], [ 45.20270856830146, -12.863343181465408 ], [ 45.202975798064237, -12.863282388324787 ], [ 45.203094850149988, -12.863480332613998 ], [ 45.203383041200496, -12.863125633136633 ], [ 45.203697367291234, -12.86317964579302 ], [ 45.203797755534922, -12.863090948772838 ], [ 45.20415255818989, -12.863050884734166 ], [ 45.204489979750285, -12.8631717948827 ], [ 45.204676997566438, -12.863076700050486 ], [ 45.204941602508292, -12.863189527938523 ], [ 45.20517278215916, -12.862999449279018 ], [ 45.205385220342642, -12.862430493483988 ], [ 45.205909073101942, -12.862868656618055 ], [ 45.206582493091993, -12.863622293167625 ], [ 45.206847955152845, -12.863654637889185 ], [ 45.207432070765847, -12.863397362298128 ], [ 45.207602581183572, -12.863403557332758 ], [ 45.208302358806229, -12.863700509263385 ], [ 45.20872899494406, -12.863593465578962 ], [ 45.209011622017222, -12.863207114810804 ], [ 45.209289897811466, -12.863131838048071 ], [ 45.209308213107299, -12.862989852152106 ], [ 45.209485947927739, -12.862816993615997 ], [ 45.209532053566448, -12.862844989338258 ], [ 45.209914141955402, -12.862369034848033 ], [ 45.21009200833003, -12.862355328322625 ], [ 45.211318082536813, -12.862695255421036 ], [ 45.211661867480977, -12.862707638108619 ], [ 45.212450128259718, -12.863007220361865 ], [ 45.212763009638905, -12.863532350826279 ], [ 45.212822126329797, -12.86368783824696 ], [ 45.212771541466211, -12.863813573572921 ], [ 45.212257646358424, -12.864273361866127 ], [ 45.212104906486886, -12.864576417699372 ], [ 45.211435466168716, -12.865295857188487 ], [ 45.211163179987309, -12.865922739416591 ], [ 45.210746129890758, -12.867579707329799 ], [ 45.210400176339583, -12.868290745515587 ], [ 45.2100917255704, -12.868660841420883 ], [ 45.210017251727599, -12.868878831418169 ], [ 45.210409803406421, -12.869888592086484 ], [ 45.21212497040986, -12.872000500655311 ], [ 45.213281667848925, -12.873075649142988 ], [ 45.213907845238808, -12.873492009544318 ], [ 45.214477382780075, -12.873415585058966 ], [ 45.215120495984536, -12.873152818384433 ], [ 45.216345593383025, -12.872284610708393 ], [ 45.217550681355874, -12.87173652721099 ], [ 45.218918032617552, -12.87124979345371 ], [ 45.220272667628421, -12.870983706303321 ], [ 45.220645952234122, -12.870989722318971 ], [ 45.221142951526112, -12.871235266214351 ], [ 45.221862897784348, -12.871366681981355 ], [ 45.221897259891215, -12.871662350634512 ], [ 45.222059682312654, -12.871897324443609 ], [ 45.221960526661768, -12.872335981491952 ], [ 45.216895257495516, -12.874826072264685 ], [ 45.214888744921758, -12.875920088746691 ], [ 45.207826803337369, -12.879388252241899 ], [ 45.200815213707251, -12.882672620909515 ], [ 45.196745458824161, -12.88457920802642 ], [ 45.193973670981528, -12.885581403642073 ], [ 45.184356112376555, -12.886564063672576 ], [ 45.178000743368294, -12.886568460778983 ], [ 45.16908203989238, -12.881102596277112 ], [ 45.162687373701964, -12.879994385232349 ] ] ] ] } },
{ "type": "Feature", "properties": { "code_iris": "976140400", "nom_iris": "Kahani" }, "geometry": { "type": "MultiPolygon", "coordinates": [ [ [ [ 45.125841144027362, -12.830437539082002 ], [ 45.12430897829455, -12.821752641579948 ], [ 45.121903646864496, -12.807901061747099 ], [ 45.128055001883652, -12.809216587024981 ], [ 45.132976131162735, -12.810269445831604 ], [ 45.147588804207345, -12.805797219711019 ], [ 45.152571973437915, -12.80427156917558 ], [ 45.153457907930211, -12.809556583259473 ], [ 45.154819499220807, -12.81959150223182 ], [ 45.152824714834708, -12.821531447103226 ], [ 45.143401554390387, -12.829853425586176 ], [ 45.138842332654882, -12.834151206691288 ], [ 45.138802703673804, -12.834146706216378 ], [ 45.138807237514342, -12.834011965992181 ], [ 45.138877791200393, -12.833273131340357 ], [ 45.138604563287558, -12.832449475707401 ], [ 45.138356539438178, -12.832212684765254 ], [ 45.137563733387132, -12.831694043548033 ], [ 45.137524044389501, -12.83157831635001 ], [ 45.137601145836939, -12.831012196120232 ], [ 45.137367993022401, -12.831004179508829 ], [ 45.137248168451293, -12.83095812375438 ], [ 45.13711915453262, -12.83095999963097 ], [ 45.137092454011608, -12.831004323323889 ], [ 45.136926592354833, -12.831031538185046 ], [ 45.136898088329204, -12.831149109559306 ], [ 45.13659397666941, -12.831140224919048 ], [ 45.136510989698799, -12.831049839917574 ], [ 45.136372949369544, -12.831402581150028 ], [ 45.136363826550024, -12.83157439927197 ], [ 45.136217404305164, -12.831764374184184 ], [ 45.1363363314019, -12.831854740637068 ], [ 45.136180756826143, -12.83216227679805 ], [ 45.135848280062064, -12.832533204001711 ], [ 45.135669575788022, -12.832672555550964 ], [ 45.135284288403632, -12.832517217777585 ], [ 45.134926741681355, -12.8325381999891 ], [ 45.134336316184005, -12.833070219569917 ], [ 45.134195352737045, -12.833131782671479 ], [ 45.134002724874215, -12.833083954041578 ], [ 45.13385238715135, -12.832845300452238 ], [ 45.133775748152871, -12.832559586665186 ], [ 45.13375245830975, -12.832083946692734 ], [ 45.133718330310749, -12.832025185784925 ], [ 45.133656579558377, -12.832010748688536 ], [ 45.133590260249015, -12.832070464945698 ], [ 45.133431005085612, -12.832395182717159 ], [ 45.132975835871171, -12.832531959778887 ], [ 45.132715145525772, -12.832733746183916 ], [ 45.132634971878417, -12.83273469092693 ], [ 45.132562145938373, -12.83268860932618 ], [ 45.13237399732116, -12.83239390850602 ], [ 45.132300264164542, -12.832374955719319 ], [ 45.132234850389345, -12.83240482990559 ], [ 45.132187911325175, -12.832518792926731 ], [ 45.13220372723044, -12.832805442069692 ], [ 45.131880500644932, -12.833255936378519 ], [ 45.131800594748945, -12.833771416631588 ], [ 45.13181818464313, -12.833926039861076 ], [ 45.130692158025511, -12.832340493100681 ], [ 45.130000759479977, -12.83186699256777 ], [ 45.129628370381475, -12.831696267293564 ], [ 45.128968469036103, -12.831539246896236 ], [ 45.128235704328858, -12.831258373846596 ], [ 45.127640314747175, -12.831105840026442 ], [ 45.127053172492531, -12.830859255604476 ], [ 45.12650663399841, -12.830722972652048 ], [ 45.126078933896594, -12.830506150554335 ], [ 45.125841144027362, -12.830437539082002 ] ] ] ] } },
{ "type": "Feature", "properties": { "code_iris": "976060400", "nom_iris": "Malamani" }, "geometry": { "type": "MultiPolygon", "coordinates": [ [ [ [ 45.143618867146252, -12.920221399883886 ], [ 45.142498412845498, -12.921154320639506 ], [ 45.142305019473383, -12.921504380342125 ], [ 45.142064513235567, -12.921682653354319 ], [ 45.141951337681114, -12.922061605934786 ], [ 45.141982818605847, -12.922304838681249 ], [ 45.141696280625666, -12.922594362141432 ], [ 45.141522041149194, -12.922583605315031 ], [ 45.141406749441686, -12.922480580459689 ], [ 45.141104162071557, -12.922099140228687 ], [ 45.140954628278671, -12.921758309437221 ], [ 45.140870734361364, -12.921751120498875 ], [ 45.140750112140729, -12.922005286694327 ], [ 45.1405326242146, -12.922135619345239 ], [ 45.14031222455317, -12.922004618013865 ], [ 45.140158103231038, -12.921700864478247 ], [ 45.13927774932673, -12.921752879036003 ], [ 45.139370818746649, -12.921682295967846 ], [ 45.139362438212565, -12.921531286565498 ], [ 45.139043431604662, -12.921457306044392 ], [ 45.139215741330581, -12.921314338861016 ], [ 45.139168688659552, -12.92124654332984 ], [ 45.139456027002865, -12.92073547485996 ], [ 45.139659685351482, -12.920603341942456 ], [ 45.139946373490297, -12.920583294467606 ], [ 45.140195895063655, -12.920039691545016 ], [ 45.140551497028774, -12.919617204144107 ], [ 45.140847130469091, -12.919111555311989 ], [ 45.140932624386039, -12.918685595763503 ], [ 45.141144487635387, -12.918394304892301 ], [ 45.141215945282795, -12.917598504386252 ], [ 45.141587286886946, -12.917306222628245 ], [ 45.141894277823887, -12.917332280066466 ], [ 45.142336115470172, -12.917811305428279 ], [ 45.142783279465711, -12.917926808622484 ], [ 45.142960431465276, -12.918201611293993 ], [ 45.143065754336902, -12.918608477295571 ], [ 45.143285243956626, -12.91876298799558 ], [ 45.1434910154302, -12.919109212283603 ], [ 45.143724576608584, -12.919688723975192 ], [ 45.143745857447314, -12.919825257741111 ], [ 45.143652824579227, -12.919956428741228 ], [ 45.143618867146252, -12.920221399883886 ] ] ], [ [ [ 45.166668914790122, -12.911638809792612 ], [ 45.16686798439212, -12.912959827516781 ], [ 45.165303365010068, -12.92096545544238 ], [ 45.164072164820269, -12.927239177528849 ], [ 45.160196031515369, -12.926417791267054 ], [ 45.156692639330146, -12.926040122150658 ], [ 45.155124854215387, -12.925091570697225 ], [ 45.154293183967489, -12.924870516300057 ], [ 45.154143761596835, -12.924743101916908 ], [ 45.154052368258895, -12.924535172838832 ], [ 45.154386797101218, -12.92418954269594 ], [ 45.154502736509308, -12.923836807281894 ], [ 45.154462924186717, -12.923557410166966 ], [ 45.154626971892093, -12.923483162624834 ], [ 45.154882411353093, -12.923614130994579 ], [ 45.154967195214539, -12.923567962727695 ], [ 45.154796381954981, -12.923134916776458 ], [ 45.154987955466289, -12.922849956845509 ], [ 45.155035657851549, -12.922469229161212 ], [ 45.154927638674671, -12.922208862323812 ], [ 45.154547657357433, -12.921929666735128 ], [ 45.154061372987798, -12.92117850218288 ], [ 45.153578010723422, -12.920678723173845 ], [ 45.153713017918378, -12.919850328542369 ], [ 45.153877815915287, -12.919499373096489 ], [ 45.153816787937913, -12.919196477138398 ], [ 45.153655316543755, -12.918956939456359 ], [ 45.153723172241662, -12.918365504099743 ], [ 45.153435770449605, -12.917210010303869 ], [ 45.153506588879608, -12.916941399184406 ], [ 45.153311939908065, -12.916713636288065 ], [ 45.152694110345742, -12.916398406237949 ], [ 45.1526949569582, -12.916274520126938 ], [ 45.152518754369659, -12.916060309954137 ], [ 45.152009678213766, -12.915700705287943 ], [ 45.151494253031359, -12.915511106925296 ], [ 45.151574404338461, -12.915429675726605 ], [ 45.15114554352585, -12.915090821112136 ], [ 45.151281898310287, -12.914961430928235 ], [ 45.150948123916905, -12.914848589591665 ], [ 45.150975585328261, -12.914525747642374 ], [ 45.150884225538555, -12.914363030946204 ], [ 45.150647404980525, -12.91451689427825 ], [ 45.150541241847947, -12.914263758513295 ], [ 45.150240525231503, -12.913933871252281 ], [ 45.150233960008165, -12.913745785860229 ], [ 45.150087280015356, -12.91356501516405 ], [ 45.150193202072813, -12.913415748963388 ], [ 45.149964346887003, -12.913013478051001 ], [ 45.149897743080516, -12.912624678042075 ], [ 45.150035974300785, -12.912551352460984 ], [ 45.149849618135512, -12.912306400856128 ], [ 45.149818917607014, -12.911836195468213 ], [ 45.149680670031053, -12.911881488419706 ], [ 45.149537929915589, -12.91212301154105 ], [ 45.149420800980472, -12.912028129650359 ], [ 45.149548738654623, -12.911697091834196 ], [ 45.149338644772676, -12.911837374576429 ], [ 45.149062969935613, -12.911757051454137 ], [ 45.149141249852576, -12.911629504023299 ], [ 45.148764992204946, -12.911373808590636 ], [ 45.148794404052794, -12.911227299289697 ], [ 45.148851551483162, -12.91121731972834 ], [ 45.148834930762824, -12.911170306888518 ], [ 45.148771181336201, -12.910927997455298 ], [ 45.148526733372584, -12.910650524001399 ], [ 45.148569841809824, -12.9102824595263 ], [ 45.148471056647146, -12.910028414330188 ], [ 45.148570507288966, -12.909848407071603 ], [ 45.14865533474299, -12.90988181703125 ], [ 45.148762145869348, -12.90967829435963 ], [ 45.148796351161437, -12.909843757249995 ], [ 45.148996871474395, -12.909105754492813 ], [ 45.151280467939586, -12.9079849504338 ], [ 45.154146387216755, -12.907974233774004 ], [ 45.154948427977537, -12.908073229953867 ], [ 45.157667614603135, -12.907800321866166 ], [ 45.157843224587438, -12.908541721358953 ], [ 45.158018392621003, -12.908577786544248 ], [ 45.158967933268613, -12.908685723910649 ], [ 45.159981938718495, -12.908694148150667 ], [ 45.160415250791885, -12.908784310125222 ], [ 45.161263271378353, -12.90870240370475 ], [ 45.161807149741549, -12.908711110418922 ], [ 45.162756815198534, -12.90900893160687 ], [ 45.163383669688265, -12.909035668857705 ], [ 45.163687828776482, -12.908972179377169 ], [ 45.163872227869334, -12.909026320339523 ], [ 45.163964616035713, -12.909342758531192 ], [ 45.164490046988789, -12.909332481449569 ], [ 45.165006397285396, -12.90953200074178 ], [ 45.165264483334333, -12.909495666738838 ], [ 45.165568696036409, -12.909513559745509 ], [ 45.165984496813408, -12.909603723534769 ], [ 45.166395598460248, -12.909557344201767 ], [ 45.166668914790122, -12.911638809792612 ] ] ] ] } },
{ "type": "Feature", "properties": { "code_iris": "976170400", "nom_iris": "Miréréni" }, "geometry": { "type": "MultiPolygon", "coordinates": [ [ [ [ 45.163003711910271, -12.790147664839161 ], [ 45.162221448401162, -12.791579626920106 ], [ 45.152571973437915, -12.80427156917558 ], [ 45.147588804207345, -12.805797219711019 ], [ 45.147376450464598, -12.8050711998455 ], [ 45.146260325387672, -12.804619680686873 ], [ 45.14245399052745, -12.803211085562982 ], [ 45.140952447224905, -12.802262396238541 ], [ 45.141532423925206, -12.801321631153893 ], [ 45.138794171558246, -12.800057091520788 ], [ 45.138453190933724, -12.799957799756086 ], [ 45.138287285165973, -12.799866554278591 ], [ 45.138250353418982, -12.799729122624317 ], [ 45.138537829497309, -12.79971540740339 ], [ 45.13869175479558, -12.799803041897567 ], [ 45.138754404053898, -12.799789444671182 ], [ 45.138798601137054, -12.799732451561097 ], [ 45.138752474204651, -12.799630291862313 ], [ 45.138683409130962, -12.799706287998513 ], [ 45.138570050610269, -12.799662942042188 ], [ 45.138479576681767, -12.799342873376629 ], [ 45.138238900876914, -12.799002989272587 ], [ 45.138505857217062, -12.798535334705308 ], [ 45.138360034755017, -12.79809773823051 ], [ 45.138236524697369, -12.798023651817262 ], [ 45.13807974047738, -12.797759683297988 ], [ 45.138155217705233, -12.797614958423436 ], [ 45.138088805573005, -12.797485680720046 ], [ 45.13816059411193, -12.797335532074682 ], [ 45.138209223691625, -12.796958420446533 ], [ 45.13840723789999, -12.796794641262723 ], [ 45.13859796400331, -12.796783689641986 ], [ 45.138688173826914, -12.796621775479711 ], [ 45.139016404298729, -12.797002305834026 ], [ 45.139272459954718, -12.796825835420885 ], [ 45.139652743964128, -12.796355406901974 ], [ 45.140801406329956, -12.794089566069884 ], [ 45.141018563652864, -12.793561348482029 ], [ 45.141046058455863, -12.793296378724108 ], [ 45.140938236324068, -12.793262977897244 ], [ 45.140880078394389, -12.793064970900593 ], [ 45.140627508415896, -12.792871589072044 ], [ 45.140496672121998, -12.792875275959171 ], [ 45.140223092768814, -12.793011968413261 ], [ 45.140050772584495, -12.79297769723242 ], [ 45.14019528961277, -12.792719899623703 ], [ 45.140493629782746, -12.792372495942796 ], [ 45.140540563860782, -12.79226938260607 ], [ 45.140520173604585, -12.792053269705029 ], [ 45.140333005310936, -12.791826394211547 ], [ 45.140229786864325, -12.791785756365234 ], [ 45.139911896978361, -12.791768743848676 ], [ 45.139667902028052, -12.792085372464452 ], [ 45.139696544816374, -12.792230042663405 ], [ 45.139666159198995, -12.792267134387306 ], [ 45.139580465057172, -12.792259041214329 ], [ 45.139506691920708, -12.792146949094041 ], [ 45.139413600860415, -12.792091837033057 ], [ 45.139351757829758, -12.791892023048611 ], [ 45.139345034209747, -12.791392862039242 ], [ 45.139421410393524, -12.791211964936695 ], [ 45.139474621125942, -12.790793253458533 ], [ 45.139425718513408, -12.790667583887357 ], [ 45.139351072650065, -12.790643207685102 ], [ 45.13932247141603, -12.790573592953105 ], [ 45.138685693935656, -12.790393976158532 ], [ 45.138332711892303, -12.790227773352074 ], [ 45.138179746409726, -12.790199820752957 ], [ 45.137872022344112, -12.790235248886505 ], [ 45.137767873734127, -12.790176524872097 ], [ 45.137727286625839, -12.790091543396953 ], [ 45.137742003310116, -12.790044512953225 ], [ 45.137814749161848, -12.789963993688342 ], [ 45.138084668558861, -12.789877945529863 ], [ 45.138206203398326, -12.789716015064426 ], [ 45.138736839710717, -12.789566529611756 ], [ 45.138838156422281, -12.789501367858396 ], [ 45.138894318835561, -12.789424474162482 ], [ 45.138875812549401, -12.789280702784254 ], [ 45.138735634346745, -12.7890465670556 ], [ 45.13858171164707, -12.788951698180304 ], [ 45.138824927416898, -12.788898217519154 ], [ 45.139089170488724, -12.788544503311252 ], [ 45.139225474385761, -12.788434108762637 ], [ 45.139625233200491, -12.78821506073947 ], [ 45.140014893533248, -12.788063838763561 ], [ 45.140114341123677, -12.787952559037404 ], [ 45.140136347466267, -12.787759030599799 ], [ 45.14000351008125, -12.787470634587558 ], [ 45.13967073891785, -12.787190483001629 ], [ 45.139734063692266, -12.786735594642348 ], [ 45.139816017231126, -12.786646931387157 ], [ 45.139951431797932, -12.78659712395695 ], [ 45.14047941492511, -12.786661951737534 ], [ 45.140663648156519, -12.786586797988813 ], [ 45.140782447735319, -12.786482741957748 ], [ 45.141493131024617, -12.785374613863631 ], [ 45.141552910207764, -12.78517744788407 ], [ 45.141602346144069, -12.784606818141945 ], [ 45.141737644272524, -12.784350833103694 ], [ 45.141813162937297, -12.784291109773106 ], [ 45.142030565719523, -12.784220458665462 ], [ 45.142469114673844, -12.784183146557362 ], [ 45.142622994276799, -12.784203861946345 ], [ 45.142806418563012, -12.784333075335464 ], [ 45.143034246231757, -12.784777859631546 ], [ 45.143229634137214, -12.784880841993031 ], [ 45.143377977342098, -12.784886187114424 ], [ 45.144095597393942, -12.784665150835494 ], [ 45.145039717823629, -12.784173607291494 ], [ 45.145236843359719, -12.784092113290807 ], [ 45.14538150326257, -12.784101980737478 ], [ 45.145837695419473, -12.784305192832601 ], [ 45.14599802282774, -12.78432228554929 ], [ 45.147633391388503, -12.784227329939622 ], [ 45.147976150677096, -12.784247032152779 ], [ 45.148265497227825, -12.784311978133822 ], [ 45.148664557282217, -12.784498036020437 ], [ 45.149448022878644, -12.785015747937965 ], [ 45.150403025871633, -12.785802836251584 ], [ 45.150769856844789, -12.786014229206328 ], [ 45.151620452915466, -12.786299495268873 ], [ 45.152173285404416, -12.786314549741146 ], [ 45.152563134427439, -12.786495181251158 ], [ 45.152729903994022, -12.786496893308847 ], [ 45.152874522528116, -12.786435318255768 ], [ 45.153120310482734, -12.786072558011655 ], [ 45.153238200193712, -12.78599652973878 ], [ 45.153801129392548, -12.78594917937972 ], [ 45.154118122625178, -12.786017719909472 ], [ 45.154325547540779, -12.786209306731106 ], [ 45.15448051172168, -12.786494969588604 ], [ 45.154527007693808, -12.787197570554508 ], [ 45.154566715953841, -12.787344041193688 ], [ 45.154721648619677, -12.787576351176023 ], [ 45.154926285221336, -12.787725437803468 ], [ 45.155480201690239, -12.788000918258547 ], [ 45.1558047159116, -12.788309087347166 ], [ 45.155932822596, -12.788365981481277 ], [ 45.156357523977526, -12.788277110283614 ], [ 45.156554699107183, -12.788276993315739 ], [ 45.157524127839793, -12.788498869750198 ], [ 45.158187658727513, -12.788719117688363 ], [ 45.15860690836724, -12.788753228646124 ], [ 45.158796699798053, -12.78873231592708 ], [ 45.159097011557961, -12.78863899377594 ], [ 45.159665244602159, -12.788227201573745 ], [ 45.159995008223341, -12.788084125005264 ], [ 45.160291691447895, -12.788083040579005 ], [ 45.160900803779171, -12.788211077880229 ], [ 45.161223388462737, -12.788371843264624 ], [ 45.161405926117666, -12.78853631112554 ], [ 45.161974079012332, -12.789450192874519 ], [ 45.162551253705878, -12.790057515842561 ], [ 45.162732841342851, -12.790174056335383 ], [ 45.16289316825457, -12.790183000176896 ], [ 45.163003711910271, -12.790147664839161 ] ] ] ] } },
{ "type": "Feature", "properties": { "code_iris": "976090400", "nom_iris": "Mronabéja" }, "geometry": { "type": "MultiPolygon", "coordinates": [ [ [ [ 45.1246137597768, -12.981420608884271 ], [ 45.124821969049236, -12.981055183540539 ], [ 45.12510081956691, -12.979972637076534 ], [ 45.12504269725936, -12.979910270315967 ], [ 45.124639885708675, -12.980187170611114 ], [ 45.124560971186455, -12.980959455932407 ], [ 45.124470632061943, -12.981010138360764 ], [ 45.124333185645803, -12.980898074486912 ], [ 45.124135878814663, -12.980937052387063 ], [ 45.124047413377582, -12.981047415666477 ], [ 45.123990363321766, -12.981287978975489 ], [ 45.124172083872793, -12.981428054295431 ], [ 45.124236702250407, -12.981573611075131 ], [ 45.124270171894253, -12.982126104678262 ], [ 45.122767701462401, -12.981338293883555 ], [ 45.12169515132048, -12.981002409075124 ], [ 45.120995120261227, -12.980654591261356 ], [ 45.120434450129409, -12.980565328621783 ], [ 45.119603505349325, -12.980257355544396 ], [ 45.119196140498055, -12.980668081697454 ], [ 45.117704152750193, -12.980550301610297 ], [ 45.117296636296047, -12.980645434192599 ], [ 45.117213688988237, -12.980731377360499 ], [ 45.117022813723352, -12.980723324866533 ], [ 45.116954015521692, -12.973598600150165 ], [ 45.118123642381384, -12.970659188257004 ], [ 45.117846355703911, -12.96923056412575 ], [ 45.123890810191924, -12.970178147310797 ], [ 45.126404615672243, -12.972617567956974 ], [ 45.126018297664075, -12.974494118752684 ], [ 45.126456193956798, -12.974330233182302 ], [ 45.126892692116982, -12.975047107942277 ], [ 45.126970166517239, -12.975088666633933 ], [ 45.127052211778739, -12.975052455729815 ], [ 45.127429348461781, -12.975077590908173 ], [ 45.12748834714386, -12.975051338137911 ], [ 45.127497622135969, -12.975158037617019 ], [ 45.129180104831036, -12.976395155163518 ], [ 45.128445244353514, -12.978245657866104 ], [ 45.128624597800815, -12.979161595874633 ], [ 45.126786160925327, -12.981350834366928 ], [ 45.1246137597768, -12.981420608884271 ] ] ] ] } },
{ "type": "Feature", "properties": { "code_iris": "976100400", "nom_iris": "Trévani" }, "geometry": { "type": "MultiPolygon", "coordinates": [ [ [ [ 45.192471421145086, -12.729159194143021 ], [ 45.192680571665399, -12.72922053351153 ], [ 45.192731476002415, -12.729538805029648 ], [ 45.192627630048676, -12.729864423401915 ], [ 45.192708777313747, -12.729976495791925 ], [ 45.193293957648905, -12.730292569339907 ], [ 45.193535266508412, -12.730243561703851 ], [ 45.193553822887644, -12.730418979541541 ], [ 45.193755770785167, -12.730698256113042 ], [ 45.195032742382786, -12.731000254478092 ], [ 45.196196272463183, -12.731119665056303 ], [ 45.19630319012326, -12.731200067227764 ], [ 45.196656416576019, -12.730546911144643 ], [ 45.196932646341416, -12.730390264528237 ], [ 45.197080818179145, -12.730213818665522 ], [ 45.197250431710422, -12.730367420917782 ], [ 45.197467862233673, -12.730412473167966 ], [ 45.197872976226144, -12.730154449497688 ], [ 45.198123497082662, -12.73010723938331 ], [ 45.198231410520009, -12.730283494280203 ], [ 45.19827230083569, -12.730745553466878 ], [ 45.198557103816661, -12.730953325718664 ], [ 45.198858389684929, -12.731034485344917 ], [ 45.199593503031721, -12.731059252354726 ], [ 45.200719095835993, -12.730960738895213 ], [ 45.200993469754998, -12.73078962092108 ], [ 45.200928491758013, -12.730159383453705 ], [ 45.201271760316359, -12.729744960202559 ], [ 45.201493596920997, -12.729536805941333 ], [ 45.20163361032612, -12.729532177968535 ], [ 45.201732051984322, -12.729376565956576 ], [ 45.201815933650245, -12.729447036305029 ], [ 45.201726693657555, -12.729589981346431 ], [ 45.201826403936742, -12.729873850937206 ], [ 45.201973962866504, -12.730091671182038 ], [ 45.20229836534282, -12.730283132056162 ], [ 45.202269228395707, -12.730712689736878 ], [ 45.202209445577125, -12.730830292448996 ], [ 45.20219396265145, -12.73105366268547 ], [ 45.202103777523931, -12.731166767155781 ], [ 45.202011862350147, -12.731421845670551 ], [ 45.201896833281829, -12.731570236136818 ], [ 45.201830942303495, -12.732118283095639 ], [ 45.201850431427857, -12.732300933814878 ], [ 45.201763394599674, -12.732901445376843 ], [ 45.201819104309678, -12.733456633884925 ], [ 45.202012722166344, -12.733671706056448 ], [ 45.202113366351902, -12.733969138985394 ], [ 45.202239627538773, -12.734044098224816 ], [ 45.202101614474891, -12.734251284835924 ], [ 45.201822672491765, -12.734473951675239 ], [ 45.201799951906168, -12.734864620048123 ], [ 45.201920661300115, -12.734907933691975 ], [ 45.201995403179552, -12.735067030809715 ], [ 45.202076401395608, -12.736146685021636 ], [ 45.202157675906086, -12.736411578397773 ], [ 45.20224339165577, -12.736468482867712 ], [ 45.20240827880059, -12.736461122576621 ], [ 45.20267348791544, -12.7363433626681 ], [ 45.202677360896026, -12.736580282290417 ], [ 45.202631396941023, -12.736700587337012 ], [ 45.202096753571752, -12.737418093763333 ], [ 45.201839446401642, -12.738210443413974 ], [ 45.201500978614462, -12.738884393307991 ], [ 45.201141234443377, -12.73944803621435 ], [ 45.200505211925822, -12.740118593648866 ], [ 45.200235470670862, -12.740336730435114 ], [ 45.200166491136699, -12.740477851001835 ], [ 45.200181316995227, -12.740588162501545 ], [ 45.200035768133816, -12.740590081119175 ], [ 45.200024645594063, -12.74050327820974 ], [ 45.199760084384224, -12.740279215453654 ], [ 45.199448686580652, -12.740239661779157 ], [ 45.199257883793543, -12.740094215674512 ], [ 45.19902942202669, -12.740089866150754 ], [ 45.19885796624061, -12.739946213771214 ], [ 45.198717928026795, -12.739926424687274 ], [ 45.198384511987932, -12.740002634718541 ], [ 45.198186392360526, -12.739924110378038 ], [ 45.197881447128303, -12.739889071440746 ], [ 45.197590409675975, -12.739969770210665 ], [ 45.197292883743927, -12.739998929270827 ], [ 45.197162883062703, -12.739855244873176 ], [ 45.196843215558488, -12.739841918536827 ], [ 45.196639641116668, -12.739856538416031 ], [ 45.196068600234199, -12.739992604769746 ], [ 45.195970946528192, -12.739984538530253 ], [ 45.195816252573081, -12.740073272933449 ], [ 45.195760965835781, -12.740054323850968 ], [ 45.195689165457921, -12.740124006876007 ], [ 45.195561123111723, -12.74013043150924 ], [ 45.194451389445057, -12.739337287033917 ], [ 45.194196288023299, -12.737010749044552 ], [ 45.194977394230548, -12.735720664386243 ], [ 45.194267623018476, -12.735120740786167 ], [ 45.193128835167762, -12.734853001178633 ], [ 45.191927770574829, -12.733841074926303 ], [ 45.19159939444009, -12.73326076149222 ], [ 45.191297967759901, -12.731763482607029 ], [ 45.192471421145086, -12.729159194143021 ] ] ] ] } },
{ "type": "Feature", "properties": { "code_iris": "976110401", "nom_iris": "Passamainty-Marindrini-Mhogoni" }, "geometry": { "type": "MultiPolygon", "coordinates": [ [ [ [ 45.237836951986061, -12.810090715843558 ], [ 45.237912620632706, -12.810207299312259 ], [ 45.238249972259695, -12.810312794783698 ], [ 45.238535587441312, -12.810274556541996 ], [ 45.238680140881286, -12.810152348069463 ], [ 45.238626458302726, -12.809899198973378 ], [ 45.239041055046215, -12.80983823633451 ], [ 45.239050474149764, -12.810055254421822 ], [ 45.239129821478656, -12.810163695693504 ], [ 45.239225655247751, -12.810166321479208 ], [ 45.239291282412012, -12.810382384200418 ], [ 45.239940271444127, -12.810682918054267 ], [ 45.239881939852509, -12.811361179353069 ], [ 45.240238982845142, -12.811823843887217 ], [ 45.240267740899363, -12.812027280071367 ], [ 45.239804820919076, -12.81263537656093 ], [ 45.239855778548623, -12.812928316023431 ], [ 45.239758483053912, -12.81332990381331 ], [ 45.239688549997496, -12.813433959393361 ], [ 45.239505205639993, -12.813463063135728 ], [ 45.239392965257181, -12.81365215920003 ], [ 45.23932684929288, -12.813895469930184 ], [ 45.239437472364614, -12.813945104591424 ], [ 45.23938975841827, -12.81415946171888 ], [ 45.239195494950508, -12.81433597239147 ], [ 45.238872876808266, -12.814225943503837 ], [ 45.238643241268136, -12.814024497921279 ], [ 45.238433117644163, -12.813993942890534 ], [ 45.238216650856039, -12.814077332387296 ], [ 45.237880701026647, -12.81448908241239 ], [ 45.238019252615942, -12.81484162535523 ], [ 45.237906884919077, -12.814896887857376 ], [ 45.237792469801562, -12.814734221308864 ], [ 45.237498596062636, -12.814814967307177 ], [ 45.237273182702502, -12.815185924329551 ], [ 45.237042007303373, -12.815308210063 ], [ 45.23705408454498, -12.815413095365793 ], [ 45.236677386921173, -12.815611471102137 ], [ 45.236590869655622, -12.815720062171616 ], [ 45.23646798936975, -12.816360400989495 ], [ 45.236156398827852, -12.816219613473139 ], [ 45.236114741187059, -12.816014379874495 ], [ 45.235928392734586, -12.815788477616033 ], [ 45.235525634387166, -12.815709261899354 ], [ 45.235351584884, -12.815826973654541 ], [ 45.235191202124149, -12.815777381750529 ], [ 45.235071459063327, -12.815829936813042 ], [ 45.234712304101635, -12.816068082308536 ], [ 45.23418298358321, -12.816640057176622 ], [ 45.234226332316013, -12.816682519644603 ], [ 45.233874486264689, -12.816854645253018 ], [ 45.233573019421691, -12.816699377233377 ], [ 45.232867286006524, -12.816829314281613 ], [ 45.23283766328705, -12.816681943247472 ], [ 45.232910246499287, -12.816449479691522 ], [ 45.23294156924478, -12.816441313473467 ], [ 45.232920322918353, -12.816384362789018 ], [ 45.232996653389641, -12.816218812432043 ], [ 45.232969538284806, -12.815792017405595 ], [ 45.232679673915342, -12.815224387438814 ], [ 45.232683971673858, -12.81488708806371 ], [ 45.232596258467723, -12.814698171543048 ], [ 45.232632894908527, -12.814455792739304 ], [ 45.232494437226926, -12.814197291627819 ], [ 45.232211330871465, -12.813962429290685 ], [ 45.231766102994072, -12.813789200309502 ], [ 45.231485053718551, -12.813787639039415 ], [ 45.231051241902577, -12.814006855388028 ], [ 45.23086970438203, -12.813997971881903 ], [ 45.230639888541923, -12.813591248282034 ], [ 45.230661737187681, -12.813298243096128 ], [ 45.230924206710732, -12.813135242972489 ], [ 45.231026294895095, -12.812921743816277 ], [ 45.231137739339495, -12.812863772209452 ], [ 45.231285595206366, -12.812315649929593 ], [ 45.23179380176537, -12.811833222848048 ], [ 45.232095579771311, -12.811329274174614 ], [ 45.232064410285155, -12.810497365885464 ], [ 45.231638192273245, -12.80994432299353 ], [ 45.231812133753103, -12.809710866177632 ], [ 45.231779408528524, -12.809191839343249 ], [ 45.231669665007509, -12.809092465315553 ], [ 45.231577178945159, -12.808719079778552 ], [ 45.231498845032966, -12.808707393033991 ], [ 45.23143145712249, -12.808573619090398 ], [ 45.231129121416892, -12.808463562664903 ], [ 45.231064486576841, -12.80831712630919 ], [ 45.231066964232795, -12.808002435304518 ], [ 45.230970866984833, -12.807709533438874 ], [ 45.231012174731099, -12.807536780055868 ], [ 45.231145691953216, -12.807435383740589 ], [ 45.231232923353858, -12.807099819919005 ], [ 45.231372879636822, -12.80698666221913 ], [ 45.231675129428758, -12.807004482093927 ], [ 45.232399408632183, -12.80602541490369 ], [ 45.232855253835446, -12.805733834700767 ], [ 45.233290053777175, -12.805604138175081 ], [ 45.233329467675937, -12.805378033689607 ], [ 45.233600990152986, -12.805050444290153 ], [ 45.233869916011244, -12.804905521139219 ], [ 45.234572983587988, -12.804918460179465 ], [ 45.234632788227259, -12.804822553421129 ], [ 45.235044517122866, -12.804657607727384 ], [ 45.235344918934295, -12.804672712249566 ], [ 45.23554479292784, -12.804589340008876 ], [ 45.235626143662095, -12.804874114894812 ], [ 45.235720135069243, -12.804879456473603 ], [ 45.235840067882563, -12.805036693530731 ], [ 45.236061139208346, -12.804957823310545 ], [ 45.236236316314404, -12.805069796761419 ], [ 45.236505373881364, -12.807044498646762 ], [ 45.236782270142811, -12.807540698466921 ], [ 45.237008180378751, -12.807707786685024 ], [ 45.237283748312954, -12.807767220895656 ], [ 45.237607511089699, -12.808125023038652 ], [ 45.237171916269048, -12.808392177655808 ], [ 45.237062553908217, -12.80870244343286 ], [ 45.236788266103595, -12.809028230231988 ], [ 45.236627415650553, -12.809460619626401 ], [ 45.236650737150569, -12.809766244573396 ], [ 45.237007308904566, -12.809733369883356 ], [ 45.237469744278194, -12.809590077377361 ], [ 45.237461386014004, -12.809520455525627 ], [ 45.237756223433117, -12.809491252601225 ], [ 45.237811546142666, -12.809529182312096 ], [ 45.23780715511009, -12.809759777104476 ], [ 45.237836951986061, -12.810090715843558 ] ] ], [ [ [ 45.215978581064086, -12.797558153566452 ], [ 45.21588610701356, -12.798250003375538 ], [ 45.215832149453874, -12.799810834375295 ], [ 45.215989119853432, -12.800197737454182 ], [ 45.216397122755794, -12.79997947132704 ], [ 45.216600448309983, -12.799618496706454 ], [ 45.216660399858959, -12.799688076955066 ], [ 45.21658966061964, -12.799934099165124 ], [ 45.216444284753955, -12.800178374110295 ], [ 45.215855787862189, -12.800519770256319 ], [ 45.215407898874069, -12.801513035787181 ], [ 45.214694388900142, -12.802215339100293 ], [ 45.214215079863358, -12.802017692002757 ], [ 45.214085025298552, -12.801859548775608 ], [ 45.21398830994697, -12.801900319925211 ], [ 45.21394404035253, -12.801851524775531 ], [ 45.213790276590927, -12.801987291531436 ], [ 45.214381285662718, -12.802430812590028 ], [ 45.213987302103654, -12.802890506899537 ], [ 45.213854531712315, -12.802790239672341 ], [ 45.213784535123452, -12.802828276222133 ], [ 45.213681317569403, -12.802807561526963 ], [ 45.213622273800432, -12.802721702847037 ], [ 45.213660871769086, -12.802600498082539 ], [ 45.213532719449731, -12.802512886856196 ], [ 45.213237764526752, -12.802396473671266 ], [ 45.212900409054996, -12.802262008823352 ], [ 45.212937150792371, -12.802124528622416 ], [ 45.212925000769758, -12.801920171234739 ], [ 45.212491592229895, -12.801516308093591 ], [ 45.211163358605916, -12.800963052382711 ], [ 45.21133996821483, -12.800598486012959 ], [ 45.211614366933318, -12.800376717228703 ], [ 45.212102245775483, -12.799809341511194 ], [ 45.212233989653626, -12.799786628443165 ], [ 45.212470820565244, -12.799818087392238 ], [ 45.212600931396111, -12.800045860972892 ], [ 45.212888628746299, -12.800301539889405 ], [ 45.213083792087268, -12.800089780673767 ], [ 45.213754924033786, -12.800491641614371 ], [ 45.214391798183328, -12.800695491426705 ], [ 45.214384212167367, -12.800441395003611 ], [ 45.214211782177294, -12.800294137638351 ], [ 45.214168342676267, -12.800136828273819 ], [ 45.213818974744655, -12.799958968875139 ], [ 45.213530512931285, -12.799890477513294 ], [ 45.213250119898049, -12.799555216756954 ], [ 45.213228106167371, -12.799674599506988 ], [ 45.212930212171976, -12.799345682514199 ], [ 45.212878476341423, -12.799182953935382 ], [ 45.212753135755314, -12.799149596799113 ], [ 45.2123952322574, -12.798678755659859 ], [ 45.212552354858616, -12.798154146616403 ], [ 45.212515468095148, -12.79811800516422 ], [ 45.212736024939353, -12.797423340202737 ], [ 45.213009697933984, -12.79744030048573 ], [ 45.21322259287539, -12.797498906538889 ], [ 45.213403349649056, -12.796593575973459 ], [ 45.213118591827097, -12.796542262406231 ], [ 45.212951760426044, -12.79647457624068 ], [ 45.212932328990448, -12.796376929692457 ], [ 45.213003963431163, -12.796096544993054 ], [ 45.213869230055842, -12.796176325284982 ], [ 45.215015679638775, -12.796437633779467 ], [ 45.215828434734455, -12.796525588960534 ], [ 45.215880111129515, -12.796616878910402 ], [ 45.215958423736993, -12.796608676239492 ], [ 45.215989694616958, -12.796541733905114 ], [ 45.216211761924214, -12.79655149891923 ], [ 45.215978581064086, -12.797558153566452 ] ] ] ] } },
{ "type": "Feature", "properties": { "code_iris": "976110402", "nom_iris": "Passamainty-Tanamalaza" }, "geometry": { "type": "MultiPolygon", "coordinates": [ [ [ [ 45.206850202277742, -12.800993601994733 ], [ 45.207017714580303, -12.800764687584451 ], [ 45.207359268756498, -12.800405419836643 ], [ 45.207471484685961, -12.80016388872601 ], [ 45.207549743236548, -12.80008786757155 ], [ 45.207687000679002, -12.800046162544685 ], [ 45.208149561259241, -12.800055744656028 ], [ 45.208174237092408, -12.799808856704452 ], [ 45.208020326885247, -12.799768285641125 ], [ 45.208057034616061, -12.799586496363082 ], [ 45.207983202656955, -12.799441869827206 ], [ 45.208010793289823, -12.799378548442396 ], [ 45.207965572740832, -12.799291773240904 ], [ 45.208033733097921, -12.799261878198926 ], [ 45.208197738525342, -12.799253610158903 ], [ 45.208376445769275, -12.799195594986552 ], [ 45.209265780729929, -12.799399257573233 ], [ 45.20934044233551, -12.799431752355774 ], [ 45.209398579629699, -12.799538411210502 ], [ 45.209442082491215, -12.799776202285058 ], [ 45.20956469605639, -12.799854777165365 ], [ 45.209675223679675, -12.799803145284466 ], [ 45.209745128158964, -12.799653883453837 ], [ 45.209831682357041, -12.799582376428218 ], [ 45.21008326297931, -12.799622868585756 ], [ 45.210606527566071, -12.799501277398379 ], [ 45.21112603752065, -12.799297398710356 ], [ 45.211241232615009, -12.799319009115573 ], [ 45.211317828370944, -12.799460919657143 ], [ 45.211438622113882, -12.799566623518068 ], [ 45.211973115081911, -12.799651196435011 ], [ 45.212233989653626, -12.799786628443165 ], [ 45.212102245775483, -12.799809341511194 ], [ 45.211614366933318, -12.800376717228703 ], [ 45.21133996821483, -12.800598486012959 ], [ 45.211163358605916, -12.800963052382711 ], [ 45.212491592229895, -12.801516308093591 ], [ 45.212925000769758, -12.801920171234739 ], [ 45.212937150792371, -12.802124528622416 ], [ 45.212900409054996, -12.802262008823352 ], [ 45.213237764526752, -12.802396473671266 ], [ 45.212833367875035, -12.802527921206723 ], [ 45.21106915003422, -12.80291004223159 ], [ 45.21085956551039, -12.802404717679467 ], [ 45.210890821900541, -12.802317881805466 ], [ 45.210814178164874, -12.802119001591949 ], [ 45.210717391585732, -12.802074769306373 ], [ 45.210812148256188, -12.801893837548514 ], [ 45.210972985778923, -12.801398163478284 ], [ 45.210475227870539, -12.801170683034332 ], [ 45.210220858912564, -12.801103065107482 ], [ 45.209048772476052, -12.801059687896096 ], [ 45.209028455741269, -12.801004542937024 ], [ 45.208970391226373, -12.800986503393398 ], [ 45.208918801986982, -12.800999204221464 ], [ 45.208898572373975, -12.801049859937768 ], [ 45.206850202277742, -12.800993601994733 ] ] ] ] } },
{ "type": "Feature", "properties": { "code_iris": "976110403", "nom_iris": "Passamainty-Stade" }, "geometry": { "type": "MultiPolygon", "coordinates": [ [ [ [ 45.213987302103654, -12.802890506899537 ], [ 45.213853807672905, -12.803024448667745 ], [ 45.213627129891798, -12.803017398332603 ], [ 45.213328730382266, -12.80318854896449 ], [ 45.211251139282304, -12.804578292318897 ], [ 45.211169416789524, -12.804921079804055 ], [ 45.210908841153127, -12.80515097557608 ], [ 45.210725442035049, -12.805111334052107 ], [ 45.210711793218763, -12.805319329272683 ], [ 45.210253379424188, -12.805877636068336 ], [ 45.209931539131141, -12.806679988726129 ], [ 45.209627132596189, -12.80628053961653 ], [ 45.209730061933534, -12.805951299916737 ], [ 45.210069848083606, -12.80567884099721 ], [ 45.210096381108187, -12.805450941380359 ], [ 45.210016180011301, -12.805407599915799 ], [ 45.209446860155701, -12.805564493589495 ], [ 45.209379436877896, -12.805372839910667 ], [ 45.210061121597391, -12.805155270070593 ], [ 45.209479210634385, -12.804569760249112 ], [ 45.20901419552731, -12.803827715959393 ], [ 45.207544568518635, -12.803900315964423 ], [ 45.205840534746891, -12.803527281037438 ], [ 45.2055244887189, -12.803533857744704 ], [ 45.205485747565227, -12.803483248287117 ], [ 45.205401907520539, -12.803495973587211 ], [ 45.205153985323335, -12.803425632928283 ], [ 45.205146485193936, -12.803266485489971 ], [ 45.204727112227161, -12.803115796950847 ], [ 45.204464489958859, -12.803097915298389 ], [ 45.204212777151319, -12.802896456074386 ], [ 45.203922223741614, -12.802519596326228 ], [ 45.204455887184309, -12.801569688610352 ], [ 45.204465035861006, -12.801488296297462 ], [ 45.20471378402933, -12.801442889145198 ], [ 45.203921016761122, -12.801017587909259 ], [ 45.203796316774458, -12.800634269566446 ], [ 45.203831176098682, -12.800441630909893 ], [ 45.203962695100984, -12.800137690974811 ], [ 45.20534808349786, -12.800747908425768 ], [ 45.20551305901823, -12.800798419496154 ], [ 45.20553607040155, -12.800768560302881 ], [ 45.205634664013203, -12.800770291939692 ], [ 45.205687267147361, -12.800871530258664 ], [ 45.205831972251715, -12.800922961229238 ], [ 45.206260482202381, -12.800982308635891 ], [ 45.206850202277742, -12.800993601994733 ], [ 45.208898572373975, -12.801049859937768 ], [ 45.208918801986982, -12.800999204221464 ], [ 45.208970391226373, -12.800986503393398 ], [ 45.209028455741269, -12.801004542937024 ], [ 45.209048772476052, -12.801059687896096 ], [ 45.210220858912564, -12.801103065107482 ], [ 45.210475227870539, -12.801170683034332 ], [ 45.210972985778923, -12.801398163478284 ], [ 45.210812148256188, -12.801893837548514 ], [ 45.210717391585732, -12.802074769306373 ], [ 45.210814178164874, -12.802119001591949 ], [ 45.210890821900541, -12.802317881805466 ], [ 45.21085956551039, -12.802404717679467 ], [ 45.21106915003422, -12.80291004223159 ], [ 45.212833367875035, -12.802527921206723 ], [ 45.213237764526752, -12.802396473671266 ], [ 45.213532719449731, -12.802512886856196 ], [ 45.213660871769086, -12.802600498082539 ], [ 45.213622273800432, -12.802721702847037 ], [ 45.213681317569403, -12.802807561526963 ], [ 45.213784535123452, -12.802828276222133 ], [ 45.213854531712315, -12.802790239672341 ], [ 45.213987302103654, -12.802890506899537 ] ] ] ] } },
{ "type": "Feature", "properties": { "code_iris": "976110404", "nom_iris": "Passamainty-Manguiers-Tsoundzou 1-Légion" }, "geometry": { "type": "MultiPolygon", "coordinates": [ [ [ [ 45.203922223741614, -12.802519596326228 ], [ 45.203169691143664, -12.802862899879914 ], [ 45.201869909217272, -12.803310613417517 ], [ 45.199239768012298, -12.800486739411483 ], [ 45.198082645355171, -12.799540830018822 ], [ 45.198789101613919, -12.799193958587754 ], [ 45.198667341558959, -12.799024045652081 ], [ 45.199044817191371, -12.798634920156692 ], [ 45.199265424281514, -12.797956542970157 ], [ 45.19923698703321, -12.796943770090893 ], [ 45.199728587990755, -12.796395403910614 ], [ 45.200039305721944, -12.796653792569858 ], [ 45.201382383703496, -12.795070278624788 ], [ 45.201068835078601, -12.794726891275056 ], [ 45.201950789969409, -12.793787573658605 ], [ 45.20439597950692, -12.796974182555434 ], [ 45.206155228705875, -12.79504940792161 ], [ 45.20925232046838, -12.796483869059276 ], [ 45.21035738312834, -12.796841084410872 ], [ 45.210607065774482, -12.796818278019675 ], [ 45.210801586333204, -12.796942913178521 ], [ 45.21115736178497, -12.797077366132953 ], [ 45.211573897069876, -12.797147565947995 ], [ 45.211905686377584, -12.797245865930961 ], [ 45.212140653923754, -12.797255623995772 ], [ 45.212288144362297, -12.797333273325391 ], [ 45.212344422929768, -12.797420038872607 ], [ 45.212297727824073, -12.796673141167409 ], [ 45.212509454550485, -12.796437857730055 ], [ 45.212638110540105, -12.796030827932762 ], [ 45.213003963431163, -12.796096544993054 ], [ 45.212932328990448, -12.796376929692457 ], [ 45.212951760426044, -12.79647457624068 ], [ 45.213118591827097, -12.796542262406231 ], [ 45.213403349649056, -12.796593575973459 ], [ 45.21322259287539, -12.797498906538889 ], [ 45.213009697933984, -12.79744030048573 ], [ 45.212736024939353, -12.797423340202737 ], [ 45.212515468095148, -12.79811800516422 ], [ 45.212552354858616, -12.798154146616403 ], [ 45.2123952322574, -12.798678755659859 ], [ 45.212753135755314, -12.799149596799113 ], [ 45.212878476341423, -12.799182953935382 ], [ 45.212930212171976, -12.799345682514199 ], [ 45.213228106167371, -12.799674599506988 ], [ 45.213250119898049, -12.799555216756954 ], [ 45.213530512931285, -12.799890477513294 ], [ 45.213818974744655, -12.799958968875139 ], [ 45.214168342676267, -12.800136828273819 ], [ 45.214211782177294, -12.800294137638351 ], [ 45.214384212167367, -12.800441395003611 ], [ 45.214391798183328, -12.800695491426705 ], [ 45.213754924033786, -12.800491641614371 ], [ 45.213083792087268, -12.800089780673767 ], [ 45.212888628746299, -12.800301539889405 ], [ 45.212600931396111, -12.800045860972892 ], [ 45.212470820565244, -12.799818087392238 ], [ 45.212233989653626, -12.799786628443165 ], [ 45.211973115081911, -12.799651196435011 ], [ 45.211438622113882, -12.799566623518068 ], [ 45.211317828370944, -12.799460919657143 ], [ 45.211241232615009, -12.799319009115573 ], [ 45.21112603752065, -12.799297398710356 ], [ 45.210606527566071, -12.799501277398379 ], [ 45.21008326297931, -12.799622868585756 ], [ 45.209831682357041, -12.799582376428218 ], [ 45.209745128158964, -12.799653883453837 ], [ 45.209675223679675, -12.799803145284466 ], [ 45.20956469605639, -12.799854777165365 ], [ 45.209442082491215, -12.799776202285058 ], [ 45.209398579629699, -12.799538411210502 ], [ 45.20934044233551, -12.799431752355774 ], [ 45.209265780729929, -12.799399257573233 ], [ 45.208376445769275, -12.799195594986552 ], [ 45.208197738525342, -12.799253610158903 ], [ 45.208033733097921, -12.799261878198926 ], [ 45.207965572740832, -12.799291773240904 ], [ 45.208010793289823, -12.799378548442396 ], [ 45.207983202656955, -12.799441869827206 ], [ 45.208057034616061, -12.799586496363082 ], [ 45.208020326885247, -12.799768285641125 ], [ 45.208174237092408, -12.799808856704452 ], [ 45.208149561259241, -12.800055744656028 ], [ 45.207687000679002, -12.800046162544685 ], [ 45.207549743236548, -12.80008786757155 ], [ 45.207471484685961, -12.80016388872601 ], [ 45.207359268756498, -12.800405419836643 ], [ 45.207017714580303, -12.800764687584451 ], [ 45.206850202277742, -12.800993601994733 ], [ 45.206260482202381, -12.800982308635891 ], [ 45.205831972251715, -12.800922961229238 ], [ 45.205687267147361, -12.800871530258664 ], [ 45.205634664013203, -12.800770291939692 ], [ 45.20553607040155, -12.800768560302881 ], [ 45.20551305901823, -12.800798419496154 ], [ 45.20534808349786, -12.800747908425768 ], [ 45.203962695100984, -12.800137690974811 ], [ 45.203831176098682, -12.800441630909893 ], [ 45.203796316774458, -12.800634269566446 ], [ 45.203921016761122, -12.801017587909259 ], [ 45.20471378402933, -12.801442889145198 ], [ 45.204465035861006, -12.801488296297462 ], [ 45.204455887184309, -12.801569688610352 ], [ 45.203922223741614, -12.802519596326228 ] ] ] ] } },
{ "type": "Feature", "properties": { "code_iris": "976020500", "nom_iris": "Bouyouni" }, "geometry": { "type": "MultiPolygon", "coordinates": [ [ [ [ 45.126330064876896, -12.727625534826133 ], [ 45.126772277789001, -12.727737455340597 ], [ 45.128381594265107, -12.727831630596331 ], [ 45.128788681074852, -12.727699406901023 ], [ 45.12912474295932, -12.727379125234037 ], [ 45.129435176141378, -12.727383495184338 ], [ 45.129575235591219, -12.727468429820203 ], [ 45.129725528530358, -12.727751398511693 ], [ 45.129873223474291, -12.728359007874458 ], [ 45.130288968633998, -12.728947495358932 ], [ 45.130287485852897, -12.729651936587988 ], [ 45.130617798504531, -12.730696226683902 ], [ 45.130734873480989, -12.730864366501944 ], [ 45.130975341249666, -12.730945633618724 ], [ 45.131082200071369, -12.730951006480685 ], [ 45.131193530892304, -12.730695942124182 ], [ 45.132070902270584, -12.729718874955696 ], [ 45.132318664652679, -12.72965725970978 ], [ 45.132595111824344, -12.729843404810335 ], [ 45.133328770203946, -12.730624341375766 ], [ 45.133764843549329, -12.731309571770616 ], [ 45.133964826577873, -12.7314776682428 ], [ 45.134400524981551, -12.731444893127714 ], [ 45.134649057435496, -12.731094807464304 ], [ 45.134924481025735, -12.731081102975473 ], [ 45.135037737466796, -12.730990616461963 ], [ 45.135849157301088, -12.730739713753232 ], [ 45.136528992715185, -12.730759258510467 ], [ 45.136947347376513, -12.731024903152257 ], [ 45.137444662824187, -12.730805807875834 ], [ 45.137655626323252, -12.730833731235247 ], [ 45.137733089687259, -12.730991037044916 ], [ 45.137768385662234, -12.731530878506593 ], [ 45.137358678094763, -12.731930786521538 ], [ 45.137469545096479, -12.732535697499245 ], [ 45.137420829294541, -12.732733761795052 ], [ 45.137495554901299, -12.732938092028684 ], [ 45.137665109035474, -12.733043805597724 ], [ 45.138128419515873, -12.732963987016882 ], [ 45.138595218949739, -12.73252425930591 ], [ 45.138724242384207, -12.732631801982912 ], [ 45.138845172614928, -12.733101968188118 ], [ 45.138956711744186, -12.733242074264925 ], [ 45.139303098393988, -12.73328348950124 ], [ 45.139556343006852, -12.733136861564748 ], [ 45.139779275077714, -12.733148499721619 ], [ 45.139883549884928, -12.733479413917566 ], [ 45.139471962146509, -12.733809695991948 ], [ 45.139472093129783, -12.734049332127434 ], [ 45.139691368984032, -12.734111612378062 ], [ 45.139823254857745, -12.734397297626744 ], [ 45.140028785774611, -12.734591610826058 ], [ 45.140322564387439, -12.734446769298073 ], [ 45.140488393121494, -12.734474714276173 ], [ 45.140593490437354, -12.734623865926856 ], [ 45.140533663676429, -12.734715230722518 ], [ 45.140614754952104, -12.734764019192951 ], [ 45.140690247338512, -12.734682593218121 ], [ 45.140680935762603, -12.734501740670408 ], [ 45.140420146297231, -12.734330968765866 ], [ 45.140232196811567, -12.734280428272198 ], [ 45.140029627555904, -12.734446924380174 ], [ 45.139914415462933, -12.734330332195453 ], [ 45.139720704259943, -12.733851162085349 ], [ 45.139949082720932, -12.733714494059139 ], [ 45.140017101357913, -12.733443171830602 ], [ 45.139974598541365, -12.733208983816009 ], [ 45.13976906680918, -12.733011053392962 ], [ 45.139542465468786, -12.733027450076099 ], [ 45.13919802359819, -12.733173221666506 ], [ 45.139027596347049, -12.733157034021373 ], [ 45.138914893846454, -12.732572019054698 ], [ 45.138637516998166, -12.732384072572897 ], [ 45.138433034206123, -12.732418542476452 ], [ 45.138062032441709, -12.732849177101317 ], [ 45.13782160903331, -12.732857440928404 ], [ 45.137617974751187, -12.732758075184403 ], [ 45.137570012506757, -12.732645064140819 ], [ 45.137652794686204, -12.73241533204156 ], [ 45.137641493278579, -12.731956864028353 ], [ 45.137932376728322, -12.731571486097714 ], [ 45.138041096865187, -12.731611218113686 ], [ 45.138102099437432, -12.73199008288017 ], [ 45.13855894784907, -12.731888564023871 ], [ 45.138999428486329, -12.732179513841041 ], [ 45.139409580906829, -12.732597983437069 ], [ 45.140017653879283, -12.732771285850914 ], [ 45.140293253925485, -12.733075884908862 ], [ 45.14042587100942, -12.73301613163494 ], [ 45.140472859643076, -12.733031479602094 ], [ 45.140524408368861, -12.732963630682702 ], [ 45.141077152138621, -12.73302844549062 ], [ 45.141931379070634, -12.733555188646138 ], [ 45.141893683030048, -12.733685426248469 ], [ 45.141986725449868, -12.733690802099213 ], [ 45.142424873545124, -12.733091024185729 ], [ 45.142368500448072, -12.73276641527638 ], [ 45.142630939883759, -12.732593555134345 ], [ 45.142664864235407, -12.732308686281534 ], [ 45.143259775650094, -12.732007237368475 ], [ 45.143838301229891, -12.732054851020312 ], [ 45.144259196973977, -12.731909936076015 ], [ 45.144177907712702, -12.731510285247463 ], [ 45.144320580801384, -12.731317594286679 ], [ 45.144375706959252, -12.731062555144353 ], [ 45.14361669043565, -12.729478655828039 ], [ 45.143175243513639, -12.729108136836308 ], [ 45.142592166382144, -12.729145527158508 ], [ 45.142355483763119, -12.729247838983515 ], [ 45.141850656062594, -12.729196565407758 ], [ 45.141240925228104, -12.729343385857584 ], [ 45.140511249316795, -12.729140309169727 ], [ 45.140367466393286, -12.728992986480559 ], [ 45.140111505529447, -12.729217385386388 ], [ 45.140076511637218, -12.729236393939502 ], [ 45.140067269707252, -12.729181237266971 ], [ 45.140665778448067, -12.728728776175073 ], [ 45.14092417235787, -12.727907545424777 ], [ 45.141216169506507, -12.727887495594581 ], [ 45.141789229758707, -12.728063525627986 ], [ 45.14246079260316, -12.728127369762777 ], [ 45.142474656465417, -12.728210556788884 ], [ 45.14268196955819, -12.728302682565911 ], [ 45.143297401681771, -12.728472356470744 ], [ 45.144169805629829, -12.728582206209293 ], [ 45.145068873179099, -12.728602513980288 ], [ 45.14521899302752, -12.728549983036825 ], [ 45.145402104723409, -12.728199018949637 ], [ 45.145610334326534, -12.728281194756194 ], [ 45.146370123859064, -12.727985073943708 ], [ 45.148228631764709, -12.735232808384367 ], [ 45.150397714589808, -12.74251109412884 ], [ 45.15434334454693, -12.751756052071965 ], [ 45.158866830823442, -12.762355213679081 ], [ 45.147819385714797, -12.760236554008333 ], [ 45.139869455567514, -12.758160119346751 ], [ 45.125766658995708, -12.754475908349232 ], [ 45.11513781397872, -12.749761276270641 ], [ 45.100600509575898, -12.740140155427738 ], [ 45.098349701507821, -12.736975087439113 ], [ 45.099251239871521, -12.736172647000764 ], [ 45.099435443149453, -12.736082149019502 ], [ 45.100898248543949, -12.735960420902693 ], [ 45.101126671492828, -12.735878043489848 ], [ 45.101361560954103, -12.735841782122638 ], [ 45.101622273597656, -12.735880566588603 ], [ 45.101964085877313, -12.736006131277364 ], [ 45.102924030977888, -12.736162201746067 ], [ 45.103643609405211, -12.736474804840984 ], [ 45.104030451708304, -12.736329966957419 ], [ 45.105575391583045, -12.736568991805003 ], [ 45.11303017588989, -12.73558023976048 ], [ 45.112265448976224, -12.733170636569117 ], [ 45.119007722355725, -12.733484193214325 ], [ 45.119523351484624, -12.732986602433256 ], [ 45.119698371111362, -12.732976576208182 ], [ 45.119808964136851, -12.733085945075016 ], [ 45.120131415742286, -12.733167184931443 ], [ 45.120445495820839, -12.733076613436143 ], [ 45.120960791659442, -12.733826937762755 ], [ 45.121596640952895, -12.734314962129993 ], [ 45.122204640511598, -12.734350853743971 ], [ 45.122509008977048, -12.735136539422848 ], [ 45.122729816182058, -12.734558597097706 ], [ 45.123264086614405, -12.734522177392167 ], [ 45.123255145593582, -12.735082840137911 ], [ 45.12343022379595, -12.735191273138701 ], [ 45.123678778068552, -12.734847527705803 ], [ 45.1237891625752, -12.734521932430205 ], [ 45.123890413988995, -12.734359113226224 ], [ 45.12392724822471, -12.734331967347659 ], [ 45.124553777749448, -12.734584874015678 ], [ 45.12507947356665, -12.733969710350618 ], [ 45.125308648508863, -12.733562672375438 ], [ 45.125262473975809, -12.733327579324618 ], [ 45.125335928656853, -12.732839228998554 ], [ 45.125308248860058, -12.732748813286909 ], [ 45.124773734872612, -12.732278835839965 ], [ 45.125583904051901, -12.731328950303714 ], [ 45.12599760663975, -12.729655820553591 ], [ 45.126330064876896, -12.727625534826133 ] ] ] ] } },
{ "type": "Feature", "properties": { "code_iris": "976030500", "nom_iris": "Mtsamoudou" }, "geometry": { "type": "MultiPolygon", "coordinates": [ [ [ [ 45.215823330033231, -12.986396777956017 ], [ 45.215460808914592, -12.986239736205096 ], [ 45.215285364656218, -12.985955037473259 ], [ 45.215412363470612, -12.985663758347814 ], [ 45.215737740757518, -12.985520614405353 ], [ 45.215882614656351, -12.985641665920003 ], [ 45.215959501785591, -12.986050330687487 ], [ 45.215930169533003, -12.98625291082052 ], [ 45.215823330033231, -12.986396777956017 ] ] ], [ [ [ 45.170436757150668, -12.952872122159459 ], [ 45.170747738956408, -12.953275223603043 ], [ 45.17183868239907, -12.953624459520707 ], [ 45.172534073618493, -12.953938686433407 ], [ 45.172716772747442, -12.954151069131083 ], [ 45.173200109883624, -12.954465434684929 ], [ 45.173660608436407, -12.955082745343324 ], [ 45.174183754929899, -12.955628575852854 ], [ 45.174929948656342, -12.956063934559019 ], [ 45.175132036574496, -12.956309760490837 ], [ 45.175595845284953, -12.957692078416452 ], [ 45.175988247792105, -12.958480337719379 ], [ 45.176239242285305, -12.958779481636743 ], [ 45.176215013427381, -12.959725365115895 ], [ 45.175984996899018, -12.960415479076788 ], [ 45.176250544870143, -12.96174005583055 ], [ 45.176081003354874, -12.961894800755328 ], [ 45.17630799471317, -12.96214513010873 ], [ 45.176844651637573, -12.963514735868989 ], [ 45.176847529416875, -12.963672981219192 ], [ 45.176668944094743, -12.964079119798537 ], [ 45.176437508661117, -12.964067521194 ], [ 45.176109139028313, -12.963882368054902 ], [ 45.176113815249735, -12.963976409005783 ], [ 45.1762274629465, -12.964316337754955 ], [ 45.176499562490633, -12.964462645255123 ], [ 45.176667357089549, -12.964443541795164 ], [ 45.176798383129267, -12.964583614757689 ], [ 45.176919576219596, -12.965161361115722 ], [ 45.17676757620314, -12.965351361088556 ], [ 45.177374204734704, -12.965260521544163 ], [ 45.177409156487649, -12.965140229799641 ], [ 45.176960451432407, -12.964289616840597 ], [ 45.17698522141157, -12.964113267305525 ], [ 45.177077415164092, -12.964101449116844 ], [ 45.177344326011223, -12.96473244810351 ], [ 45.17778553307879, -12.965408541329539 ], [ 45.177913016679192, -12.965752076903055 ], [ 45.178102143385871, -12.965908386333998 ], [ 45.178777125369045, -12.965989308062934 ], [ 45.178894327496934, -12.966135719311536 ], [ 45.179248529923242, -12.96633622365191 ], [ 45.179438485328937, -12.966360508098921 ], [ 45.179818653369438, -12.966767167306791 ], [ 45.180250242282099, -12.966876285531885 ], [ 45.18047532398311, -12.967023525602725 ], [ 45.18126895874348, -12.967973361857998 ], [ 45.181561404358526, -12.968194704166189 ], [ 45.182335221217691, -12.968508849208044 ], [ 45.18265608531496, -12.968502294386136 ], [ 45.182786023149347, -12.968407254864578 ], [ 45.183803836856661, -12.969507034367288 ], [ 45.184277927217352, -12.969726436682672 ], [ 45.184734584346074, -12.970060692721237 ], [ 45.185127433133523, -12.970139989332869 ], [ 45.185759873699801, -12.970031026426206 ], [ 45.186088132065137, -12.970046164540701 ], [ 45.186563045688054, -12.970129017376404 ], [ 45.187247384338576, -12.970373582990049 ], [ 45.187685341273728, -12.970355182179429 ], [ 45.188233100795138, -12.970442500761722 ], [ 45.188666600868324, -12.970627562113284 ], [ 45.189285179580658, -12.970477908579262 ], [ 45.190489941420637, -12.971230285907001 ], [ 45.190502082163896, -12.971432833310722 ], [ 45.190666382138573, -12.971663301629398 ], [ 45.190690508302936, -12.971864031696578 ], [ 45.190953461804831, -12.972086289097243 ], [ 45.191142818180907, -12.972526529125167 ], [ 45.191088488282723, -12.97261970873298 ], [ 45.191785398410069, -12.973612987685984 ], [ 45.192221690077432, -12.973820647629385 ], [ 45.192993501486569, -12.973886087998935 ], [ 45.193211624631992, -12.974556893603562 ], [ 45.193339815876158, -12.97458935206495 ], [ 45.193762390940876, -12.974940798292092 ], [ 45.193762498759867, -12.975080055597553 ], [ 45.193675897187369, -12.975173259751212 ], [ 45.193232489421888, -12.975307421189147 ], [ 45.19299199537663, -12.975520102832181 ], [ 45.193072544751544, -12.975947762180148 ], [ 45.193199842556112, -12.976016392108647 ], [ 45.193551157885196, -12.976027886497295 ], [ 45.193699554135534, -12.97595543456992 ], [ 45.19392147989835, -12.975579093489941 ], [ 45.193978317605435, -12.975153140563581 ], [ 45.194050194843975, -12.975097022309487 ], [ 45.195411654135185, -12.975734417075147 ], [ 45.196234311815431, -12.975960769343141 ], [ 45.196608660965566, -12.975949635516011 ], [ 45.197090701303772, -12.975696979902622 ], [ 45.197321023633293, -12.975451748565435 ], [ 45.197821071758447, -12.974652899753529 ], [ 45.198998290722436, -12.974338220956838 ], [ 45.200967737801172, -12.974253514697827 ], [ 45.20220806620037, -12.974453301411929 ], [ 45.203600174132049, -12.97420806346963 ], [ 45.203927548351039, -12.974262063218427 ], [ 45.204259641477094, -12.974448986283441 ], [ 45.204355626247896, -12.974560135915729 ], [ 45.204349459805137, -12.974912805368913 ], [ 45.203868626068477, -12.975503669690069 ], [ 45.203088104802795, -12.97607668185837 ], [ 45.202410011866952, -12.976751794349264 ], [ 45.202342931401581, -12.977036691006161 ], [ 45.20218446230588, -12.977193252600498 ], [ 45.201885288707906, -12.977811100085404 ], [ 45.20192142165461, -12.978024479322579 ], [ 45.201867059620007, -12.97807425625847 ], [ 45.201744322133948, -12.977947753930927 ], [ 45.201548910980904, -12.978032002334956 ], [ 45.201175697060911, -12.978311710072479 ], [ 45.200966660633597, -12.978652780731784 ], [ 45.200805555530231, -12.978973920327817 ], [ 45.200748664117235, -12.979319394655709 ], [ 45.200770933260841, -12.9794929969419 ], [ 45.200935243640785, -12.979718032818255 ], [ 45.200806269019637, -12.979862815306207 ], [ 45.20090370734323, -12.980634984959082 ], [ 45.200684470615982, -12.980907338874687 ], [ 45.200328568981966, -12.98093474127821 ], [ 45.199553778241629, -12.980631502812448 ], [ 45.199118696705547, -12.980808168526774 ], [ 45.198691110433025, -12.981134936294637 ], [ 45.198669223216214, -12.981440595619443 ], [ 45.198540234191483, -12.981570004449072 ], [ 45.198111482409608, -12.98159203382683 ], [ 45.197831098811804, -12.981503628978512 ], [ 45.197578535762865, -12.981615045942226 ], [ 45.19743487409589, -12.981847551939163 ], [ 45.196771500827673, -12.982519021611349 ], [ 45.19655052674333, -12.982935152022987 ], [ 45.196624628704342, -12.983361006251041 ], [ 45.196877492211414, -12.983628478264547 ], [ 45.196798326833907, -12.983799444837556 ], [ 45.196069825130202, -12.983737600651027 ], [ 45.19579606648135, -12.983868925782961 ], [ 45.195327950758589, -12.984262634422505 ], [ 45.194712569122863, -12.983820004595831 ], [ 45.194593838747437, -12.984102225111526 ], [ 45.19470388045216, -12.984503637753914 ], [ 45.19500452355561, -12.984554955741784 ], [ 45.194007607406142, -12.985574811526085 ], [ 45.193722564559387, -12.986617645028925 ], [ 45.193684246041038, -12.987146670310787 ], [ 45.193908515240771, -12.987401506676216 ], [ 45.193851402890765, -12.987476603502087 ], [ 45.193475929467525, -12.987249007696558 ], [ 45.193261102064035, -12.987279008324229 ], [ 45.193213265806541, -12.987425535281618 ], [ 45.19306023047821, -12.987469958100412 ], [ 45.193046420535516, -12.987498000660688 ], [ 45.192998441009195, -12.987459152763986 ], [ 45.192743962806965, -12.987489182399903 ], [ 45.192242262072064, -12.987391892938454 ], [ 45.191453396431079, -12.986784806976431 ], [ 45.19062968917887, -12.986432747695916 ], [ 45.190375846008649, -12.986084790466373 ], [ 45.189396235102862, -12.98563698888478 ], [ 45.188681518067014, -12.985518145112662 ], [ 45.188101285215119, -12.985209305768457 ], [ 45.186407044346595, -12.984744827679222 ], [ 45.186075478922859, -12.984028884547374 ], [ 45.18594818227578, -12.983964772543709 ], [ 45.184572366945709, -12.983895219774382 ], [ 45.183441930484847, -12.983963839829782 ], [ 45.182646357338179, -12.984229350551773 ], [ 45.182386301638388, -12.984195170875546 ], [ 45.182286657444784, -12.984115665105689 ], [ 45.182154570101112, -12.983802880709062 ], [ 45.181900844589073, -12.983596885053901 ], [ 45.181747818690546, -12.983653960978316 ], [ 45.181583615993176, -12.983557318937304 ], [ 45.181648278032647, -12.983716425069927 ], [ 45.181544317228287, -12.984041130130729 ], [ 45.181851535570615, -12.984262461287782 ], [ 45.181889480885026, -12.984454139701404 ], [ 45.18170609627149, -12.984608897851466 ], [ 45.181103199438027, -12.984821821590373 ], [ 45.180881583572649, -12.984389735422596 ], [ 45.180745040944927, -12.984289456542403 ], [ 45.180655647398396, -12.984358243084843 ], [ 45.180545515679086, -12.985078117446291 ], [ 45.180447862721273, -12.985202070040181 ], [ 45.180104898867356, -12.985280979201075 ], [ 45.179941142111574, -12.985804664129256 ], [ 45.179138833576111, -12.986978958826009 ], [ 45.178958969690164, -12.988192611097881 ], [ 45.178807873125066, -12.988373568772975 ], [ 45.178629376006192, -12.988922582465591 ], [ 45.178450616031995, -12.9891044632082 ], [ 45.17813575742381, -12.989811817104561 ], [ 45.177525931076879, -12.990676714939903 ], [ 45.177476595775673, -12.991323300526444 ], [ 45.177585325638589, -12.992507817749331 ], [ 45.177939807404002, -12.993049231952597 ], [ 45.178605046962836, -12.993588623692242 ], [ 45.178900227996877, -12.993727677935434 ], [ 45.179160511692253, -12.994066599151365 ], [ 45.179379095667684, -12.994120704436245 ], [ 45.179442866226189, -12.99432050365043 ], [ 45.179018817086202, -12.994504362561811 ], [ 45.178654597356108, -12.994536262619341 ], [ 45.178405717085546, -12.994670265295788 ], [ 45.178375400950877, -12.99483034155987 ], [ 45.178259294670426, -12.994946167554 ], [ 45.177846097440316, -12.994832512919249 ], [ 45.177823101370649, -12.99491300851885 ], [ 45.177701288989411, -12.994785590051999 ], [ 45.177137926863175, -12.994872784462451 ], [ 45.176735850210953, -12.994835983265338 ], [ 45.176362510445777, -12.995012569227265 ], [ 45.176384699764995, -12.99509484256693 ], [ 45.17631278217938, -12.99510755113182 ], [ 45.176080525897525, -12.995280423846802 ], [ 45.175615584619429, -12.995017596473083 ], [ 45.175401346598669, -12.994586405247064 ], [ 45.175560381327223, -12.993882777151203 ], [ 45.175561982265826, -12.993536441318408 ], [ 45.175317413762087, -12.993245432037407 ], [ 45.175498085455651, -12.993152170448417 ], [ 45.175567714841762, -12.992508284357314 ], [ 45.175496515609126, -12.992229817788147 ], [ 45.175262994934883, -12.991911672897348 ], [ 45.175345911156811, -12.991804913294436 ], [ 45.17495151149717, -12.990871974029004 ], [ 45.174859875644032, -12.990377400812148 ], [ 45.174636506500505, -12.99006738687029 ], [ 45.174408908757599, -12.988982417342783 ], [ 45.174472455622848, -12.98886934111615 ], [ 45.174411580459527, -12.988846775250796 ], [ 45.174343030120205, -12.988396495429877 ], [ 45.174187849714478, -12.988014998056874 ], [ 45.174337102077089, -12.98782952291711 ], [ 45.174445230048434, -12.986853744379301 ], [ 45.174405358783993, -12.986537277043237 ], [ 45.174505744353219, -12.986359972993199 ], [ 45.174551489667174, -12.985844509039817 ], [ 45.174378542865377, -12.985107645933185 ], [ 45.174420572110492, -12.984552396610558 ], [ 45.1741472689584, -12.984031720851405 ], [ 45.173677577631942, -12.983534687002232 ], [ 45.173543884908561, -12.983550148831599 ], [ 45.173401723425087, -12.983320559317304 ], [ 45.172936255836049, -12.982260161559969 ], [ 45.172781809941483, -12.981598339146977 ], [ 45.172353643983982, -12.981136541640252 ], [ 45.172018480538782, -12.980486593878844 ], [ 45.171987035899988, -12.980350069999888 ], [ 45.172208543356469, -12.979312726452674 ], [ 45.172164009861611, -12.978914877377594 ], [ 45.17184372796487, -12.978446677560742 ], [ 45.17091010942007, -12.977744675162436 ], [ 45.170257626723945, -12.976895089530204 ], [ 45.16975952777242, -12.976626846911046 ], [ 45.169364805942614, -12.976513166173598 ], [ 45.169164784718291, -12.976612765974123 ], [ 45.169079008652837, -12.976577555211049 ], [ 45.169130594893751, -12.976504275832427 ], [ 45.168981211546146, -12.976491713120819 ], [ 45.168848343648023, -12.976357967456892 ], [ 45.168082067199201, -12.976299686078873 ], [ 45.167976063000431, -12.976349489377542 ], [ 45.167898501446679, -12.976188579413229 ], [ 45.16805785056485, -12.975937993793607 ], [ 45.168058690645303, -12.97581591682285 ], [ 45.167914747305048, -12.9756649966914 ], [ 45.167228600227894, -12.975468307752148 ], [ 45.167188432593399, -12.974691565695176 ], [ 45.166653168079392, -12.973986578454806 ], [ 45.170562377780293, -12.973523772185288 ], [ 45.170643876487119, -12.971343523864771 ], [ 45.171316779980089, -12.971063662380434 ], [ 45.17064013636201, -12.965855510270584 ], [ 45.170481894158264, -12.965010121048449 ], [ 45.17052765613888, -12.964511838035774 ], [ 45.170346085371619, -12.96461142663453 ], [ 45.170215159363529, -12.964613320790772 ], [ 45.170064833420227, -12.964560067049202 ], [ 45.169983627923848, -12.964460650311093 ], [ 45.16985241317078, -12.964036633034995 ], [ 45.169750852395836, -12.963832334103804 ], [ 45.169560834871412, -12.963712189905733 ], [ 45.169716142142377, -12.962953405671856 ], [ 45.162321273599169, -12.962505984243984 ], [ 45.160578107938726, -12.961638964599191 ], [ 45.160181116526189, -12.96081632228357 ], [ 45.157202413514433, -12.959841523995042 ], [ 45.157067563154797, -12.959462715621136 ], [ 45.15901154923327, -12.952826895691423 ], [ 45.159367131188944, -12.950900579444834 ], [ 45.160230031894109, -12.950796963436773 ], [ 45.162674127006966, -12.952133771751059 ], [ 45.166850724994006, -12.952193526197815 ], [ 45.169183321851818, -12.95218388404005 ], [ 45.170351569439553, -12.95233413640047 ], [ 45.170436757150668, -12.952872122159459 ] ] ] ] } },
{ "type": "Feature", "properties": { "code_iris": "976040500", "nom_iris": "Mzouazia" }, "geometry": { "type": "MultiPolygon", "coordinates": [ [ [ [ 45.110526937155029, -12.924732650689954 ], [ 45.111422203976481, -12.925008978501221 ], [ 45.11162517858255, -12.925371506219856 ], [ 45.111638891483857, -12.925111973343586 ], [ 45.111781770809714, -12.925084783963316 ], [ 45.112686311358459, -12.925477754952862 ], [ 45.11309298107269, -12.925744340344062 ], [ 45.11440029282145, -12.925925530197128 ], [ 45.11542187153816, -12.926213544411267 ], [ 45.115519709730023, -12.926471219556364 ], [ 45.115674634261751, -12.926575142607666 ], [ 45.116054526990347, -12.926739552102314 ], [ 45.116392880442397, -12.926785519524874 ], [ 45.116628995332761, -12.927026855605948 ], [ 45.116639238949979, -12.927248398414312 ], [ 45.116784020289828, -12.927345091124479 ], [ 45.117671033248982, -12.927679274617782 ], [ 45.120178227396849, -12.9288853395472 ], [ 45.120830096596883, -12.92907312781343 ], [ 45.121628435507979, -12.929028447631389 ], [ 45.12161189658017, -12.929142393955299 ], [ 45.121850618982386, -12.929042812419711 ], [ 45.122761442780337, -12.929027013040889 ], [ 45.123675070851462, -12.9290898810552 ], [ 45.123939713819532, -12.929210024083526 ], [ 45.123986786240053, -12.929323036065353 ], [ 45.124331640770926, -12.929455800428055 ], [ 45.124444170263082, -12.929573302513532 ], [ 45.124508821766703, -12.929812904461835 ], [ 45.124363661328623, -12.930821239818412 ], [ 45.124397182098328, -12.931492195544434 ], [ 45.12432348179042, -12.931597126500348 ], [ 45.12417499811891, -12.931481450044293 ], [ 45.123954758388074, -12.931674165196561 ], [ 45.123948522422673, -12.932114549834111 ], [ 45.12405653811836, -12.932423760382232 ], [ 45.124282332680842, -12.932277160502325 ], [ 45.124354279399654, -12.932353989561765 ], [ 45.124602294580434, -12.932399084999959 ], [ 45.124726007435484, -12.932756214305465 ], [ 45.125218635268951, -12.933416098709854 ], [ 45.125193823051703, -12.933575262897211 ], [ 45.125360560649369, -12.933318368947235 ], [ 45.125674997457061, -12.933449337501207 ], [ 45.125830872769079, -12.933593946284754 ], [ 45.125829080608078, -12.933697034420115 ], [ 45.126027241092743, -12.933596564355607 ], [ 45.126404321655677, -12.933634361511869 ], [ 45.123640612907046, -12.937744707595403 ], [ 45.118760523000475, -12.937038023581007 ], [ 45.117079095570624, -12.937384216287125 ], [ 45.116452406368111, -12.933883146059875 ], [ 45.114437661425541, -12.931055465939396 ], [ 45.113106154097181, -12.932478470579763 ], [ 45.113000754368201, -12.931806640060696 ], [ 45.111958621710237, -12.930953453665342 ], [ 45.111385340209644, -12.931272003691054 ], [ 45.111227454573637, -12.930729506062329 ], [ 45.111146276897493, -12.930615601996102 ], [ 45.111033779489318, -12.930557776274542 ], [ 45.110872341207561, -12.930318212025364 ], [ 45.110995784570768, -12.930111984869619 ], [ 45.111016020368915, -12.930007984640223 ], [ 45.110973444458281, -12.929626398687521 ], [ 45.110915322247962, -12.929529665960201 ], [ 45.110909688651326, -12.929298173942746 ], [ 45.110854334222907, -12.929205961398067 ], [ 45.110878266769362, -12.929122757929003 ], [ 45.109502053362853, -12.929525741214464 ], [ 45.107732358135216, -12.930332186633754 ], [ 45.106500991762282, -12.93101903669746 ], [ 45.103991862517432, -12.931714531644145 ], [ 45.103716721209281, -12.930712704295715 ], [ 45.102950108672623, -12.929461490878532 ], [ 45.102604060721397, -12.928636928051658 ], [ 45.101659533054544, -12.927379450488697 ], [ 45.1010932500159, -12.926774710074033 ], [ 45.100289100122389, -12.926111281939887 ], [ 45.098607214969327, -12.925172380111514 ], [ 45.097920309619511, -12.92490497298396 ], [ 45.097540584028955, -12.925133896842794 ], [ 45.09676152816477, -12.924960565735899 ], [ 45.096006514086454, -12.92497531281194 ], [ 45.095744739123766, -12.92507759207788 ], [ 45.095343836139172, -12.925380671127584 ], [ 45.095159664660429, -12.925921495179194 ], [ 45.094970782813796, -12.926197368027127 ], [ 45.093792138177641, -12.924921860968619 ], [ 45.093506294869016, -12.924759193830822 ], [ 45.093229710976985, -12.924705036168971 ], [ 45.093626011464359, -12.924416430402893 ], [ 45.094492481161254, -12.92416201682309 ], [ 45.093523712732413, -12.922019231608909 ], [ 45.094009639448238, -12.919826187718584 ], [ 45.093750483162744, -12.919522444062196 ], [ 45.094351406212894, -12.919176794230051 ], [ 45.096539125471296, -12.919563025147891 ], [ 45.096288938397272, -12.918615436092466 ], [ 45.098571937441157, -12.91749328228693 ], [ 45.099281049767832, -12.918019302525984 ], [ 45.101707989931377, -12.917271436986203 ], [ 45.102406733846898, -12.917223237427502 ], [ 45.102457636140009, -12.917715143667035 ], [ 45.102234636673813, -12.917934065828383 ], [ 45.102474399783041, -12.91813291263308 ], [ 45.102785340978926, -12.918808284676111 ], [ 45.102982625068698, -12.918824483953218 ], [ 45.103119950256989, -12.918747566327713 ], [ 45.103131001781364, -12.918721337961751 ], [ 45.103194623262752, -12.91875386677534 ], [ 45.102999286670418, -12.918990864165316 ], [ 45.103402604599019, -12.920123762580381 ], [ 45.103380510037823, -12.920197017671544 ], [ 45.103101189131188, -12.920205266543926 ], [ 45.10335937190758, -12.920354370038337 ], [ 45.103537295146019, -12.920363342338494 ], [ 45.103749402343595, -12.920554060389611 ], [ 45.104669913527822, -12.921733773070036 ], [ 45.104338134223369, -12.921958166194344 ], [ 45.104173295532448, -12.922382337302937 ], [ 45.103882912030514, -12.922396017093385 ], [ 45.104604009142697, -12.922863239825235 ], [ 45.104776471581289, -12.923036791622492 ], [ 45.105073597742766, -12.923713974693683 ], [ 45.105342054815502, -12.924170525712366 ], [ 45.105966467748914, -12.92488736358211 ], [ 45.106117748760276, -12.925107041093016 ], [ 45.106128868614654, -12.925242677893847 ], [ 45.105717917600323, -12.925736578982812 ], [ 45.105658061409919, -12.925893947134133 ], [ 45.106000085349891, -12.92590646837443 ], [ 45.106375336546662, -12.926012115999303 ], [ 45.106957143922699, -12.926244277108903 ], [ 45.107312110691815, -12.926340888932584 ], [ 45.10767534872857, -12.926376910412616 ], [ 45.108266219163191, -12.926242833340979 ], [ 45.109409178766022, -12.925836337323707 ], [ 45.1097557734753, -12.925760232747123 ], [ 45.110113457109144, -12.92574470948235 ], [ 45.110310757397677, -12.925784414323306 ], [ 45.110562466330656, -12.925863884096524 ], [ 45.110798522949693, -12.925987669756257 ], [ 45.110773418406758, -12.925502988846477 ], [ 45.110526937155029, -12.924732650689954 ] ] ] ] } },
{ "type": "Feature", "properties": { "code_iris": "976090500", "nom_iris": "Passi-Kéli" }, "geometry": { "type": "MultiPolygon", "coordinates": [ [ [ [ 45.135407537182878, -12.98962237153826 ], [ 45.135253564771176, -12.989661335317038 ], [ 45.135204912692409, -12.990068282177582 ], [ 45.134013620406172, -12.990226242122882 ], [ 45.133815332923326, -12.990166662453685 ], [ 45.133834605420795, -12.989994841204226 ], [ 45.134050297599224, -12.989839195591239 ], [ 45.13418019381929, -12.989611252490167 ], [ 45.134293439256361, -12.989285656746175 ], [ 45.134308019168806, -12.988961920484773 ], [ 45.134130924746302, -12.988871584903873 ], [ 45.133941910322967, -12.988906948903715 ], [ 45.133534456258822, -12.989132321817687 ], [ 45.132871426917788, -12.989078405360674 ], [ 45.132950846118035, -12.989299006689702 ], [ 45.132812865128983, -12.989932066370955 ], [ 45.133168923483503, -12.990158856006834 ], [ 45.133319350346184, -12.990386654970274 ], [ 45.13327976430682, -12.990508751740034 ], [ 45.133097289071564, -12.990705071863223 ], [ 45.133011648314913, -12.9909239490727 ], [ 45.132648417919718, -12.991085094786948 ], [ 45.132447569755925, -12.99141435153472 ], [ 45.132151643754234, -12.991557376848547 ], [ 45.132169351083512, -12.991910937445981 ], [ 45.1320615909897, -12.992154240873031 ], [ 45.131786943849889, -12.992431991197048 ], [ 45.131520725172685, -12.992956602682201 ], [ 45.131439830382789, -12.993436810982361 ], [ 45.130813916652421, -12.993844048315903 ], [ 45.130719946679164, -12.994011385550095 ], [ 45.130180590355288, -12.994187084693026 ], [ 45.129907885650582, -12.99466196290461 ], [ 45.129685716755894, -12.994788671677435 ], [ 45.128652930751159, -12.994800940601429 ], [ 45.128035968587191, -12.994697254294021 ], [ 45.127423820502145, -12.994991442965516 ], [ 45.127195115899667, -12.994962618382232 ], [ 45.126776547604052, -12.995123783008875 ], [ 45.126394955302615, -12.995464878712299 ], [ 45.126293629326398, -12.995681048514749 ], [ 45.126115488954007, -12.995349267949042 ], [ 45.126069194990265, -12.994978539698986 ], [ 45.126340825666944, -12.994188075721844 ], [ 45.126330503903013, -12.993835415396765 ], [ 45.126177268753899, -12.993516282488718 ], [ 45.125666998252719, -12.992856412514543 ], [ 45.125620539091543, -12.992154721271818 ], [ 45.125013153163934, -12.99090169548186 ], [ 45.125237015301003, -12.990475676363523 ], [ 45.125759644399487, -12.988219269237627 ], [ 45.126080218202155, -12.987582507494757 ], [ 45.126372339901977, -12.987212518995566 ], [ 45.126666466669732, -12.987161736705618 ], [ 45.126671014442692, -12.9870378494203 ], [ 45.126451401076544, -12.986737738490008 ], [ 45.126425353030001, -12.986284711572715 ], [ 45.12605802082026, -12.985621155253352 ], [ 45.125441624784159, -12.984760587610564 ], [ 45.125217458755863, -12.984568990248242 ], [ 45.125417964613803, -12.983548876119388 ], [ 45.125387375458864, -12.983229683250434 ], [ 45.125323621429708, -12.982971092504901 ], [ 45.125047673041365, -12.982485631848164 ], [ 45.124588348531624, -12.982238082052405 ], [ 45.124500477250081, -12.981690135903877 ], [ 45.1246137597768, -12.981420608884271 ], [ 45.126786160925327, -12.981350834366928 ], [ 45.128624597800815, -12.979161595874633 ], [ 45.129836043393816, -12.980619583125044 ], [ 45.130240849808473, -12.980641987513652 ], [ 45.13038367413435, -12.982221677140821 ], [ 45.132775163411949, -12.981447315711025 ], [ 45.133814731210208, -12.980426765493281 ], [ 45.13702274981997, -12.982278850107631 ], [ 45.136479398074499, -12.983527029173521 ], [ 45.137125211402356, -12.984160583026313 ], [ 45.137032104950528, -12.984206749900315 ], [ 45.136704023494509, -12.984545119729253 ], [ 45.136736380970213, -12.984698828687716 ], [ 45.136638761586397, -12.984924043335935 ], [ 45.13645439703263, -12.985025418438102 ], [ 45.13639726583115, -12.985096885775313 ], [ 45.13622228264596, -12.985493047939151 ], [ 45.136214952633303, -12.985578957465057 ], [ 45.135962306647805, -12.985597175107602 ], [ 45.134873102216652, -12.98522247015889 ], [ 45.132842829371405, -12.987320518505122 ], [ 45.135407537182878, -12.98962237153826 ] ] ] ] } },
{ "type": "Feature", "properties": { "code_iris": "976060500", "nom_iris": "Poroani" }, "geometry": { "type": "MultiPolygon", "coordinates": [ [ [ [ 45.143865496798988, -12.898515037976336 ], [ 45.143598019314879, -12.898233050756323 ], [ 45.142940221714376, -12.897232377175024 ], [ 45.142626637365758, -12.896914243041556 ], [ 45.142505639666531, -12.896481160616078 ], [ 45.142317619244722, -12.896519242546317 ], [ 45.141966246430641, -12.896205649517924 ], [ 45.141380411957584, -12.895299881722792 ], [ 45.140983959887244, -12.895137325837222 ], [ 45.140863108506707, -12.894959248448277 ], [ 45.140854714484881, -12.894783823327886 ], [ 45.140713671382159, -12.894761292287633 ], [ 45.14059467602295, -12.894604916404404 ], [ 45.140521917966609, -12.894715277214798 ], [ 45.140643269908381, -12.895790396748463 ], [ 45.140470160960824, -12.896120550621372 ], [ 45.140511787549066, -12.896383672706644 ], [ 45.140676010757026, -12.89664763317691 ], [ 45.140687176623601, -12.896834812381112 ], [ 45.140874435614649, -12.897082483352774 ], [ 45.141071129564494, -12.897717179350158 ], [ 45.141366323075587, -12.89811671013708 ], [ 45.142187014122818, -12.898659735432531 ], [ 45.142152048181885, -12.898769171849597 ], [ 45.141361020334216, -12.898522733029527 ], [ 45.140729322567239, -12.898026625899998 ], [ 45.140526325145352, -12.897657790276471 ], [ 45.140308180359582, -12.896571871445847 ], [ 45.140276017045942, -12.895094300986388 ], [ 45.140165263363848, -12.894840258630117 ], [ 45.139800063539184, -12.894516722966657 ], [ 45.139657010683024, -12.894193972608271 ], [ 45.139301905351395, -12.893786333106789 ], [ 45.139441947433305, -12.893666894021074 ], [ 45.139756277403244, -12.893682099070793 ], [ 45.140275413722669, -12.894010978028826 ], [ 45.140739898390194, -12.893858810209244 ], [ 45.140747226525768, -12.893776517101399 ], [ 45.140029921612431, -12.893466734979203 ], [ 45.139773558599337, -12.893263409767455 ], [ 45.13877652332112, -12.892156201334434 ], [ 45.138213182169793, -12.891888833466354 ], [ 45.138072867407963, -12.891510015535383 ], [ 45.138006215671112, -12.890989187225582 ], [ 45.138361047266613, -12.890909423563839 ], [ 45.13879595013038, -12.890609877709149 ], [ 45.138918430049891, -12.890404541898215 ], [ 45.138851127215119, -12.890377449297146 ], [ 45.138630959896645, -12.890616295069556 ], [ 45.138229159091111, -12.890768426047952 ], [ 45.137943326976, -12.8906067112563 ], [ 45.137647433019119, -12.890586068633661 ], [ 45.137441739148095, -12.890323936401272 ], [ 45.136976211811572, -12.890245508293658 ], [ 45.136783354205264, -12.889855865758992 ], [ 45.136523302157961, -12.889637166466001 ], [ 45.135847668808744, -12.889653794897313 ], [ 45.135180093874055, -12.88922822594513 ], [ 45.133849026289397, -12.88910864095577 ], [ 45.133301332829419, -12.888777050663553 ], [ 45.132877270012074, -12.888664231572537 ], [ 45.132649697353706, -12.888851532344445 ], [ 45.132257976959593, -12.888893327262357 ], [ 45.134428785528534, -12.882158068263017 ], [ 45.138359400863948, -12.86943011893819 ], [ 45.145443170964256, -12.870636209125051 ], [ 45.154087957898021, -12.874236625304034 ], [ 45.158880868731039, -12.877339051395543 ], [ 45.162687373701964, -12.879994385232349 ], [ 45.162667248851044, -12.88023131821752 ], [ 45.163586448551818, -12.887719962793238 ], [ 45.16313031671077, -12.887920996662208 ], [ 45.16246735641586, -12.888997497425486 ], [ 45.162227789857432, -12.889133287385389 ], [ 45.161969846229631, -12.889359516104101 ], [ 45.161905335556803, -12.889377641526723 ], [ 45.161831659670973, -12.889477157444976 ], [ 45.160273204689183, -12.888374899199892 ], [ 45.158402161882222, -12.888529764785083 ], [ 45.157637063295773, -12.888448841670666 ], [ 45.155443948577904, -12.88948102790607 ], [ 45.154790074263062, -12.890403777147933 ], [ 45.154716339720729, -12.890412863497092 ], [ 45.154375873535017, -12.891362554561251 ], [ 45.154275349915693, -12.892782327432721 ], [ 45.153224961616452, -12.893470194300596 ], [ 45.153252702515118, -12.893614862238708 ], [ 45.153354157002518, -12.893714273186593 ], [ 45.153483396721072, -12.8940306940622 ], [ 45.153464983468304, -12.894066875902778 ], [ 45.15329909334848, -12.894112186925572 ], [ 45.153280751600064, -12.894265924601239 ], [ 45.153133357099847, -12.894410695054898 ], [ 45.153041290395016, -12.894591604120434 ], [ 45.152018047595462, -12.894456559059019 ], [ 45.150284835843493, -12.893969250909324 ], [ 45.150321792764984, -12.894113913877735 ], [ 45.150229680449478, -12.894221575633461 ], [ 45.149916307676222, -12.894267873409362 ], [ 45.149797463918169, -12.894375550324863 ], [ 45.14969516993353, -12.894412684177897 ], [ 45.149593845482819, -12.894530298018383 ], [ 45.149584756705629, -12.894747329497775 ], [ 45.14952036666034, -12.894972531059739 ], [ 45.149465146968481, -12.895118151064372 ], [ 45.149326972810655, -12.895271956888577 ], [ 45.149243986787688, -12.895226790419304 ], [ 45.148847658147908, -12.895281272707503 ], [ 45.148672607388725, -12.895426056399325 ], [ 45.148552883984316, -12.895606979619997 ], [ 45.146468872745231, -12.894215568845718 ], [ 45.14540244683856, -12.897507729050744 ], [ 45.143865496798988, -12.898515037976336 ] ] ] ] } },
{ "type": "Feature", "properties": { "code_iris": "976070500", "nom_iris": "Tsararano" }, "geometry": { "type": "MultiPolygon", "coordinates": [ [ [ [ 45.163979104974345, -12.819537122578883 ], [ 45.179451816684846, -12.819443831957717 ], [ 45.19781838143976, -12.822218558504023 ], [ 45.197049198736892, -12.822566378903202 ], [ 45.196679697641173, -12.82259378377249 ], [ 45.195848842795435, -12.823033883258802 ], [ 45.195398586142431, -12.823499017537941 ], [ 45.194987153632496, -12.824123275396348 ], [ 45.194799150126606, -12.824102616266654 ], [ 45.194684036768273, -12.824200363627989 ], [ 45.193183375791214, -12.827240751887704 ], [ 45.193028038192558, -12.827764443452596 ], [ 45.19298457842941, -12.82877907626335 ], [ 45.193090351457698, -12.829722161425039 ], [ 45.193239937813267, -12.830113604241864 ], [ 45.193111008545969, -12.830224925249988 ], [ 45.192933562635304, -12.830762197085031 ], [ 45.192974139667122, -12.830801051291743 ], [ 45.192891260365819, -12.830877975798861 ], [ 45.192948574542648, -12.831113046208301 ], [ 45.194056040160689, -12.830829191924865 ], [ 45.194341853864458, -12.831009836549404 ], [ 45.194766640687654, -12.830957978339274 ], [ 45.194934447989915, -12.831072697361734 ], [ 45.195407238227759, -12.831129315951934 ], [ 45.196879371620604, -12.830516021150601 ], [ 45.197604654268439, -12.830564308108933 ], [ 45.197729122354353, -12.830642886765363 ], [ 45.197760545526783, -12.830759515057824 ], [ 45.19768512823083, -12.830949470253758 ], [ 45.19729833280882, -12.831268066817357 ], [ 45.196954994160677, -12.831773815908358 ], [ 45.196385635851421, -12.833155979274217 ], [ 45.195178042577552, -12.833864928640422 ], [ 45.194804148817177, -12.834193459050718 ], [ 45.194186893973651, -12.834428123877892 ], [ 45.194139832754772, -12.834346773582991 ], [ 45.19396846494903, -12.834398443964661 ], [ 45.19368198421116, -12.834555095377631 ], [ 45.192703717850975, -12.836311018783201 ], [ 45.192307750151137, -12.836705574177506 ], [ 45.191319153096167, -12.83701013323715 ], [ 45.1903470144115, -12.837145576621234 ], [ 45.190077119686933, -12.837306733522443 ], [ 45.189927977671601, -12.837506686878841 ], [ 45.189623570712868, -12.83834517276833 ], [ 45.189306745049599, -12.838600407697857 ], [ 45.188922567115249, -12.838751698669338 ], [ 45.188909593693147, -12.838655854489124 ], [ 45.188368609989588, -12.838619167430137 ], [ 45.187016476777842, -12.838344328276918 ], [ 45.185710582304928, -12.838284667745709 ], [ 45.185387148725184, -12.838331014325528 ], [ 45.185158730975317, -12.838507509689753 ], [ 45.184552283610508, -12.83842474267267 ], [ 45.183824054084965, -12.838153969512096 ], [ 45.183559267487681, -12.837741803528367 ], [ 45.183376772215453, -12.837704855509861 ], [ 45.182984218813985, -12.837746725959127 ], [ 45.182817383560739, -12.837700723859365 ], [ 45.182725189938104, -12.837648339812954 ], [ 45.182670756040324, -12.837562471176092 ], [ 45.182615194399922, -12.837190851223735 ], [ 45.182529389926373, -12.83705255618028 ], [ 45.182314634352707, -12.837006587029997 ], [ 45.182055728800016, -12.837078204535185 ], [ 45.181911962280431, -12.83707287841532 ], [ 45.181840037434078, -12.837012341510709 ], [ 45.181733900145076, -12.836791770893527 ], [ 45.18161772265703, -12.836705944714344 ], [ 45.18132189931255, -12.836699819024874 ], [ 45.181037994072916, -12.836606874020827 ], [ 45.180916348999588, -12.836606957786687 ], [ 45.180567277633834, -12.836883907187774 ], [ 45.180464997324265, -12.836901158739655 ], [ 45.180312914382313, -12.83686418769261 ], [ 45.180174608442556, -12.836762099031166 ], [ 45.180005822510715, -12.836563273327881 ], [ 45.179635893778212, -12.836020054779354 ], [ 45.179559371638156, -12.835973084562008 ], [ 45.179465374682771, -12.835974957320264 ], [ 45.179366816756378, -12.836042845524133 ], [ 45.179224351549557, -12.836572850193432 ], [ 45.179088964452802, -12.836687785912474 ], [ 45.178948900397764, -12.836705062619084 ], [ 45.178132326471079, -12.836596199592933 ], [ 45.178172923858831, -12.836665801556876 ], [ 45.178187962267828, -12.837082663974286 ], [ 45.178949990848054, -12.839549923192113 ], [ 45.178927080286009, -12.83973169882573 ], [ 45.178824723923185, -12.839643149187637 ], [ 45.178672661267726, -12.839636922681271 ], [ 45.178415707960312, -12.839868592648717 ], [ 45.178170643474651, -12.839970942440891 ], [ 45.177546747736976, -12.839977694712669 ], [ 45.177334738105628, -12.839907304139055 ], [ 45.177128367514598, -12.839993349827969 ], [ 45.176963352148292, -12.839914788759703 ], [ 45.176626081145507, -12.839946665454184 ], [ 45.176546851714015, -12.83998288985542 ], [ 45.176479650562761, -12.840087831346484 ], [ 45.17640341844065, -12.840457732580521 ], [ 45.176355550496375, -12.840534628414044 ], [ 45.176260652921478, -12.840569054688734 ], [ 45.17618506543073, -12.840541977021442 ], [ 45.175816116392177, -12.840079233392895 ], [ 45.175732235624913, -12.840053065420028 ], [ 45.175553496922618, -12.840118292982668 ], [ 45.175406859357182, -12.839961950668057 ], [ 45.175246507483912, -12.839962961945147 ], [ 45.175169055859492, -12.839905139741079 ], [ 45.175005057164711, -12.839963122873389 ], [ 45.174899942988311, -12.839882712039227 ], [ 45.174733330068236, -12.840158627962811 ], [ 45.174532393560753, -12.840108121893502 ], [ 45.174396958793402, -12.840159755720874 ], [ 45.174212619267045, -12.84012189829477 ], [ 45.174042152439625, -12.840155469586579 ], [ 45.173665393611024, -12.840391735684999 ], [ 45.173452715449258, -12.840689383945017 ], [ 45.173369952119231, -12.8409489666225 ], [ 45.173123316129903, -12.841452812608949 ], [ 45.173058133247316, -12.841816375665502 ], [ 45.172954180377239, -12.842086823502976 ], [ 45.172829856867828, -12.842217121476908 ], [ 45.172832776682483, -12.842444093546712 ], [ 45.172694693511701, -12.842668445506874 ], [ 45.17244134393404, -12.842791593854271 ], [ 45.172447041709752, -12.843038458232988 ], [ 45.172156791592982, -12.843107373800411 ], [ 45.171962443216401, -12.843261228496447 ], [ 45.171860122834644, -12.843224220025991 ], [ 45.171702606639201, -12.843332836490719 ], [ 45.171409612072779, -12.843432498511749 ], [ 45.171284235694493, -12.8433710893322 ], [ 45.171084106308435, -12.843154192823734 ], [ 45.17097999062085, -12.843187718929222 ], [ 45.170784584930956, -12.843141727819505 ], [ 45.170432673183022, -12.84333637633463 ], [ 45.170286247511264, -12.843492911541986 ], [ 45.169981343363119, -12.843699284605556 ], [ 45.169924297755152, -12.843836771902483 ], [ 45.169788856993982, -12.843883881984494 ], [ 45.169607434777767, -12.844076610589068 ], [ 45.169439875397281, -12.844328108252403 ], [ 45.169288804908973, -12.844431293449974 ], [ 45.169096359198299, -12.844678285538082 ], [ 45.168602711135399, -12.845159679222947 ], [ 45.168503304646229, -12.845346928733498 ], [ 45.168220436079856, -12.845434825103132 ], [ 45.167942274340568, -12.845671924167393 ], [ 45.167788578678945, -12.845987615709124 ], [ 45.167562017137378, -12.846212925777138 ], [ 45.167476432119528, -12.846398357521659 ], [ 45.167363144193523, -12.846500613244059 ], [ 45.167245361866762, -12.846774684749283 ], [ 45.16724358507642, -12.846875060824956 ], [ 45.167067605879183, -12.846942993742637 ], [ 45.166790197759433, -12.846929605890262 ], [ 45.166633546803716, -12.84695954653324 ], [ 45.165999810901184, -12.847446449874617 ], [ 45.165949174285096, -12.847524249853503 ], [ 45.165954571488591, -12.847322592272876 ], [ 45.16568631155981, -12.845799956060905 ], [ 45.165126297119748, -12.842042124959324 ], [ 45.164385546594055, -12.842342810208297 ], [ 45.162680870455944, -12.841281343171355 ], [ 45.162788126954155, -12.840399604349336 ], [ 45.162727262730201, -12.840336342493551 ], [ 45.162711227717544, -12.838330660542917 ], [ 45.163721346723555, -12.832768713020474 ], [ 45.164520987636983, -12.830956036853943 ], [ 45.164826598235628, -12.826188480602733 ], [ 45.165319950243557, -12.825298359147022 ], [ 45.163889558126819, -12.823560322974799 ], [ 45.163914343439231, -12.823412909808349 ], [ 45.164108567469327, -12.823082726326739 ], [ 45.164162754620634, -12.822802365550373 ], [ 45.164246544077947, -12.822698320988501 ], [ 45.164178232077653, -12.822512081831645 ], [ 45.164158752190914, -12.822314056540522 ], [ 45.164239624568609, -12.821974900843539 ], [ 45.164180248267314, -12.821357314233122 ], [ 45.164238178429819, -12.821165570579183 ], [ 45.16413757578681, -12.820919669014508 ], [ 45.164194443752685, -12.820510898659082 ], [ 45.164194093344527, -12.819970139003225 ], [ 45.163979104974345, -12.819537122578883 ] ] ] ] } },
{ "type": "Feature", "properties": { "code_iris": "976100501", "nom_iris": "Dagoni centre" }, "geometry": { "type": "MultiPolygon", "coordinates": [ [ [ [ 45.218633498186904, -12.743271040203913 ], [ 45.218780816209701, -12.743182298670499 ], [ 45.218992717622953, -12.743208347602531 ], [ 45.220028807533595, -12.743957138940859 ], [ 45.220388237828601, -12.74413769645254 ], [ 45.221063758026169, -12.744447302054533 ], [ 45.221565858218455, -12.74448938337687 ], [ 45.221436144895939, -12.74469476423965 ], [ 45.221421530286534, -12.744838557487329 ], [ 45.221668409736807, -12.744830212214726 ], [ 45.222027732139573, -12.744884167909483 ], [ 45.222992163261729, -12.744786598537925 ], [ 45.223379080406744, -12.744792602135661 ], [ 45.223653674002989, -12.744872851345827 ], [ 45.224132009730802, -12.745126550076144 ], [ 45.223886143455317, -12.745239793616397 ], [ 45.223758099474296, -12.745246231920049 ], [ 45.223630921177758, -12.745189369622242 ], [ 45.223525724548793, -12.744986899130899 ], [ 45.223423430429627, -12.744942675666991 ], [ 45.223297265453958, -12.744990709177099 ], [ 45.222815837099262, -12.745413415225135 ], [ 45.222633502589666, -12.745490432778318 ], [ 45.222519246756903, -12.745462496127058 ], [ 45.222462997062912, -12.745399243619644 ], [ 45.22220867718606, -12.745327114700373 ], [ 45.221904719414241, -12.745378913950848 ], [ 45.221812580072701, -12.745359096988738 ], [ 45.22171220009654, -12.745397161016424 ], [ 45.220867020394067, -12.745975704836905 ], [ 45.220751989739284, -12.74611686900559 ], [ 45.22060278368938, -12.746154069071851 ], [ 45.220344139615733, -12.746408388166369 ], [ 45.219783485242914, -12.746839293295224 ], [ 45.2197475184607, -12.746794109020678 ], [ 45.219462010940255, -12.746878444358224 ], [ 45.219040946207492, -12.746803737840644 ], [ 45.218690895976252, -12.746822113115192 ], [ 45.218432751293697, -12.746587212772498 ], [ 45.218349833306753, -12.746578238392628 ], [ 45.218257772762094, -12.74665065701522 ], [ 45.217796261368264, -12.746677261588582 ], [ 45.217988453319975, -12.746274697266317 ], [ 45.218368026379544, -12.745232649953108 ], [ 45.218531741536303, -12.744926867035044 ], [ 45.218436832746043, -12.744899816911213 ], [ 45.218570159057926, -12.744607623302567 ], [ 45.218596689838627, -12.744392381959562 ], [ 45.218527482302711, -12.744256796631438 ], [ 45.218287750008031, -12.744004699468515 ], [ 45.218272010378428, -12.743912475551156 ], [ 45.218633498186904, -12.743271040203913 ] ] ] ] } },
{ "type": "Feature", "properties": { "code_iris": "976110501", "nom_iris": "Tsoundzou 1-Cadjifouteni" }, "geometry": { "type": "MultiPolygon", "coordinates": [ [ [ [ 45.209446860155701, -12.805564493589495 ], [ 45.20925893058314, -12.805617995450646 ], [ 45.209402931142947, -12.805928048917856 ], [ 45.209391057660049, -12.806055561779344 ], [ 45.209061476928667, -12.806413918293895 ], [ 45.208359500600103, -12.806612511769623 ], [ 45.208087004201715, -12.806918373699977 ], [ 45.207911081752037, -12.807008036310235 ], [ 45.206413219931513, -12.807509281103155 ], [ 45.206271476033223, -12.807704716557385 ], [ 45.206233089211409, -12.808090874019376 ], [ 45.206034201047395, -12.808269172774549 ], [ 45.205504486476613, -12.808416079957942 ], [ 45.205133896938577, -12.808210193120122 ], [ 45.205078986014975, -12.807535643239428 ], [ 45.205120443796204, -12.807526568157195 ], [ 45.205071532560183, -12.807434369715208 ], [ 45.204745155944039, -12.80720584086674 ], [ 45.204568976831183, -12.806979003545212 ], [ 45.204383672486905, -12.806862495313608 ], [ 45.204246193827856, -12.806634723448845 ], [ 45.204271015270315, -12.80656326609436 ], [ 45.204693748203546, -12.806303409602224 ], [ 45.20462163939164, -12.806010478966755 ], [ 45.204524800597703, -12.805902040596319 ], [ 45.203740168747316, -12.805297685412814 ], [ 45.203788914914398, -12.805185516993513 ], [ 45.203971328388846, -12.805146491771355 ], [ 45.203641269969921, -12.804917964309885 ], [ 45.203685439419047, -12.804843779203518 ], [ 45.203647631474254, -12.804807637236188 ], [ 45.203678926201611, -12.804765111882434 ], [ 45.203795046092523, -12.804788533352317 ], [ 45.203853927212691, -12.804675452797499 ], [ 45.203726535928048, -12.804385277474356 ], [ 45.20355403529426, -12.804145776619441 ], [ 45.20361005556115, -12.80391242908097 ], [ 45.203684495669179, -12.803668215926622 ], [ 45.204212777151319, -12.802896456074386 ], [ 45.204464489958859, -12.803097915298389 ], [ 45.204727112227161, -12.803115796950847 ], [ 45.205146485193936, -12.803266485489971 ], [ 45.205153985323335, -12.803425632928283 ], [ 45.205401907520539, -12.803495973587211 ], [ 45.205485747565227, -12.803483248287117 ], [ 45.2055244887189, -12.803533857744704 ], [ 45.205840534746891, -12.803527281037438 ], [ 45.207544568518635, -12.803900315964423 ], [ 45.20901419552731, -12.803827715959393 ], [ 45.209479210634385, -12.804569760249112 ], [ 45.210061121597391, -12.805155270070593 ], [ 45.209379436877896, -12.805372839910667 ], [ 45.209446860155701, -12.805564493589495 ] ] ] ] } },
{ "type": "Feature", "properties": { "code_iris": "976100502", "nom_iris": "Dubai" }, "geometry": { "type": "MultiPolygon", "coordinates": [ [ [ [ 45.217796261368264, -12.746677261588582 ], [ 45.218257772762094, -12.74665065701522 ], [ 45.218349833306753, -12.746578238392628 ], [ 45.218432751293697, -12.746587212772498 ], [ 45.218690895976252, -12.746822113115192 ], [ 45.219040946207492, -12.746803737840644 ], [ 45.219462010940255, -12.746878444358224 ], [ 45.2197475184607, -12.746794109020678 ], [ 45.219783485242914, -12.746839293295224 ], [ 45.220344139615733, -12.746408388166369 ], [ 45.22060278368938, -12.746154069071851 ], [ 45.220751989739284, -12.74611686900559 ], [ 45.220867020394067, -12.745975704836905 ], [ 45.22171220009654, -12.745397161016424 ], [ 45.221812580072701, -12.745359096988738 ], [ 45.221904719414241, -12.745378913950848 ], [ 45.22220867718606, -12.745327114700373 ], [ 45.222462997062912, -12.745399243619644 ], [ 45.222519246756903, -12.745462496127058 ], [ 45.222633502589666, -12.745490432778318 ], [ 45.222815837099262, -12.745413415225135 ], [ 45.223297265453958, -12.744990709177099 ], [ 45.223423430429627, -12.744942675666991 ], [ 45.223525724548793, -12.744986899130899 ], [ 45.223630921177758, -12.745189369622242 ], [ 45.223478048677357, -12.745246468622167 ], [ 45.223329004373838, -12.745467239521707 ], [ 45.222946920072147, -12.74572166529361 ], [ 45.222715735349219, -12.745769787011078 ], [ 45.222484504760736, -12.745765460152585 ], [ 45.222102944077143, -12.745565029922753 ], [ 45.221968438727934, -12.745557004259002 ], [ 45.221831209067822, -12.745594194963315 ], [ 45.221192252747102, -12.746022455833018 ], [ 45.221207358774386, -12.746444743380216 ], [ 45.220964855602489, -12.74725247076899 ], [ 45.221252357747993, -12.747343563039664 ], [ 45.221501239253811, -12.747516072799742 ], [ 45.221222510571486, -12.747981107472977 ], [ 45.220992113746, -12.7478782118048 ], [ 45.220796125327425, -12.748147851785347 ], [ 45.22081093552314, -12.748229224885723 ], [ 45.220708811258078, -12.748382133931438 ], [ 45.220842494001921, -12.748502291978323 ], [ 45.220716464599541, -12.748709477957028 ], [ 45.220589640558991, -12.74906315836523 ], [ 45.220549244008069, -12.749222345838549 ], [ 45.220563190091049, -12.749369732315779 ], [ 45.220600043397674, -12.749374222994922 ], [ 45.220538577342161, -12.749670879028191 ], [ 45.22029660341947, -12.750030985255504 ], [ 45.219995543080515, -12.750244646601324 ], [ 45.219899899758744, -12.750436434101895 ], [ 45.220168950684204, -12.750493180073086 ], [ 45.220158972530342, -12.750673140656286 ], [ 45.220103729400265, -12.750709357950324 ], [ 45.220101096122292, -12.750860375367237 ], [ 45.219702085261588, -12.750728681856971 ], [ 45.21948097680658, -12.750716205489292 ], [ 45.21943470690362, -12.750474800367678 ], [ 45.219112609821046, -12.749795046691156 ], [ 45.219069949987798, -12.749465923045987 ], [ 45.219104738461972, -12.749211790723127 ], [ 45.218551339505325, -12.749518800501937 ], [ 45.217039551947636, -12.74947302268135 ], [ 45.217038579113321, -12.749412436515609 ], [ 45.21720966835187, -12.749106648395214 ], [ 45.217298775160494, -12.748809970358661 ], [ 45.217300535898389, -12.7487141149059 ], [ 45.217226657701595, -12.748503477629081 ], [ 45.217255817226224, -12.748128176189347 ], [ 45.217123748471288, -12.747737634311147 ], [ 45.217088533811136, -12.747493506758294 ], [ 45.217225581033567, -12.747240194963229 ], [ 45.217638045339442, -12.746952293889739 ], [ 45.217796261368264, -12.746677261588582 ] ] ] ] } },
{ "type": "Feature", "properties": { "code_iris": "976110502", "nom_iris": "Tsoundzou 1-Mangadzia" }, "geometry": { "type": "MultiPolygon", "coordinates": [ [ [ [ 45.206927700651669, -12.810152086437824 ], [ 45.206002232430457, -12.810885278440441 ], [ 45.20586325514914, -12.811086137168848 ], [ 45.205585621060514, -12.811883928532593 ], [ 45.205472408701866, -12.812041361522137 ], [ 45.205344348795556, -12.812070398371702 ], [ 45.205415931341079, -12.811710439333527 ], [ 45.205035192171714, -12.811493709041391 ], [ 45.204515700764155, -12.810615153399514 ], [ 45.204482401408796, -12.810457834622159 ], [ 45.204605598694116, -12.810113208415375 ], [ 45.204501321040034, -12.809923390710784 ], [ 45.204331673456984, -12.809799636102632 ], [ 45.204607199383808, -12.809812986355237 ], [ 45.204965901112296, -12.810129205239322 ], [ 45.205136423131179, -12.810194180577991 ], [ 45.205425739861219, -12.810168635204075 ], [ 45.205296419766938, -12.809778087301945 ], [ 45.205171908527767, -12.809636212453896 ], [ 45.204908344141046, -12.809601150772361 ], [ 45.204842862471452, -12.809528859351397 ], [ 45.205121953258157, -12.809393000166567 ], [ 45.205905164296738, -12.809362547704593 ], [ 45.206577418480016, -12.808862858906856 ], [ 45.207397550756781, -12.808911949662249 ], [ 45.207937385591741, -12.808746040817658 ], [ 45.208407080266568, -12.808447257308368 ], [ 45.209202623514933, -12.8077322457754 ], [ 45.209335120829898, -12.807500644946735 ], [ 45.209458086101193, -12.806884732838354 ], [ 45.209768595496932, -12.806863687291278 ], [ 45.210021164688918, -12.806976520951755 ], [ 45.210057180390194, -12.807072345855813 ], [ 45.209743457563249, -12.807664898935437 ], [ 45.207437625820418, -12.809465337136464 ], [ 45.207217616421445, -12.809732272793804 ], [ 45.206927700651669, -12.810152086437824 ] ] ], [ [ [ 45.204812442680129, -12.808373213650567 ], [ 45.204854080280647, -12.808586591264399 ], [ 45.204717855256284, -12.808772074523315 ], [ 45.204377846374818, -12.808780477132728 ], [ 45.203940968024412, -12.80864336530923 ], [ 45.203821206331028, -12.808676916375498 ], [ 45.203651814052691, -12.808869658999036 ], [ 45.203571817620521, -12.809081322297091 ], [ 45.203650305891031, -12.809286533096341 ], [ 45.204206284973594, -12.809712018247756 ], [ 45.203316847927042, -12.809421528434122 ], [ 45.203197072739336, -12.80943880219726 ], [ 45.203072813361288, -12.809609806908949 ], [ 45.202708744991313, -12.809492531055195 ], [ 45.201485263124731, -12.808596424473185 ], [ 45.201042688720918, -12.808245902124186 ], [ 45.20040635850998, -12.807575411417973 ], [ 45.2001223559366, -12.807326046100085 ], [ 45.20000527168034, -12.807249271240478 ], [ 45.199656884028222, -12.807146447650901 ], [ 45.199514913150296, -12.807059744353126 ], [ 45.199056632752665, -12.806649547961957 ], [ 45.19869412078566, -12.806158797582999 ], [ 45.198513188419426, -12.805737539457679 ], [ 45.198409889497668, -12.805612826623772 ], [ 45.198154508664537, -12.805431258543946 ], [ 45.197902900010106, -12.805360009562218 ], [ 45.197759173142039, -12.805382724511073 ], [ 45.197613947820663, -12.805847633531554 ], [ 45.197471242044884, -12.805998755349249 ], [ 45.197357010749805, -12.806034107891447 ], [ 45.196981025391302, -12.805986462484913 ], [ 45.196647291875777, -12.805765163191442 ], [ 45.196522724370098, -12.805541898932708 ], [ 45.196477187238131, -12.805042770180084 ], [ 45.196594994654639, -12.804866347623484 ], [ 45.196969006232159, -12.804747607509297 ], [ 45.19707855396026, -12.804614596369891 ], [ 45.197080327291495, -12.804525071292053 ], [ 45.196926198303025, -12.804204167036849 ], [ 45.196903976492202, -12.804065828753428 ], [ 45.196743520689722, -12.803903178168863 ], [ 45.196459716272251, -12.803899772845885 ], [ 45.196386039362956, -12.803948658920978 ], [ 45.196378770777372, -12.80408159355626 ], [ 45.196450815609694, -12.804304897092504 ], [ 45.196409500830001, -12.804498443895888 ], [ 45.196098015622255, -12.804447131969892 ], [ 45.19577350832661, -12.804237580282244 ], [ 45.195703409509271, -12.804147204326632 ], [ 45.195694955480356, -12.803938321830158 ], [ 45.195858759922281, -12.803665107409111 ], [ 45.196025396076003, -12.803479605981501 ], [ 45.196072289896946, -12.803351163261963 ], [ 45.196044501617429, -12.803163093607056 ], [ 45.195870249212213, -12.803031198266337 ], [ 45.19549428597702, -12.803006157657819 ], [ 45.195247395450252, -12.803075066061448 ], [ 45.195028213750241, -12.803229860373078 ], [ 45.194730875231379, -12.803599931045543 ], [ 45.194520913334635, -12.80376285664871 ], [ 45.194364294589271, -12.803795526344036 ], [ 45.19400674241195, -12.803748767311037 ], [ 45.193655278023186, -12.804434470533964 ], [ 45.193528201949967, -12.804542173299229 ], [ 45.193526490824539, -12.804714892128764 ], [ 45.193435365781255, -12.80484246260581 ], [ 45.193432683514366, -12.804950073951398 ], [ 45.187723270278532, -12.802215137919388 ], [ 45.185279894362885, -12.800037549995734 ], [ 45.184711858517339, -12.795633194241466 ], [ 45.186269995144634, -12.795689067536218 ], [ 45.188253870403123, -12.794568157824241 ], [ 45.188250352409469, -12.794794230690613 ], [ 45.190388950236603, -12.794827057513782 ], [ 45.19040003010641, -12.794857795075743 ], [ 45.190538017050983, -12.79456018682643 ], [ 45.192097051486101, -12.794592513791745 ], [ 45.192071439077871, -12.796057467983202 ], [ 45.192185707745061, -12.796076374598002 ], [ 45.192844480158179, -12.79481984694948 ], [ 45.193850938303399, -12.796403409227681 ], [ 45.192827588495753, -12.796842736170888 ], [ 45.195345228752593, -12.798496620564412 ], [ 45.197285112086533, -12.798889441927582 ], [ 45.198082645355171, -12.799540830018822 ], [ 45.199239768012298, -12.800486739411483 ], [ 45.201869909217272, -12.803310613417517 ], [ 45.203169691143664, -12.802862899879914 ], [ 45.203922223741614, -12.802519596326228 ], [ 45.204212777151319, -12.802896456074386 ], [ 45.203684495669179, -12.803668215926622 ], [ 45.20361005556115, -12.80391242908097 ], [ 45.20355403529426, -12.804145776619441 ], [ 45.203726535928048, -12.804385277474356 ], [ 45.203853927212691, -12.804675452797499 ], [ 45.203795046092523, -12.804788533352317 ], [ 45.203678926201611, -12.804765111882434 ], [ 45.203647631474254, -12.804807637236188 ], [ 45.203685439419047, -12.804843779203518 ], [ 45.203641269969921, -12.804917964309885 ], [ 45.203971328388846, -12.805146491771355 ], [ 45.203788914914398, -12.805185516993513 ], [ 45.203740168747316, -12.805297685412814 ], [ 45.204524800597703, -12.805902040596319 ], [ 45.20462163939164, -12.806010478966755 ], [ 45.204693748203546, -12.806303409602224 ], [ 45.204271015270315, -12.80656326609436 ], [ 45.204246193827856, -12.806634723448845 ], [ 45.204383672486905, -12.806862495313608 ], [ 45.204568976831183, -12.806979003545212 ], [ 45.204745155944039, -12.80720584086674 ], [ 45.205071532560183, -12.807434369715208 ], [ 45.205120443796204, -12.807526568157195 ], [ 45.205078986014975, -12.807535643239428 ], [ 45.205133896938577, -12.808210193120122 ], [ 45.204812442680129, -12.808373213650567 ] ] ] ] } },
{ "type": "Feature", "properties": { "code_iris": "976100503", "nom_iris": "Hamachaka" }, "geometry": { "type": "MultiPolygon", "coordinates": [ [ [ [ 45.221565858218455, -12.74448938337687 ], [ 45.222099365026658, -12.744629099956587 ], [ 45.222715424174105, -12.744359105743941 ], [ 45.224466632893325, -12.744330497388107 ], [ 45.224561429767725, -12.744230041538126 ], [ 45.224677082227124, -12.743752481935775 ], [ 45.224970478816488, -12.743218705666333 ], [ 45.224981627518588, -12.743325401584649 ], [ 45.225277394317985, -12.743390258321172 ], [ 45.22544711258147, -12.743633365896823 ], [ 45.225664538241183, -12.743654883346696 ], [ 45.226020526800468, -12.744105816683717 ], [ 45.226101972284752, -12.744532568623777 ], [ 45.226491992514589, -12.7449210766646 ], [ 45.226461683078789, -12.74502328656884 ], [ 45.226198273088102, -12.745089524549364 ], [ 45.226165360306375, -12.745372593210869 ], [ 45.226284422439896, -12.745625690588488 ], [ 45.226617184160766, -12.745851476455242 ], [ 45.226655274256579, -12.746211348357193 ], [ 45.227132870650024, -12.746663080089185 ], [ 45.227287661381702, -12.746690979905436 ], [ 45.227440772684027, -12.746901546168941 ], [ 45.22804738804642, -12.74740290076376 ], [ 45.228265062491694, -12.747698413412925 ], [ 45.227907723544526, -12.74883811750591 ], [ 45.2279033211627, -12.749066000482633 ], [ 45.228293245031011, -12.749336044665618 ], [ 45.228561666436164, -12.749717420015651 ], [ 45.228835472342197, -12.749938732434924 ], [ 45.228907500170003, -12.750129473678912 ], [ 45.228461361201276, -12.749839584800444 ], [ 45.227809573125967, -12.750340215185254 ], [ 45.227662507920897, -12.750712906163406 ], [ 45.227461671310216, -12.750705844716807 ], [ 45.226550046446675, -12.751158768426299 ], [ 45.226153221150369, -12.751417732844951 ], [ 45.22367605354637, -12.752528490019509 ], [ 45.223042452051978, -12.750670724534798 ], [ 45.221881498315817, -12.749393045306956 ], [ 45.221908118849633, -12.74928360475659 ], [ 45.221696204250819, -12.749248515437905 ], [ 45.221281793277683, -12.749415250508392 ], [ 45.22109215381591, -12.749570945744605 ], [ 45.220828522172148, -12.749388500857663 ], [ 45.220600043397674, -12.749374222994922 ], [ 45.220563190091049, -12.749369732315779 ], [ 45.220549244008069, -12.749222345838549 ], [ 45.220589640558991, -12.74906315836523 ], [ 45.220716464599541, -12.748709477957028 ], [ 45.220842494001921, -12.748502291978323 ], [ 45.220708811258078, -12.748382133931438 ], [ 45.22081093552314, -12.748229224885723 ], [ 45.220796125327425, -12.748147851785347 ], [ 45.220992113746, -12.7478782118048 ], [ 45.221222510571486, -12.747981107472977 ], [ 45.221501239253811, -12.747516072799742 ], [ 45.221252357747993, -12.747343563039664 ], [ 45.220964855602489, -12.74725247076899 ], [ 45.221207358774386, -12.746444743380216 ], [ 45.221192252747102, -12.746022455833018 ], [ 45.221831209067822, -12.745594194963315 ], [ 45.221968438727934, -12.745557004259002 ], [ 45.222102944077143, -12.745565029922753 ], [ 45.222484504760736, -12.745765460152585 ], [ 45.222715735349219, -12.745769787011078 ], [ 45.222946920072147, -12.74572166529361 ], [ 45.223329004373838, -12.745467239521707 ], [ 45.223478048677357, -12.745246468622167 ], [ 45.223630921177758, -12.745189369622242 ], [ 45.223758099474296, -12.745246231920049 ], [ 45.223886143455317, -12.745239793616397 ], [ 45.224132009730802, -12.745126550076144 ], [ 45.223653674002989, -12.744872851345827 ], [ 45.223379080406744, -12.744792602135661 ], [ 45.222992163261729, -12.744786598537925 ], [ 45.222027732139573, -12.744884167909483 ], [ 45.221668409736807, -12.744830212214726 ], [ 45.221421530286534, -12.744838557487329 ], [ 45.221436144895939, -12.74469476423965 ], [ 45.221565858218455, -12.74448938337687 ] ] ] ] } },
{ "type": "Feature", "properties": { "code_iris": "976100504", "nom_iris": "Majicoro Barakani Etpc" }, "geometry": { "type": "MultiPolygon", "coordinates": [ [ [ [ 45.21283353962874, -12.739963377286811 ], [ 45.213057881071897, -12.740549172748318 ], [ 45.2132829193961, -12.740865490837406 ], [ 45.215215658219336, -12.742016887911793 ], [ 45.215559285068103, -12.742035598186915 ], [ 45.215947240252063, -12.742184488684567 ], [ 45.216508058517157, -12.741950725280294 ], [ 45.21744021946386, -12.741830595573356 ], [ 45.217853713504397, -12.741680144435621 ], [ 45.218073862690815, -12.741657356027357 ], [ 45.21842866839571, -12.741821643011722 ], [ 45.2188460088623, -12.74293356683094 ], [ 45.218633498186904, -12.743271040203913 ], [ 45.218272010378428, -12.743912475551156 ], [ 45.218287750008031, -12.744004699468515 ], [ 45.218527482302711, -12.744256796631438 ], [ 45.218596689838627, -12.744392381959562 ], [ 45.218570159057926, -12.744607623302567 ], [ 45.218436832746043, -12.744899816911213 ], [ 45.218531741536303, -12.744926867035044 ], [ 45.218368026379544, -12.745232649953108 ], [ 45.217988453319975, -12.746274697266317 ], [ 45.217796261368264, -12.746677261588582 ], [ 45.217638045339442, -12.746952293889739 ], [ 45.217225581033567, -12.747240194963229 ], [ 45.217088533811136, -12.747493506758294 ], [ 45.217123748471288, -12.747737634311147 ], [ 45.217255817226224, -12.748128176189347 ], [ 45.217226657701595, -12.748503477629081 ], [ 45.217300535898389, -12.7487141149059 ], [ 45.217298775160494, -12.748809970358661 ], [ 45.21720966835187, -12.749106648395214 ], [ 45.217038579113321, -12.749412436515609 ], [ 45.217039551947636, -12.74947302268135 ], [ 45.218551339505325, -12.749518800501937 ], [ 45.219104738461972, -12.749211790723127 ], [ 45.219069949987798, -12.749465923045987 ], [ 45.219112609821046, -12.749795046691156 ], [ 45.21943470690362, -12.750474800367678 ], [ 45.21948097680658, -12.750716205489292 ], [ 45.219702085261588, -12.750728681856971 ], [ 45.220101096122292, -12.750860375367237 ], [ 45.220103729400265, -12.750709357950324 ], [ 45.220158972530342, -12.750673140656286 ], [ 45.220168950684204, -12.750493180073086 ], [ 45.219899899758744, -12.750436434101895 ], [ 45.219995543080515, -12.750244646601324 ], [ 45.22029660341947, -12.750030985255504 ], [ 45.220538577342161, -12.749670879028191 ], [ 45.220600043397674, -12.749374222994922 ], [ 45.220828522172148, -12.749388500857663 ], [ 45.22109215381591, -12.749570945744605 ], [ 45.221281793277683, -12.749415250508392 ], [ 45.221696204250819, -12.749248515437905 ], [ 45.221908118849633, -12.74928360475659 ], [ 45.221881498315817, -12.749393045306956 ], [ 45.223042452051978, -12.750670724534798 ], [ 45.22367605354637, -12.752528490019509 ], [ 45.222002936565275, -12.753433278233249 ], [ 45.22055344730768, -12.75407834044676 ], [ 45.220398784961496, -12.754203260406394 ], [ 45.220154709365438, -12.754268572095985 ], [ 45.219834516143791, -12.754735448312083 ], [ 45.219400757253858, -12.754912143718483 ], [ 45.217045967710426, -12.757003884462232 ], [ 45.217401404129291, -12.757882554953952 ], [ 45.217562723754014, -12.757997266093195 ], [ 45.217698372514569, -12.758257587743445 ], [ 45.218364989102405, -12.758887322662941 ], [ 45.21856511178774, -12.759128600626743 ], [ 45.218630660949266, -12.759290412943084 ], [ 45.2187385591617, -12.759417827467747 ], [ 45.211766760944194, -12.76210108620071 ], [ 45.211152875839723, -12.760614936947377 ], [ 45.211176730766304, -12.760496456865505 ], [ 45.211764714428384, -12.759640535023808 ], [ 45.211829083893257, -12.759496702500895 ], [ 45.211967229524276, -12.759442334784852 ], [ 45.212022415477684, -12.759333776603189 ], [ 45.212125542127197, -12.75926677693881 ], [ 45.212411056971504, -12.759171597955929 ], [ 45.210031287037538, -12.757902078174059 ], [ 45.212228001871324, -12.75618851624097 ], [ 45.211786626066903, -12.754969896848356 ], [ 45.210306021159866, -12.754792934999383 ], [ 45.210663560832579, -12.752676627911944 ], [ 45.210002900481186, -12.752524329559293 ], [ 45.209056463090626, -12.752138950541617 ], [ 45.209689962937532, -12.750633721535882 ], [ 45.210785690043906, -12.74885593368484 ], [ 45.210173029737497, -12.747690799794064 ], [ 45.209860452278825, -12.747350133060818 ], [ 45.209088563194172, -12.747472822586934 ], [ 45.208676524484524, -12.747168404365361 ], [ 45.208878893692699, -12.746801105488487 ], [ 45.208966150723342, -12.746484537293362 ], [ 45.209507875664023, -12.746538365847721 ], [ 45.20969437632025, -12.745920592344564 ], [ 45.210258751130638, -12.745514121042172 ], [ 45.211086038725547, -12.745550537905583 ], [ 45.211206354648233, -12.745110960034555 ], [ 45.213110903053838, -12.744470104310114 ], [ 45.212394003664976, -12.744240088437673 ], [ 45.210311565804588, -12.742533559742139 ], [ 45.210592375664191, -12.741224837605232 ], [ 45.21071368943165, -12.740879304571639 ], [ 45.211620148636982, -12.73976088634125 ], [ 45.211892714338966, -12.739628642811439 ], [ 45.212164735429845, -12.73994944570917 ], [ 45.212287484775835, -12.740225153884792 ], [ 45.21283353962874, -12.739963377286811 ] ] ] ] } },
{ "type": "Feature", "properties": { "code_iris": "976030600", "nom_iris": "Dapani" }, "geometry": { "type": "MultiPolygon", "coordinates": [ [ [ [ 45.15977769403878, -12.975920603512893 ], [ 45.15946047603915, -12.975877393149057 ], [ 45.159546100076113, -12.975676592676383 ], [ 45.159773760407148, -12.975536291098971 ], [ 45.160728885192547, -12.975328624980749 ], [ 45.160782409564746, -12.975398220715743 ], [ 45.161071921619673, -12.975373626364378 ], [ 45.160899687145331, -12.9756712378078 ], [ 45.160403592380426, -12.975633564765573 ], [ 45.15977769403878, -12.975920603512893 ] ] ], [ [ [ 45.166858865049392, -12.975486630516588 ], [ 45.16662276453593, -12.975408110332257 ], [ 45.166509964831924, -12.97494519632621 ], [ 45.165823031746363, -12.974949252077657 ], [ 45.164322942215279, -12.975108450981296 ], [ 45.163160494118273, -12.975526050996381 ], [ 45.162137110425476, -12.975691267873097 ], [ 45.16181172591461, -12.975852430508629 ], [ 45.161513011418506, -12.97590596804362 ], [ 45.161290753000962, -12.975842807008139 ], [ 45.161517434975238, -12.975616598860885 ], [ 45.161857721526751, -12.975686016201438 ], [ 45.162485476229158, -12.975422482341795 ], [ 45.16279528291674, -12.975412341721759 ], [ 45.16291686335763, -12.975209709125396 ], [ 45.163116876584297, -12.975095645785149 ], [ 45.162760867238369, -12.974952089768646 ], [ 45.162420455862176, -12.974689159863626 ], [ 45.162341264261968, -12.97485197790893 ], [ 45.162390258469266, -12.975044556876322 ], [ 45.162178344282353, -12.975291554788029 ], [ 45.161885190407226, -12.975387589974321 ], [ 45.161857460677538, -12.975282711890022 ], [ 45.161459097005533, -12.975232320258309 ], [ 45.161503272546739, -12.975102982210537 ], [ 45.161406330662238, -12.974908624275432 ], [ 45.161206202621237, -12.974845449424414 ], [ 45.161074149449746, -12.974537175060835 ], [ 45.16114972283377, -12.974481967786318 ], [ 45.161090612073707, -12.974328278448086 ], [ 45.16096054650388, -12.974242453261155 ], [ 45.16087487409559, -12.974365486993097 ], [ 45.160412850003347, -12.974252738438581 ], [ 45.160347334007113, -12.974175011574635 ], [ 45.160485347642847, -12.973714652920874 ], [ 45.160417740179106, -12.973250803933441 ], [ 45.160797453749872, -12.972981097033568 ], [ 45.160831357673352, -12.972651017406521 ], [ 45.160759563578296, -12.97284728843141 ], [ 45.160481859059161, -12.972587934231926 ], [ 45.160411832317479, -12.972664840386026 ], [ 45.160462615950479, -12.972775130064074 ], [ 45.160173932248561, -12.972648710046629 ], [ 45.160140787520518, -12.97272559342643 ], [ 45.160702462441833, -12.972950410517212 ], [ 45.160609408102474, -12.973064406025392 ], [ 45.160352215757662, -12.973159513011941 ], [ 45.160347998259489, -12.973772610888183 ], [ 45.160168450610257, -12.97416879184849 ], [ 45.160378055147248, -12.974632553391444 ], [ 45.159728289559183, -12.975082375367087 ], [ 45.159398198325214, -12.975093429029624 ], [ 45.159353968719451, -12.975139573902997 ], [ 45.159324440856544, -12.975105229715426 ], [ 45.159172312136505, -12.975123408225405 ], [ 45.159187258972928, -12.975428138153124 ], [ 45.158935755692553, -12.975774627397335 ], [ 45.158568945942918, -12.976046132268188 ], [ 45.15842431162082, -12.976251489712499 ], [ 45.15814588648238, -12.976313149470244 ], [ 45.158161825671058, -12.976730912611956 ], [ 45.158070627767671, -12.976868417103391 ], [ 45.157897317689702, -12.976930012714975 ], [ 45.157955596396299, -12.977228386493618 ], [ 45.15778625317035, -12.977732167723548 ], [ 45.157872173015662, -12.977997066741677 ], [ 45.157814165711116, -12.978129125371984 ], [ 45.157952458988156, -12.978101009068981 ], [ 45.158149666018303, -12.9779164181582 ], [ 45.158290588627978, -12.977672179523509 ], [ 45.158383678348827, -12.977609728229314 ], [ 45.158532154160241, -12.977644904328944 ], [ 45.158522841781277, -12.977500226786075 ], [ 45.158580908744788, -12.977463116323015 ], [ 45.158741367399834, -12.977491955109077 ], [ 45.158785551048439, -12.977372564491528 ], [ 45.1590012390797, -12.977252164835919 ], [ 45.159039066935144, -12.977288312518736 ], [ 45.15905015649178, -12.97732718935397 ], [ 45.159114698527212, -12.97732262853771 ], [ 45.159113609699226, -12.977060390871202 ], [ 45.159237129561959, -12.97700153774171 ], [ 45.159446217369492, -12.976653265686984 ], [ 45.159516527979704, -12.977019451986942 ], [ 45.159398733570455, -12.97738123222336 ], [ 45.15914995288157, -12.977661708257424 ], [ 45.158286330094356, -12.978228308221112 ], [ 45.157745372260742, -12.978703378596711 ], [ 45.157531465597692, -12.978727019242278 ], [ 45.15710470028074, -12.978975047330497 ], [ 45.156844911162963, -12.979352284715459 ], [ 45.145106800766278, -12.97925962773853 ], [ 45.144651372540274, -12.977800388697499 ], [ 45.140893525899941, -12.965622822574684 ], [ 45.156295661549635, -12.962124450509215 ], [ 45.157067563154797, -12.959462715621136 ], [ 45.157202413514433, -12.959841523995042 ], [ 45.160181116526189, -12.96081632228357 ], [ 45.160578107938726, -12.961638964599191 ], [ 45.162321273599169, -12.962505984243984 ], [ 45.169716142142377, -12.962953405671856 ], [ 45.169560834871412, -12.963712189905733 ], [ 45.169750852395836, -12.963832334103804 ], [ 45.16985241317078, -12.964036633034995 ], [ 45.169983627923848, -12.964460650311093 ], [ 45.170064833420227, -12.964560067049202 ], [ 45.170215159363529, -12.964613320790772 ], [ 45.170346085371619, -12.96461142663453 ], [ 45.17052765613888, -12.964511838035774 ], [ 45.170481894158264, -12.965010121048449 ], [ 45.17064013636201, -12.965855510270584 ], [ 45.171316779980089, -12.971063662380434 ], [ 45.170643876487119, -12.971343523864771 ], [ 45.170562377780293, -12.973523772185288 ], [ 45.166653168079392, -12.973986578454806 ], [ 45.167188432593399, -12.974691565695176 ], [ 45.167228600227894, -12.975468307752148 ], [ 45.166858865049392, -12.975486630516588 ] ] ] ] } },
{ "type": "Feature", "properties": { "code_iris": "976100600", "nom_iris": "Majicavo-Lamir" }, "geometry": { "type": "MultiPolygon", "coordinates": [ [ [ [ 45.228461361201276, -12.749839584800444 ], [ 45.228523217004465, -12.749987833670863 ], [ 45.229026572999118, -12.750388899619058 ], [ 45.229583261430058, -12.750677787278644 ], [ 45.229436616706579, -12.750491632392082 ], [ 45.229016358112098, -12.750298480233194 ], [ 45.229018999107986, -12.750161931315461 ], [ 45.229116642114981, -12.750152803921537 ], [ 45.230382296088194, -12.751031571050364 ], [ 45.231723118953177, -12.752503475077292 ], [ 45.232475839988936, -12.7525724440993 ], [ 45.233303338811275, -12.752812254286004 ], [ 45.234214529020662, -12.751893602660777 ], [ 45.234987329337677, -12.751759987632511 ], [ 45.235490340288564, -12.751773104402398 ], [ 45.235761308594419, -12.75190579239116 ], [ 45.23591442918336, -12.75211544921082 ], [ 45.235853975324538, -12.752491684359228 ], [ 45.236003500994833, -12.752798102464102 ], [ 45.228496122786488, -12.755729144602567 ], [ 45.227119254261531, -12.756191514901312 ], [ 45.221992320748726, -12.758165396632046 ], [ 45.2187385591617, -12.759417827467747 ], [ 45.218630660949266, -12.759290412943084 ], [ 45.21856511178774, -12.759128600626743 ], [ 45.218364989102405, -12.758887322662941 ], [ 45.217698372514569, -12.758257587743445 ], [ 45.217562723754014, -12.757997266093195 ], [ 45.217401404129291, -12.757882554953952 ], [ 45.217045967710426, -12.757003884462232 ], [ 45.219400757253858, -12.754912143718483 ], [ 45.219834516143791, -12.754735448312083 ], [ 45.220154709365438, -12.754268572095985 ], [ 45.220398784961496, -12.754203260406394 ], [ 45.22055344730768, -12.75407834044676 ], [ 45.222002936565275, -12.753433278233249 ], [ 45.22367605354637, -12.752528490019509 ], [ 45.226153221150369, -12.751417732844951 ], [ 45.226550046446675, -12.751158768426299 ], [ 45.227461671310216, -12.750705844716807 ], [ 45.227662507920897, -12.750712906163406 ], [ 45.227809573125967, -12.750340215185254 ], [ 45.228461361201276, -12.749839584800444 ] ] ] ] } },
{ "type": "Feature", "properties": { "code_iris": "976040600", "nom_iris": "Mbouanatsa" }, "geometry": { "type": "MultiPolygon", "coordinates": [ [ [ [ 45.123640612907046, -12.937744707595403 ], [ 45.119467207623238, -12.943879438298044 ], [ 45.105647806678853, -12.947528723007213 ], [ 45.093429114539056, -12.960114549274248 ], [ 45.083573261053523, -12.961392923551559 ], [ 45.082826376743014, -12.961233105719669 ], [ 45.082538740409724, -12.961329954294998 ], [ 45.082019768577204, -12.961702678925832 ], [ 45.081388265396967, -12.961940700959598 ], [ 45.080927451004975, -12.96254037787493 ], [ 45.079970516617564, -12.962918659781769 ], [ 45.07963766920809, -12.962924187416959 ], [ 45.079147106965614, -12.962773323293007 ], [ 45.078866735110019, -12.962525637408943 ], [ 45.078778140021484, -12.962267041995624 ], [ 45.078946787417514, -12.962007464424641 ], [ 45.079860307368136, -12.961385045717437 ], [ 45.080135883148607, -12.961052188401206 ], [ 45.080729573778605, -12.960786148634496 ], [ 45.081918722231428, -12.960030708908103 ], [ 45.08263320322007, -12.959799893463371 ], [ 45.083416745831222, -12.959305910329528 ], [ 45.083998335126495, -12.958718849846489 ], [ 45.084035177995169, -12.958607612302684 ], [ 45.084167946542124, -12.958607569440835 ], [ 45.084524699482103, -12.958422077831827 ], [ 45.085521075613478, -12.957515670414663 ], [ 45.08645594715793, -12.957410466111892 ], [ 45.086870752822996, -12.957139046020037 ], [ 45.086858726102832, -12.957021494445961 ], [ 45.087492062573048, -12.956803352569967 ], [ 45.087975995812563, -12.956474938251279 ], [ 45.088081960823679, -12.956291334880556 ], [ 45.088401841161655, -12.956143829926406 ], [ 45.089139354849145, -12.955912988855369 ], [ 45.089814218308696, -12.955812382723234 ], [ 45.089950634060841, -12.955702918543125 ], [ 45.090198663835885, -12.955740812299492 ], [ 45.09116108616081, -12.955359778124539 ], [ 45.091532622056363, -12.955286401705536 ], [ 45.092253428953057, -12.954768902927807 ], [ 45.092350262834088, -12.95483668915991 ], [ 45.092503292103913, -12.954779665635169 ], [ 45.092716196423623, -12.954576128375139 ], [ 45.092892295269571, -12.954573352839011 ], [ 45.093261155694506, -12.95474774592237 ], [ 45.093451984906054, -12.954687091215833 ], [ 45.093927529355291, -12.95414797308776 ], [ 45.094574584878821, -12.953672091062488 ], [ 45.095192992240143, -12.953027118693132 ], [ 45.095829696397168, -12.952016811481093 ], [ 45.096346741546107, -12.951534642888788 ], [ 45.096902428005862, -12.950846284450712 ], [ 45.097435012919426, -12.950031335093488 ], [ 45.097877373076464, -12.949553712714065 ], [ 45.098221005495702, -12.948883516428168 ], [ 45.099584982973425, -12.947536534912757 ], [ 45.09992604143271, -12.947366400890495 ], [ 45.100240325683558, -12.947104040760319 ], [ 45.100667807495718, -12.946336147334094 ], [ 45.100933053114865, -12.94564427506031 ], [ 45.101145085056316, -12.94559988346594 ], [ 45.101031561792489, -12.945295187072304 ], [ 45.101557286122471, -12.943537073703521 ], [ 45.101550583603846, -12.94292216976549 ], [ 45.101633360186341, -12.942432020812131 ], [ 45.101565893936616, -12.94202602788592 ], [ 45.101354560936798, -12.941510673663007 ], [ 45.1013581559234, -12.941280986551405 ], [ 45.101617082178727, -12.940938165779093 ], [ 45.101739481849215, -12.940400074734889 ], [ 45.101797206947765, -12.939520193071967 ], [ 45.101747351802814, -12.939345687525355 ], [ 45.101632088266442, -12.939291475979473 ], [ 45.101511125312378, -12.938822204546161 ], [ 45.101586202092342, -12.937533583897988 ], [ 45.101885464270367, -12.936637330927214 ], [ 45.102264297084339, -12.936447285021945 ], [ 45.102661666112958, -12.936497768367401 ], [ 45.102817449084547, -12.93644435481654 ], [ 45.103067151790306, -12.936107866085433 ], [ 45.103373881016303, -12.93545124124137 ], [ 45.10367705018907, -12.935107496528998 ], [ 45.103791744771577, -12.933789018152597 ], [ 45.10427548309498, -12.933149502936688 ], [ 45.104298394118828, -12.932820337691533 ], [ 45.103991862517432, -12.931714531644145 ], [ 45.106500991762282, -12.93101903669746 ], [ 45.107732358135216, -12.930332186633754 ], [ 45.109502053362853, -12.929525741214464 ], [ 45.110878266769362, -12.929122757929003 ], [ 45.110854334222907, -12.929205961398067 ], [ 45.110909688651326, -12.929298173942746 ], [ 45.110915322247962, -12.929529665960201 ], [ 45.110973444458281, -12.929626398687521 ], [ 45.111016020368915, -12.930007984640223 ], [ 45.110995784570768, -12.930111984869619 ], [ 45.110872341207561, -12.930318212025364 ], [ 45.111033779489318, -12.930557776274542 ], [ 45.111146276897493, -12.930615601996102 ], [ 45.111227454573637, -12.930729506062329 ], [ 45.111385340209644, -12.931272003691054 ], [ 45.111958621710237, -12.930953453665342 ], [ 45.113000754368201, -12.931806640060696 ], [ 45.113106154097181, -12.932478470579763 ], [ 45.114437661425541, -12.931055465939396 ], [ 45.116452406368111, -12.933883146059875 ], [ 45.117079095570624, -12.937384216287125 ], [ 45.118760523000475, -12.937038023581007 ], [ 45.123640612907046, -12.937744707595403 ] ] ] ] } },
{ "type": "Feature", "properties": { "code_iris": "976090600", "nom_iris": "Mbouini" }, "geometry": { "type": "MultiPolygon", "coordinates": [ [ [ [ 45.13796926435738, -13.004807326506359 ], [ 45.137885471020255, -13.005032533991889 ], [ 45.13762187551783, -13.005297624647115 ], [ 45.137624707840502, -13.005416986647482 ], [ 45.137349660990473, -13.00498308318644 ], [ 45.137035132958019, -13.004861173060922 ], [ 45.137050741392258, -13.004736375699411 ], [ 45.136856883491873, -13.004368440452973 ], [ 45.136778300820808, -13.004006774234311 ], [ 45.136826990474589, -13.003668551944989 ], [ 45.137005662383054, -13.003251589680186 ], [ 45.137046944490393, -13.002859115093674 ], [ 45.13709953521694, -13.002908822137012 ], [ 45.137154851236318, -13.002883473391563 ], [ 45.137493844614916, -13.002223177649219 ], [ 45.138090905132799, -13.001316783134978 ], [ 45.138448637355197, -13.001198133416349 ], [ 45.138543134024658, -13.001984797213733 ], [ 45.138223932179152, -13.003409191158559 ], [ 45.13796926435738, -13.004807326506359 ] ] ], [ [ [ 45.155985204666521, -12.980302285218484 ], [ 45.155993561478788, -12.980395420018398 ], [ 45.156251142505532, -12.980907986492301 ], [ 45.156299764383618, -12.981985847031877 ], [ 45.156416106306985, -12.982239876922229 ], [ 45.156787961305774, -12.982643861627386 ], [ 45.156979249935908, -12.983306575991859 ], [ 45.157022884075133, -12.98377767419028 ], [ 45.156964209463673, -12.984318462906696 ], [ 45.157058439314945, -12.984598729612838 ], [ 45.157364765025385, -12.984899666204768 ], [ 45.157503262006543, -12.985188948631432 ], [ 45.15733945494727, -12.985708098560767 ], [ 45.157352475328182, -12.985884423250308 ], [ 45.15769346031226, -12.987040777386722 ], [ 45.157467049951897, -12.987720020990917 ], [ 45.157461796947018, -12.988164020463495 ], [ 45.157707341801597, -12.988581644076559 ], [ 45.157854956758968, -12.988703630844642 ], [ 45.157220327271595, -12.989826213710961 ], [ 45.156645221923682, -12.990297685245197 ], [ 45.156279242808807, -12.990460674025924 ], [ 45.156037804642139, -12.990712205948277 ], [ 45.155942794161049, -12.99066071961995 ], [ 45.155605754442902, -12.991393379742602 ], [ 45.155631282413964, -12.992406145992984 ], [ 45.155567687811242, -12.99245772741317 ], [ 45.155389687111374, -12.99240900336874 ], [ 45.154681885617386, -12.993041509793196 ], [ 45.153573324934861, -12.994278303251809 ], [ 45.153698914669221, -12.994570307924233 ], [ 45.153516622152601, -12.995042444162545 ], [ 45.15359053086442, -12.995266659216702 ], [ 45.15312990373765, -12.995986729271932 ], [ 45.152927598801924, -12.996911011362453 ], [ 45.152537677115873, -12.997148159069225 ], [ 45.151835361519524, -12.997737249596076 ], [ 45.151293636557241, -12.998557737600828 ], [ 45.151065901349249, -12.998616647619507 ], [ 45.150348841689812, -12.999235583588939 ], [ 45.149696060956941, -12.999406867434695 ], [ 45.149143907343749, -12.99976798836404 ], [ 45.148222874674246, -13.000103095094271 ], [ 45.147836447453116, -13.000028261002672 ], [ 45.147601209377427, -12.999878286137371 ], [ 45.147145359062563, -12.999358590096264 ], [ 45.146983963317297, -12.999326127788727 ], [ 45.146931251722442, -12.999072962276932 ], [ 45.146767231071756, -12.99928103688609 ], [ 45.146744310627405, -12.999508021365411 ], [ 45.146548893350591, -12.999642867778503 ], [ 45.146330325074786, -12.999612245854955 ], [ 45.146226160972134, -12.999679220424767 ], [ 45.146057338202183, -12.999561760433121 ], [ 45.145363782506934, -12.999395763983259 ], [ 45.145160920596389, -12.999415771350979 ], [ 45.144882352993655, -12.999282095049072 ], [ 45.144350308535877, -12.999346594370042 ], [ 45.144238671224748, -12.999248091049068 ], [ 45.143625416974928, -12.999207738745593 ], [ 45.142562394567769, -12.999590830211764 ], [ 45.141982323327703, -12.999526040552679 ], [ 45.14164366147849, -12.999117495756328 ], [ 45.141260790734613, -12.998803018545027 ], [ 45.141087262048615, -12.998511938139561 ], [ 45.140679821276933, -12.997139478210253 ], [ 45.140136996484181, -12.996062786643634 ], [ 45.140159011677234, -12.995855697048915 ], [ 45.140087107628858, -12.995896427956344 ], [ 45.139486134537385, -12.9947139666738 ], [ 45.139453689733301, -12.994409245220574 ], [ 45.139333667098178, -12.99414887994406 ], [ 45.139515928840694, -12.993574570899804 ], [ 45.139182614010537, -12.992810641706324 ], [ 45.139398051012641, -12.99219923986055 ], [ 45.139330497879925, -12.991772460730342 ], [ 45.139401323405259, -12.991453215495428 ], [ 45.139360703602676, -12.991370044452207 ], [ 45.139126369150404, -12.991163092196123 ], [ 45.138956790199508, -12.991327760035185 ], [ 45.13911835393332, -12.991673104692232 ], [ 45.138996832230006, -12.992030356300427 ], [ 45.138819764097079, -12.991994280148326 ], [ 45.137847511567827, -12.991391649639137 ], [ 45.137076427359126, -12.99104662634533 ], [ 45.136012133109396, -12.990742446487221 ], [ 45.135047508486011, -12.990582893683959 ], [ 45.135017934213842, -12.990459928318934 ], [ 45.135348038818918, -12.9904335328001 ], [ 45.135634659969021, -12.990142208427814 ], [ 45.136035728802071, -12.990045241933782 ], [ 45.136388635534843, -12.989560368235802 ], [ 45.136404235520494, -12.98942110245531 ], [ 45.136213466962886, -12.989621950454785 ], [ 45.135407537182878, -12.98962237153826 ], [ 45.132842829371405, -12.987320518505122 ], [ 45.134873102216652, -12.98522247015889 ], [ 45.135962306647805, -12.985597175107602 ], [ 45.136214952633303, -12.985578957465057 ], [ 45.13622228264596, -12.985493047939151 ], [ 45.13639726583115, -12.985096885775313 ], [ 45.13645439703263, -12.985025418438102 ], [ 45.136638761586397, -12.984924043335935 ], [ 45.136736380970213, -12.984698828687716 ], [ 45.136704023494509, -12.984545119729253 ], [ 45.137032104950528, -12.984206749900315 ], [ 45.137125211402356, -12.984160583026313 ], [ 45.136479398074499, -12.983527029173521 ], [ 45.13702274981997, -12.982278850107631 ], [ 45.133814731210208, -12.980426765493281 ], [ 45.134843913710128, -12.977261285875668 ], [ 45.137489558614064, -12.97766682307727 ], [ 45.138126805418786, -12.977838296980853 ], [ 45.138984759685826, -12.97860556593948 ], [ 45.140672809510605, -12.97976302930442 ], [ 45.141816091170611, -12.979590597086926 ], [ 45.14206417964526, -12.978053201625988 ], [ 45.142773949226509, -12.977654933961666 ], [ 45.144064704281767, -12.977401026608641 ], [ 45.144651372540274, -12.977800388697499 ], [ 45.145106800766278, -12.97925962773853 ], [ 45.156844911162963, -12.979352284715459 ], [ 45.155985204666521, -12.980302285218484 ] ] ] ] } },
{ "type": "Feature", "properties": { "code_iris": "976060600", "nom_iris": "Mréréni" }, "geometry": { "type": "MultiPolygon", "coordinates": [ [ [ [ 45.164484127593575, -12.894630780678398 ], [ 45.165249707864177, -12.901032567877184 ], [ 45.166395598460248, -12.909557344201767 ], [ 45.165984496813408, -12.909603723534769 ], [ 45.165568696036409, -12.909513559745509 ], [ 45.165264483334333, -12.909495666738838 ], [ 45.165006397285396, -12.90953200074178 ], [ 45.164490046988789, -12.909332481449569 ], [ 45.163964616035713, -12.909342758531192 ], [ 45.163872227869334, -12.909026320339523 ], [ 45.163687828776482, -12.908972179377169 ], [ 45.163383669688265, -12.909035668857705 ], [ 45.162756815198534, -12.90900893160687 ], [ 45.161807149741549, -12.908711110418922 ], [ 45.161263271378353, -12.90870240370475 ], [ 45.160415250791885, -12.908784310125222 ], [ 45.159981938718495, -12.908694148150667 ], [ 45.158967933268613, -12.908685723910649 ], [ 45.158018392621003, -12.908577786544248 ], [ 45.157843224587438, -12.908541721358953 ], [ 45.157667614603135, -12.907800321866166 ], [ 45.154948427977537, -12.908073229953867 ], [ 45.154146387216755, -12.907974233774004 ], [ 45.151280467939586, -12.9079849504338 ], [ 45.148996871474395, -12.909105754492813 ], [ 45.148866834403968, -12.909003645469662 ], [ 45.148896243790233, -12.908853519034725 ], [ 45.149166346937974, -12.908870546297878 ], [ 45.149195796884939, -12.908789144723801 ], [ 45.149042791044863, -12.908816360249194 ], [ 45.148898908098765, -12.908682609497623 ], [ 45.148880359895159, -12.908493626533204 ], [ 45.148985315918637, -12.908272019307821 ], [ 45.148877338674609, -12.908061384673889 ], [ 45.149040403703587, -12.907898522221483 ], [ 45.148753473701973, -12.907483623250346 ], [ 45.148463140714647, -12.907548896086327 ], [ 45.147790173829279, -12.907476935301922 ], [ 45.147639977575693, -12.907578298994565 ], [ 45.147617000123212, -12.907694059214203 ], [ 45.147349688659837, -12.9077195297039 ], [ 45.146771536116447, -12.907420539725166 ], [ 45.146090025356486, -12.906920857062326 ], [ 45.145824559214013, -12.906948133507502 ], [ 45.145333608339996, -12.906001630366882 ], [ 45.145308510645869, -12.905639934085455 ], [ 45.145220886763873, -12.90554955520069 ], [ 45.144999632754441, -12.905514411225363 ], [ 45.144994015426498, -12.905364304588772 ], [ 45.145049311820777, -12.905343475584992 ], [ 45.144738506037285, -12.90507055654879 ], [ 45.144331892917222, -12.904901681725972 ], [ 45.14405701240026, -12.904582623967551 ], [ 45.144257680499855, -12.904085161714516 ], [ 45.144131282329063, -12.903890812118211 ], [ 45.144208525539518, -12.903562517439576 ], [ 45.144451550104783, -12.90298635965936 ], [ 45.145006813264786, -12.901977784879829 ], [ 45.145191120943061, -12.901889063609605 ], [ 45.145381947890954, -12.901916085894841 ], [ 45.145440896712579, -12.901836476851168 ], [ 45.145527198707583, -12.90123689395716 ], [ 45.145671712721111, -12.900878720270125 ], [ 45.145506647517799, -12.900766681922887 ], [ 45.145459419427141, -12.900391433677788 ], [ 45.145239002511538, -12.900201658191676 ], [ 45.145136685147058, -12.900203523527647 ], [ 45.144940442809634, -12.900374540483883 ], [ 45.144840883972591, -12.900364648588987 ], [ 45.14475140450093, -12.900249855066377 ], [ 45.144559491462424, -12.899934368862082 ], [ 45.144408044105766, -12.899456090484824 ], [ 45.144064024362812, -12.899117176621603 ], [ 45.14402233824184, -12.898757297687307 ], [ 45.143865496798988, -12.898515037976336 ], [ 45.14540244683856, -12.897507729050744 ], [ 45.146468872745231, -12.894215568845718 ], [ 45.148552883984316, -12.895606979619997 ], [ 45.148672607388725, -12.895426056399325 ], [ 45.148847658147908, -12.895281272707503 ], [ 45.149243986787688, -12.895226790419304 ], [ 45.149326972810655, -12.895271956888577 ], [ 45.149465146968481, -12.895118151064372 ], [ 45.14952036666034, -12.894972531059739 ], [ 45.149584756705629, -12.894747329497775 ], [ 45.149593845482819, -12.894530298018383 ], [ 45.14969516993353, -12.894412684177897 ], [ 45.149797463918169, -12.894375550324863 ], [ 45.149916307676222, -12.894267873409362 ], [ 45.150229680449478, -12.894221575633461 ], [ 45.150321792764984, -12.894113913877735 ], [ 45.150284835843493, -12.893969250909324 ], [ 45.152018047595462, -12.894456559059019 ], [ 45.153041290395016, -12.894591604120434 ], [ 45.153133357099847, -12.894410695054898 ], [ 45.153280751600064, -12.894265924601239 ], [ 45.15329909334848, -12.894112186925572 ], [ 45.153464983468304, -12.894066875902778 ], [ 45.153483396721072, -12.8940306940622 ], [ 45.153354157002518, -12.893714273186593 ], [ 45.153252702515118, -12.893614862238708 ], [ 45.153224961616452, -12.893470194300596 ], [ 45.154275349915693, -12.892782327432721 ], [ 45.154375873535017, -12.891362554561251 ], [ 45.154716339720729, -12.890412863497092 ], [ 45.154790074263062, -12.890403777147933 ], [ 45.155443948577904, -12.88948102790607 ], [ 45.157637063295773, -12.888448841670666 ], [ 45.158402161882222, -12.888529764785083 ], [ 45.160273204689183, -12.888374899199892 ], [ 45.161831659670973, -12.889477157444976 ], [ 45.161905335556803, -12.889377641526723 ], [ 45.161969846229631, -12.889359516104101 ], [ 45.162227789857432, -12.889133287385389 ], [ 45.16246735641586, -12.888997497425486 ], [ 45.16313031671077, -12.887920996662208 ], [ 45.163586448551818, -12.887719962793238 ], [ 45.164484127593575, -12.894630780678398 ] ] ] ] } },
{ "type": "Feature", "properties": { "code_iris": "976110601", "nom_iris": "Vahibé-Wémani-Dispensaire" }, "geometry": { "type": "MultiPolygon", "coordinates": [ [ [ [ 45.181125357086522, -12.791206510594348 ], [ 45.181755034326436, -12.791721518020699 ], [ 45.182735637672259, -12.79205994595138 ], [ 45.182777408778676, -12.792488546588448 ], [ 45.181708696241721, -12.792633970385719 ], [ 45.180705277949265, -12.793900654623368 ], [ 45.179432968635616, -12.792798299714221 ], [ 45.177277447821304, -12.793576536123677 ], [ 45.177013877117176, -12.793503466380644 ], [ 45.176929990917301, -12.79344745720525 ], [ 45.17725212237206, -12.79557501620963 ], [ 45.174621678081451, -12.795818215149593 ], [ 45.174565407054807, -12.795723302814716 ], [ 45.174570852791923, -12.795603029706252 ], [ 45.174684952695962, -12.795378692187946 ], [ 45.174888457785698, -12.795196796572718 ], [ 45.175225365026229, -12.794723633358766 ], [ 45.175332020949519, -12.79439530807293 ], [ 45.175339227303262, -12.794156572823695 ], [ 45.175294917097524, -12.794036332778637 ], [ 45.175110490726723, -12.793823949058853 ], [ 45.174833912453103, -12.793593540688175 ], [ 45.174762850954522, -12.793428104177567 ], [ 45.174816939466034, -12.79303018418247 ], [ 45.174920917633038, -12.79282755601789 ], [ 45.174928184145593, -12.792675631794992 ], [ 45.174981620647699, -12.792669266360981 ], [ 45.175130941381262, -12.792748744047666 ], [ 45.175226730839356, -12.79269713632072 ], [ 45.175225619767531, -12.792422235284382 ], [ 45.175277151634461, -12.792326347122595 ], [ 45.175332431463588, -12.792320884675082 ], [ 45.175660638103373, -12.792596472271216 ], [ 45.175676356847504, -12.792676038625551 ], [ 45.175942760674651, -12.792850387431002 ], [ 45.175978659979769, -12.792799723674259 ], [ 45.176079098887811, -12.792809603719249 ], [ 45.176263233455579, -12.792601495799634 ], [ 45.176346164554786, -12.792609578883591 ], [ 45.176661976199625, -12.792283825910072 ], [ 45.176806578821903, -12.792203247875376 ], [ 45.176760484026687, -12.792167107496718 ], [ 45.177111167455635, -12.791640579975951 ], [ 45.17700565314523, -12.790957917796675 ], [ 45.176903244938636, -12.790765374412102 ], [ 45.177214578530752, -12.790628618753482 ], [ 45.177065956017444, -12.790228121569301 ], [ 45.176772791891864, -12.789993204868006 ], [ 45.176207731084823, -12.789630061558698 ], [ 45.176018727867699, -12.789457469854018 ], [ 45.176046204520304, -12.789219625258387 ], [ 45.176342596870818, -12.788798031663479 ], [ 45.176470445069981, -12.788476021624595 ], [ 45.176397426327384, -12.788145103116593 ], [ 45.176234177494571, -12.787907385974094 ], [ 45.176238705965311, -12.787794347644262 ], [ 45.17630127861181, -12.787677653391325 ], [ 45.17686080312815, -12.788035374624231 ], [ 45.177175178188762, -12.788301022641647 ], [ 45.17769129166652, -12.788503234664667 ], [ 45.177821271924564, -12.788597192419685 ], [ 45.178246340569608, -12.789042716639885 ], [ 45.17828789854272, -12.789179235168959 ], [ 45.178299188695128, -12.78951200339961 ], [ 45.178392345497642, -12.789650295579156 ], [ 45.178764660614824, -12.789758557323244 ], [ 45.179223515298283, -12.789766384416557 ], [ 45.17935808835994, -12.789838635496777 ], [ 45.17946877962892, -12.79001579948952 ], [ 45.179612841058436, -12.790475981005491 ], [ 45.179807402655925, -12.790686546138179 ], [ 45.179972391112024, -12.790771436099119 ], [ 45.180498570580056, -12.790866026066992 ], [ 45.181125357086522, -12.791206510594348 ] ] ] ] } },
{ "type": "Feature", "properties": { "code_iris": "976110602", "nom_iris": "Vahibé-Vietnam et les Hauts" }, "geometry": { "type": "MultiPolygon", "coordinates": [ [ [ [ 45.153457907930211, -12.809556583259473 ], [ 45.152571973437915, -12.80427156917558 ], [ 45.162221448401162, -12.791579626920106 ], [ 45.163003711910271, -12.790147664839161 ], [ 45.167644654145072, -12.781649921416232 ], [ 45.169197814345885, -12.782667152868399 ], [ 45.169388763302322, -12.783008849350439 ], [ 45.169553790400769, -12.783164280034185 ], [ 45.169727068276075, -12.783257309774102 ], [ 45.169863535368698, -12.783415471477161 ], [ 45.169966080991472, -12.783825949914146 ], [ 45.170155146148922, -12.784103442913151 ], [ 45.170277725039611, -12.784159429368291 ], [ 45.170546785645875, -12.784192714039495 ], [ 45.170783515939085, -12.78410303688929 ], [ 45.170861789261679, -12.784039686403196 ], [ 45.171005525552452, -12.78404501897233 ], [ 45.171128131998941, -12.784141697743696 ], [ 45.171309673512397, -12.784190411200196 ], [ 45.171447068942797, -12.78435670999826 ], [ 45.171580721090969, -12.784437104283002 ], [ 45.171638867219706, -12.784585368848342 ], [ 45.171816789716182, -12.784731746850559 ], [ 45.172028875198571, -12.784984807825202 ], [ 45.172400328207779, -12.785194358943032 ], [ 45.172654659343863, -12.785243928160718 ], [ 45.173083025558974, -12.785141463499741 ], [ 45.173341950647938, -12.785172039102262 ], [ 45.173635036204701, -12.78530477591508 ], [ 45.173727224271737, -12.785379770684873 ], [ 45.173818561542646, -12.785557854209509 ], [ 45.174509250642771, -12.78506637270122 ], [ 45.17460404950409, -12.784918007610862 ], [ 45.175778370878874, -12.784309549797374 ], [ 45.177058486915342, -12.78347675371314 ], [ 45.177320301632641, -12.783689084308151 ], [ 45.177639169187508, -12.78379828800446 ], [ 45.178024525858923, -12.784122665715982 ], [ 45.178193445993749, -12.784565650142127 ], [ 45.179850957655553, -12.783229804330327 ], [ 45.180393889478992, -12.783583008147421 ], [ 45.180543918949063, -12.784665331667805 ], [ 45.179930823308894, -12.785419017827733 ], [ 45.180045206167698, -12.785607030527984 ], [ 45.180036050148495, -12.785688422194193 ], [ 45.179954139282792, -12.785816886187378 ], [ 45.179863908484123, -12.785906471684806 ], [ 45.179412561341827, -12.78608220984035 ], [ 45.179523270143143, -12.786286502340552 ], [ 45.179593470096421, -12.786535132209059 ], [ 45.179397281772609, -12.78662569395061 ], [ 45.179364147489721, -12.786675452014419 ], [ 45.17967744153831, -12.786714122930594 ], [ 45.179951080154773, -12.78670127643678 ], [ 45.179937547761263, -12.7871082127176 ], [ 45.180067893436288, -12.787717610028372 ], [ 45.18011311714843, -12.787825188738914 ], [ 45.180222793007857, -12.787870327931811 ], [ 45.180991311188407, -12.787996401184218 ], [ 45.181249263177385, -12.787949201368754 ], [ 45.181293517008974, -12.787988055087926 ], [ 45.181295450752408, -12.788115557547712 ], [ 45.18135075727691, -12.788148977965465 ], [ 45.181436418901612, -12.788111843481017 ], [ 45.181475066364285, -12.788041282881432 ], [ 45.181402923889586, -12.787656108293158 ], [ 45.181406556445673, -12.787581954653046 ], [ 45.181462706090521, -12.78750595632177 ], [ 45.181648757269919, -12.78741268718562 ], [ 45.181739053938038, -12.787415337829888 ], [ 45.181986009581983, -12.787453147404888 ], [ 45.182127953824697, -12.787526296286067 ], [ 45.182246916306134, -12.787672707826497 ], [ 45.182266373537928, -12.787823709503343 ], [ 45.182163650146606, -12.788480289308517 ], [ 45.182292662619417, -12.788507328631312 ], [ 45.182513773368399, -12.788479142963332 ], [ 45.182249820381656, -12.789152111373685 ], [ 45.182876418075118, -12.789233062995061 ], [ 45.181125357086522, -12.791206510594348 ], [ 45.180498570580056, -12.790866026066992 ], [ 45.179972391112024, -12.790771436099119 ], [ 45.179807402655925, -12.790686546138179 ], [ 45.179612841058436, -12.790475981005491 ], [ 45.17946877962892, -12.79001579948952 ], [ 45.17935808835994, -12.789838635496777 ], [ 45.179223515298283, -12.789766384416557 ], [ 45.178764660614824, -12.789758557323244 ], [ 45.178392345497642, -12.789650295579156 ], [ 45.178299188695128, -12.78951200339961 ], [ 45.17828789854272, -12.789179235168959 ], [ 45.178246340569608, -12.789042716639885 ], [ 45.177821271924564, -12.788597192419685 ], [ 45.17769129166652, -12.788503234664667 ], [ 45.177175178188762, -12.788301022641647 ], [ 45.17686080312815, -12.788035374624231 ], [ 45.17630127861181, -12.787677653391325 ], [ 45.176238705965311, -12.787794347644262 ], [ 45.176234177494571, -12.787907385974094 ], [ 45.176397426327384, -12.788145103116593 ], [ 45.176470445069981, -12.788476021624595 ], [ 45.176342596870818, -12.788798031663479 ], [ 45.176046204520304, -12.789219625258387 ], [ 45.176018727867699, -12.789457469854018 ], [ 45.176207731084823, -12.789630061558698 ], [ 45.176772791891864, -12.789993204868006 ], [ 45.177065956017444, -12.790228121569301 ], [ 45.177214578530752, -12.790628618753482 ], [ 45.176903244938636, -12.790765374412102 ], [ 45.17700565314523, -12.790957917796675 ], [ 45.177111167455635, -12.791640579975951 ], [ 45.176760484026687, -12.792167107496718 ], [ 45.176806578821903, -12.792203247875376 ], [ 45.176661976199625, -12.792283825910072 ], [ 45.176346164554786, -12.792609578883591 ], [ 45.176263233455579, -12.792601495799634 ], [ 45.176079098887811, -12.792809603719249 ], [ 45.175978659979769, -12.792799723674259 ], [ 45.175942760674651, -12.792850387431002 ], [ 45.175676356847504, -12.792676038625551 ], [ 45.175660638103373, -12.792596472271216 ], [ 45.175332431463588, -12.792320884675082 ], [ 45.175277151634461, -12.792326347122595 ], [ 45.175225619767531, -12.792422235284382 ], [ 45.175226730839356, -12.79269713632072 ], [ 45.175130941381262, -12.792748744047666 ], [ 45.174981620647699, -12.792669266360981 ], [ 45.174928184145593, -12.792675631794992 ], [ 45.174920917633038, -12.79282755601789 ], [ 45.174816939466034, -12.79303018418247 ], [ 45.174762850954522, -12.793428104177567 ], [ 45.174833912453103, -12.793593540688175 ], [ 45.175110490726723, -12.793823949058853 ], [ 45.175294917097524, -12.794036332778637 ], [ 45.175339227303262, -12.794156572823695 ], [ 45.175332020949519, -12.79439530807293 ], [ 45.175225365026229, -12.794723633358766 ], [ 45.174888457785698, -12.795196796572718 ], [ 45.174684952695962, -12.795378692187946 ], [ 45.174570852791923, -12.795603029706252 ], [ 45.174565407054807, -12.795723302814716 ], [ 45.174621678081451, -12.795818215149593 ], [ 45.17725212237206, -12.79557501620963 ], [ 45.179840169017275, -12.79532096862593 ], [ 45.181180637652233, -12.796368113155804 ], [ 45.181361572477115, -12.79813224204689 ], [ 45.180529674817222, -12.798328138009866 ], [ 45.179725554673254, -12.798716624386586 ], [ 45.179210563630235, -12.798830914565084 ], [ 45.178853059189379, -12.798838391684216 ], [ 45.178718689664834, -12.799061840387099 ], [ 45.178526252761877, -12.799260008481033 ], [ 45.178500530645671, -12.799370348253705 ], [ 45.178628836264735, -12.799694898382636 ], [ 45.179059386693176, -12.800045467397055 ], [ 45.179178502140175, -12.800402577605206 ], [ 45.179169476884169, -12.800670251046226 ], [ 45.179002756722056, -12.800751749683808 ], [ 45.178324609485195, -12.80078114649907 ], [ 45.17812841864469, -12.800884367284828 ], [ 45.178060311319534, -12.80099563993638 ], [ 45.178057697414005, -12.801209956404998 ], [ 45.178303999990156, -12.801611290795583 ], [ 45.17837692743425, -12.801802949088842 ], [ 45.178353017994432, -12.801870786378009 ], [ 45.178086990106095, -12.802248051655775 ], [ 45.177573993462993, -12.802590216261882 ], [ 45.177207488484179, -12.802911482914213 ], [ 45.17696524351198, -12.803042766538535 ], [ 45.176588459113049, -12.80315967165337 ], [ 45.176322295288536, -12.803347036167217 ], [ 45.175805448507752, -12.803458608184602 ], [ 45.175537387739148, -12.803569109260453 ], [ 45.175257295623048, -12.803603658432507 ], [ 45.175128244327233, -12.80353049745813 ], [ 45.174640467366586, -12.803038892151825 ], [ 45.174424762182966, -12.802907914235822 ], [ 45.174284684739121, -12.80287906992975 ], [ 45.17401291584445, -12.802957017779102 ], [ 45.173565341952589, -12.80331088708575 ], [ 45.173276115156717, -12.803462092482899 ], [ 45.173169253564204, -12.803498334006102 ], [ 45.172831083743873, -12.803493130384535 ], [ 45.172426316924145, -12.80311450164838 ], [ 45.172398568282155, -12.802958983379499 ], [ 45.172298049952111, -12.802837875405164 ], [ 45.172255532748288, -12.802644386947613 ], [ 45.17210796893184, -12.802445541431283 ], [ 45.172017611188693, -12.80236059796864 ], [ 45.171860000198585, -12.802291975420269 ], [ 45.171691366407181, -12.802273999731494 ], [ 45.171443553881865, -12.802351025041887 ], [ 45.17121149764003, -12.802564586410865 ], [ 45.171034749423285, -12.802811570098109 ], [ 45.171000727769517, -12.802917393133059 ], [ 45.170396613576052, -12.803431416514652 ], [ 45.17011371106824, -12.803398140920539 ], [ 45.170049995202469, -12.803193814403789 ], [ 45.169843480500163, -12.803023942667336 ], [ 45.169672065725507, -12.802981551878645 ], [ 45.16947472710612, -12.80275379990675 ], [ 45.169305218787066, -12.80280635722891 ], [ 45.169116411564652, -12.802935790776665 ], [ 45.168889147161742, -12.803430578650708 ], [ 45.168629358193549, -12.803513938980194 ], [ 45.168450574211136, -12.803475169243422 ], [ 45.168075635744067, -12.803603816716493 ], [ 45.167754885763209, -12.803466570333557 ], [ 45.167649722224503, -12.803284876647362 ], [ 45.167565835387528, -12.803229768829068 ], [ 45.167574954760134, -12.803085982229396 ], [ 45.167390547788528, -12.802903434540521 ], [ 45.167150967803465, -12.802891830986374 ], [ 45.167067155626953, -12.802949758181974 ], [ 45.167077435471562, -12.803168587854806 ], [ 45.167392803471927, -12.803529196085417 ], [ 45.167398412020013, -12.803650366274132 ], [ 45.167259308210575, -12.803700190121898 ], [ 45.167063965862603, -12.803703026916102 ], [ 45.166753384748965, -12.803615508358025 ], [ 45.166537776835867, -12.803627400405729 ], [ 45.166480707832051, -12.803718768934202 ], [ 45.166503821437431, -12.803837215237248 ], [ 45.166436624296473, -12.803940345819312 ], [ 45.166375993376697, -12.804220711458257 ], [ 45.166185439632621, -12.80450115907311 ], [ 45.166115525833305, -12.804677538104457 ], [ 45.165878784208367, -12.804781679684098 ], [ 45.165666048810749, -12.804960861338392 ], [ 45.165591412231848, -12.804960908266944 ], [ 45.165396894814641, -12.804817249677614 ], [ 45.165375484809552, -12.804484487437046 ], [ 45.165197696236383, -12.804559654374977 ], [ 45.164910143570417, -12.804461267830625 ], [ 45.164689813184047, -12.804296826381236 ], [ 45.164562637885247, -12.804270681683903 ], [ 45.164446566155142, -12.804315968256713 ], [ 45.164446597805345, -12.804364799454456 ], [ 45.164338855848122, -12.804467050533852 ], [ 45.164246092148758, -12.804932813508772 ], [ 45.164081291968508, -12.805145422428465 ], [ 45.163896187100882, -12.805307404100619 ], [ 45.163310303394205, -12.805544689811271 ], [ 45.163289143999037, -12.805597151271519 ], [ 45.163316821013588, -12.80564958245518 ], [ 45.163248750698457, -12.805830481002767 ], [ 45.163334724905582, -12.806265387219051 ], [ 45.163319153506471, -12.806410081948973 ], [ 45.163121131299476, -12.806547655480319 ], [ 45.162895376081003, -12.80654598663323 ], [ 45.162802347265647, -12.806603918181064 ], [ 45.162699093187612, -12.806522596627467 ], [ 45.162293667773376, -12.806539123821908 ], [ 45.158398291635855, -12.80880852976016 ], [ 45.158067926703801, -12.810988047114904 ], [ 45.153457907930211, -12.809556583259473 ] ] ] ] } },
{ "type": "Feature", "properties": { "code_iris": "976040700", "nom_iris": "Majiméouni" }, "geometry": { "type": "MultiPolygon", "coordinates": [ [ [ [ 45.104669913527822, -12.921733773070036 ], [ 45.105103292354272, -12.921975040664114 ], [ 45.105591866403614, -12.92193595975602 ], [ 45.105576265674422, -12.922105065617707 ], [ 45.105805987350976, -12.922523652298576 ], [ 45.105626431612549, -12.923021076578143 ], [ 45.105683665665403, -12.923206429927196 ], [ 45.106306150384057, -12.923727040033155 ], [ 45.106296963764791, -12.923803002919231 ], [ 45.106488711916846, -12.923798403427512 ], [ 45.107186728120034, -12.924165253743039 ], [ 45.107974054272646, -12.924266208269175 ], [ 45.108057977742575, -12.924342132697644 ], [ 45.108244165005289, -12.924267905004182 ], [ 45.108448835353052, -12.924299469733359 ], [ 45.108466374438038, -12.92435371897707 ], [ 45.109112647710852, -12.924439355924832 ], [ 45.109489777202164, -12.924626383095319 ], [ 45.109781984556278, -12.924562056866812 ], [ 45.110526937155029, -12.924732650689954 ], [ 45.110773418406758, -12.925502988846477 ], [ 45.110798522949693, -12.925987669756257 ], [ 45.110562466330656, -12.925863884096524 ], [ 45.110310757397677, -12.925784414323306 ], [ 45.110113457109144, -12.92574470948235 ], [ 45.1097557734753, -12.925760232747123 ], [ 45.109409178766022, -12.925836337323707 ], [ 45.108266219163191, -12.926242833340979 ], [ 45.10767534872857, -12.926376910412616 ], [ 45.107312110691815, -12.926340888932584 ], [ 45.106957143922699, -12.926244277108903 ], [ 45.106375336546662, -12.926012115999303 ], [ 45.106000085349891, -12.92590646837443 ], [ 45.105658061409919, -12.925893947134133 ], [ 45.105717917600323, -12.925736578982812 ], [ 45.106128868614654, -12.925242677893847 ], [ 45.106117748760276, -12.925107041093016 ], [ 45.105966467748914, -12.92488736358211 ], [ 45.105342054815502, -12.924170525712366 ], [ 45.105073597742766, -12.923713974693683 ], [ 45.104776471581289, -12.923036791622492 ], [ 45.104604009142697, -12.922863239825235 ], [ 45.103882912030514, -12.922396017093385 ], [ 45.104173295532448, -12.922382337302937 ], [ 45.104338134223369, -12.921958166194344 ], [ 45.104669913527822, -12.921733773070036 ] ] ] ] } },
{ "type": "Feature", "properties": { "code_iris": "976110700", "nom_iris": "Tsoundzou2" }, "geometry": { "type": "MultiPolygon", "coordinates": [ [ [ [ 45.203072813361288, -12.809609806908949 ], [ 45.203042470531962, -12.809691215476782 ], [ 45.203112526420817, -12.809722811238489 ], [ 45.203776110316099, -12.809892303132024 ], [ 45.203992005052768, -12.81023304937851 ], [ 45.203980119222649, -12.810348806371975 ], [ 45.203822396023781, -12.810157221233268 ], [ 45.203484107703048, -12.810015510966775 ], [ 45.203230753780964, -12.810073580521296 ], [ 45.203232745979868, -12.810259860586159 ], [ 45.20308891113303, -12.810150553725322 ], [ 45.203076202644809, -12.810390197627012 ], [ 45.203335425724461, -12.810756230814295 ], [ 45.203284995615022, -12.811068246204677 ], [ 45.203551628408874, -12.811480391680627 ], [ 45.20354717136513, -12.811667580985095 ], [ 45.203470733587281, -12.811721896837318 ], [ 45.20364045468456, -12.811936079861393 ], [ 45.203605501552751, -12.812013874929074 ], [ 45.203827073541476, -12.812537281289313 ], [ 45.204256768249422, -12.812899564308237 ], [ 45.204498276235825, -12.813003368950893 ], [ 45.204721114125945, -12.81280877569972 ], [ 45.204997088841267, -12.812233439274049 ], [ 45.205179616201193, -12.812329150704771 ], [ 45.204995620245626, -12.812696431458118 ], [ 45.204412057198205, -12.813498076715055 ], [ 45.204074095265199, -12.813767814160904 ], [ 45.204030872813931, -12.813875456904194 ], [ 45.203909202455989, -12.813830337209462 ], [ 45.203863174793298, -12.81388734245596 ], [ 45.203984858267674, -12.813948739189222 ], [ 45.203823697002015, -12.8140682288915 ], [ 45.203758718145146, -12.814622602412101 ], [ 45.203906849829522, -12.815487882954843 ], [ 45.204188896356882, -12.815580805070102 ], [ 45.204180742198645, -12.815753528722427 ], [ 45.204552269420581, -12.815966650141645 ], [ 45.204750638295437, -12.816277567928969 ], [ 45.204708333549071, -12.816380688655538 ], [ 45.204089487215612, -12.816862245744428 ], [ 45.203698366013789, -12.817494639848587 ], [ 45.20377263284832, -12.818176408775935 ], [ 45.203900071377035, -12.818516318983459 ], [ 45.203848660890245, -12.818755992750068 ], [ 45.2040268137319, -12.819135651859703 ], [ 45.203649485155687, -12.819735481097949 ], [ 45.203221245682421, -12.820052309811087 ], [ 45.202562564574563, -12.820285217393813 ], [ 45.202055723936439, -12.820261191552891 ], [ 45.201870554280084, -12.820324633209465 ], [ 45.201243390862373, -12.820795338708132 ], [ 45.200983601731004, -12.820886869457272 ], [ 45.200922741450832, -12.82083446775653 ], [ 45.200927183279703, -12.820625575911789 ], [ 45.200727964273831, -12.820403275322111 ], [ 45.200416553808523, -12.82047223790973 ], [ 45.199916445213219, -12.820805393057279 ], [ 45.198770887806255, -12.8218036807885 ], [ 45.19866581709357, -12.821778440334958 ], [ 45.198581055517423, -12.821799302743178 ], [ 45.198555326546789, -12.821892462904639 ], [ 45.198248494942447, -12.821927961171076 ], [ 45.19781838143976, -12.822218558504023 ], [ 45.179451816684846, -12.819443831957717 ], [ 45.163979104974345, -12.819537122578883 ], [ 45.154819499220807, -12.81959150223182 ], [ 45.153457907930211, -12.809556583259473 ], [ 45.158067926703801, -12.810988047114904 ], [ 45.158398291635855, -12.80880852976016 ], [ 45.162293667773376, -12.806539123821908 ], [ 45.162699093187612, -12.806522596627467 ], [ 45.162802347265647, -12.806603918181064 ], [ 45.162895376081003, -12.80654598663323 ], [ 45.163121131299476, -12.806547655480319 ], [ 45.163319153506471, -12.806410081948973 ], [ 45.163334724905582, -12.806265387219051 ], [ 45.163248750698457, -12.805830481002767 ], [ 45.163316821013588, -12.80564958245518 ], [ 45.163289143999037, -12.805597151271519 ], [ 45.163310303394205, -12.805544689811271 ], [ 45.163896187100882, -12.805307404100619 ], [ 45.164081291968508, -12.805145422428465 ], [ 45.164246092148758, -12.804932813508772 ], [ 45.164338855848122, -12.804467050533852 ], [ 45.164446597805345, -12.804364799454456 ], [ 45.164446566155142, -12.804315968256713 ], [ 45.164562637885247, -12.804270681683903 ], [ 45.164689813184047, -12.804296826381236 ], [ 45.164910143570417, -12.804461267830625 ], [ 45.165197696236383, -12.804559654374977 ], [ 45.165375484809552, -12.804484487437046 ], [ 45.165396894814641, -12.804817249677614 ], [ 45.165591412231848, -12.804960908266944 ], [ 45.165666048810749, -12.804960861338392 ], [ 45.165878784208367, -12.804781679684098 ], [ 45.166115525833305, -12.804677538104457 ], [ 45.166185439632621, -12.80450115907311 ], [ 45.166375993376697, -12.804220711458257 ], [ 45.166436624296473, -12.803940345819312 ], [ 45.166503821437431, -12.803837215237248 ], [ 45.166480707832051, -12.803718768934202 ], [ 45.166537776835867, -12.803627400405729 ], [ 45.166753384748965, -12.803615508358025 ], [ 45.167063965862603, -12.803703026916102 ], [ 45.167259308210575, -12.803700190121898 ], [ 45.167398412020013, -12.803650366274132 ], [ 45.167392803471927, -12.803529196085417 ], [ 45.167077435471562, -12.803168587854806 ], [ 45.167067155626953, -12.802949758181974 ], [ 45.167150967803465, -12.802891830986374 ], [ 45.167390547788528, -12.802903434540521 ], [ 45.167574954760134, -12.803085982229396 ], [ 45.167565835387528, -12.803229768829068 ], [ 45.167649722224503, -12.803284876647362 ], [ 45.167754885763209, -12.803466570333557 ], [ 45.168075635744067, -12.803603816716493 ], [ 45.168450574211136, -12.803475169243422 ], [ 45.168629358193549, -12.803513938980194 ], [ 45.168889147161742, -12.803430578650708 ], [ 45.169116411564652, -12.802935790776665 ], [ 45.169305218787066, -12.80280635722891 ], [ 45.16947472710612, -12.80275379990675 ], [ 45.169672065725507, -12.802981551878645 ], [ 45.169843480500163, -12.803023942667336 ], [ 45.170049995202469, -12.803193814403789 ], [ 45.17011371106824, -12.803398140920539 ], [ 45.170396613576052, -12.803431416514652 ], [ 45.171000727769517, -12.802917393133059 ], [ 45.171034749423285, -12.802811570098109 ], [ 45.17121149764003, -12.802564586410865 ], [ 45.171443553881865, -12.802351025041887 ], [ 45.171691366407181, -12.802273999731494 ], [ 45.171860000198585, -12.802291975420269 ], [ 45.172017611188693, -12.80236059796864 ], [ 45.17210796893184, -12.802445541431283 ], [ 45.172255532748288, -12.802644386947613 ], [ 45.172298049952111, -12.802837875405164 ], [ 45.172398568282155, -12.802958983379499 ], [ 45.172426316924145, -12.80311450164838 ], [ 45.172831083743873, -12.803493130384535 ], [ 45.173169253564204, -12.803498334006102 ], [ 45.173276115156717, -12.803462092482899 ], [ 45.173565341952589, -12.80331088708575 ], [ 45.17401291584445, -12.802957017779102 ], [ 45.174284684739121, -12.80287906992975 ], [ 45.174424762182966, -12.802907914235822 ], [ 45.174640467366586, -12.803038892151825 ], [ 45.175128244327233, -12.80353049745813 ], [ 45.175257295623048, -12.803603658432507 ], [ 45.175537387739148, -12.803569109260453 ], [ 45.175805448507752, -12.803458608184602 ], [ 45.176322295288536, -12.803347036167217 ], [ 45.176588459113049, -12.80315967165337 ], [ 45.17696524351198, -12.803042766538535 ], [ 45.177207488484179, -12.802911482914213 ], [ 45.177573993462993, -12.802590216261882 ], [ 45.178086990106095, -12.802248051655775 ], [ 45.178353017994432, -12.801870786378009 ], [ 45.17837692743425, -12.801802949088842 ], [ 45.178303999990156, -12.801611290795583 ], [ 45.178057697414005, -12.801209956404998 ], [ 45.178060311319534, -12.80099563993638 ], [ 45.17812841864469, -12.800884367284828 ], [ 45.178324609485195, -12.80078114649907 ], [ 45.179002756722056, -12.800751749683808 ], [ 45.179169476884169, -12.800670251046226 ], [ 45.179178502140175, -12.800402577605206 ], [ 45.179059386693176, -12.800045467397055 ], [ 45.178628836264735, -12.799694898382636 ], [ 45.178500530645671, -12.799370348253705 ], [ 45.178526252761877, -12.799260008481033 ], [ 45.178718689664834, -12.799061840387099 ], [ 45.178853059189379, -12.798838391684216 ], [ 45.179210563630235, -12.798830914565084 ], [ 45.179725554673254, -12.798716624386586 ], [ 45.180529674817222, -12.798328138009866 ], [ 45.181361572477115, -12.79813224204689 ], [ 45.181180637652233, -12.796368113155804 ], [ 45.181449927516233, -12.795413006496046 ], [ 45.18221496653068, -12.795794085625827 ], [ 45.183231121060246, -12.795578162219407 ], [ 45.184711858517339, -12.795633194241466 ], [ 45.185279894362885, -12.800037549995734 ], [ 45.187723270278532, -12.802215137919388 ], [ 45.193432683514366, -12.804950073951398 ], [ 45.193435365781255, -12.80484246260581 ], [ 45.193526490824539, -12.804714892128764 ], [ 45.193528201949967, -12.804542173299229 ], [ 45.193655278023186, -12.804434470533964 ], [ 45.19400674241195, -12.803748767311037 ], [ 45.194364294589271, -12.803795526344036 ], [ 45.194520913334635, -12.80376285664871 ], [ 45.194730875231379, -12.803599931045543 ], [ 45.195028213750241, -12.803229860373078 ], [ 45.195247395450252, -12.803075066061448 ], [ 45.19549428597702, -12.803006157657819 ], [ 45.195870249212213, -12.803031198266337 ], [ 45.196044501617429, -12.803163093607056 ], [ 45.196072289896946, -12.803351163261963 ], [ 45.196025396076003, -12.803479605981501 ], [ 45.195858759922281, -12.803665107409111 ], [ 45.195694955480356, -12.803938321830158 ], [ 45.195703409509271, -12.804147204326632 ], [ 45.19577350832661, -12.804237580282244 ], [ 45.196098015622255, -12.804447131969892 ], [ 45.196409500830001, -12.804498443895888 ], [ 45.196450815609694, -12.804304897092504 ], [ 45.196378770777372, -12.80408159355626 ], [ 45.196386039362956, -12.803948658920978 ], [ 45.196459716272251, -12.803899772845885 ], [ 45.196743520689722, -12.803903178168863 ], [ 45.196903976492202, -12.804065828753428 ], [ 45.196926198303025, -12.804204167036849 ], [ 45.197080327291495, -12.804525071292053 ], [ 45.19707855396026, -12.804614596369891 ], [ 45.196969006232159, -12.804747607509297 ], [ 45.196594994654639, -12.804866347623484 ], [ 45.196477187238131, -12.805042770180084 ], [ 45.196522724370098, -12.805541898932708 ], [ 45.196647291875777, -12.805765163191442 ], [ 45.196981025391302, -12.805986462484913 ], [ 45.197357010749805, -12.806034107891447 ], [ 45.197471242044884, -12.805998755349249 ], [ 45.197613947820663, -12.805847633531554 ], [ 45.197759173142039, -12.805382724511073 ], [ 45.197902900010106, -12.805360009562218 ], [ 45.198154508664537, -12.805431258543946 ], [ 45.198409889497668, -12.805612826623772 ], [ 45.198513188419426, -12.805737539457679 ], [ 45.19869412078566, -12.806158797582999 ], [ 45.199056632752665, -12.806649547961957 ], [ 45.199514913150296, -12.807059744353126 ], [ 45.199656884028222, -12.807146447650901 ], [ 45.20000527168034, -12.807249271240478 ], [ 45.2001223559366, -12.807326046100085 ], [ 45.20040635850998, -12.807575411417973 ], [ 45.201042688720918, -12.808245902124186 ], [ 45.201485263124731, -12.808596424473185 ], [ 45.202708744991313, -12.809492531055195 ], [ 45.203072813361288, -12.809609806908949 ] ] ] ] } },
{ "type": "Feature", "properties": { "code_iris": "976110801", "nom_iris": "Convalescence" }, "geometry": { "type": "MultiPolygon", "coordinates": [ [ [ [ 45.219471606305014, -12.778313087827145 ], [ 45.219829711881786, -12.777970971609765 ], [ 45.220098668321185, -12.777884840775156 ], [ 45.220248854256269, -12.777893758302433 ], [ 45.220612914608701, -12.778045373447757 ], [ 45.220769567296323, -12.778074179451078 ], [ 45.221924830470471, -12.777963792624609 ], [ 45.22205479207323, -12.778024270133571 ], [ 45.222381212418512, -12.77832873793624 ], [ 45.223163686022922, -12.778620160162431 ], [ 45.223392334999453, -12.77879811002625 ], [ 45.223602494628672, -12.778904637177048 ], [ 45.223861418668079, -12.778935163223375 ], [ 45.224405823004986, -12.778811718723555 ], [ 45.224607596713476, -12.77881154708404 ], [ 45.224944019035881, -12.778961371141753 ], [ 45.225117337759919, -12.779081492679119 ], [ 45.225032652730022, -12.779170184397195 ], [ 45.224920469765401, -12.779419861466438 ], [ 45.225042659435765, -12.780066317883932 ], [ 45.224898700192995, -12.780848643235867 ], [ 45.224810381095949, -12.780996116208705 ], [ 45.224722850539273, -12.780993477923566 ], [ 45.224656472649798, -12.780947416139005 ], [ 45.224552166113831, -12.78072776476141 ], [ 45.224446100102433, -12.780602160006024 ], [ 45.223783973062154, -12.779921799067628 ], [ 45.222924205710996, -12.779748904851362 ], [ 45.222840384751201, -12.779773391220653 ], [ 45.222820207900881, -12.779879209093767 ], [ 45.222849760702545, -12.779958760836728 ], [ 45.223366169399071, -12.780476477034517 ], [ 45.22361889457499, -12.780790048350667 ], [ 45.223552559083359, -12.780791913116897 ], [ 45.22342183809134, -12.780917718822737 ], [ 45.221968616814216, -12.781683062332386 ], [ 45.221667505934981, -12.78187954434585 ], [ 45.221593748073353, -12.781822636621504 ], [ 45.22145648628706, -12.781845358873165 ], [ 45.221318077146151, -12.781608553481787 ], [ 45.221148985976036, -12.781052562655178 ], [ 45.22100159757764, -12.781084335958981 ], [ 45.220737159248543, -12.781071897366997 ], [ 45.220531651222466, -12.781017812354282 ], [ 45.220019987662049, -12.780654718611215 ], [ 45.220005278180587, -12.780691806385914 ], [ 45.219025174413844, -12.77986791756992 ], [ 45.219071180117496, -12.779796441195529 ], [ 45.219497494283303, -12.779485014347463 ], [ 45.219570179700078, -12.779368301652793 ], [ 45.219601348374354, -12.779186515264254 ], [ 45.219583540601946, -12.778836573377166 ], [ 45.219550994565928, -12.778490260863098 ], [ 45.219471606305014, -12.778313087827145 ] ] ] ] } },
{ "type": "Feature", "properties": { "code_iris": "976110802", "nom_iris": "Hibiscus-Briqueterie" }, "geometry": { "type": "MultiPolygon", "coordinates": [ [ [ [ 45.222900706527511, -12.78447107744042 ], [ 45.222506866483137, -12.785045627921347 ], [ 45.222320936113945, -12.78525738627507 ], [ 45.221845919330015, -12.785724394822182 ], [ 45.221615699196363, -12.785863847504139 ], [ 45.221493961317016, -12.785729211984126 ], [ 45.220538063248966, -12.785221807300958 ], [ 45.219815154857365, -12.784576754408141 ], [ 45.220314027572435, -12.783993077346743 ], [ 45.220689432099604, -12.783404981255448 ], [ 45.220985608519882, -12.78282870664791 ], [ 45.220797559212329, -12.782722158976249 ], [ 45.220149997425928, -12.782897226241495 ], [ 45.219909390438062, -12.782743699189004 ], [ 45.219762147894848, -12.782945476448363 ], [ 45.219672783356636, -12.782953689392921 ], [ 45.219599139691411, -12.78302880598874 ], [ 45.219325904880556, -12.7835019720251 ], [ 45.219035525766934, -12.783326782819653 ], [ 45.218972917844027, -12.783378378784787 ], [ 45.218973623383285, -12.78312789246387 ], [ 45.219157593038197, -12.782777783105137 ], [ 45.219142795206359, -12.782712687188779 ], [ 45.218563992574332, -12.782490714235383 ], [ 45.218522499729957, -12.782453673093929 ], [ 45.218507676425723, -12.78235873589494 ], [ 45.217842215195674, -12.78207534198857 ], [ 45.217599902351381, -12.782079159053477 ], [ 45.217535426187162, -12.782100914956768 ], [ 45.217456297325647, -12.782226675211508 ], [ 45.217285870035283, -12.782253944037018 ], [ 45.217250937420751, -12.782346209442531 ], [ 45.217372675301284, -12.782485368418453 ], [ 45.217265962784303, -12.782678068115713 ], [ 45.216183306072729, -12.782603902099824 ], [ 45.216221931454925, -12.782519772332394 ], [ 45.216345309905812, -12.782422008867298 ], [ 45.216747741417421, -12.782186565575463 ], [ 45.216824050248249, -12.781994795344152 ], [ 45.216881557699899, -12.781364464326376 ], [ 45.217317737604901, -12.780732013132301 ], [ 45.217400613344545, -12.780678592295974 ], [ 45.21746788028323, -12.780688483959969 ], [ 45.217649551604374, -12.780881850289854 ], [ 45.217894729672274, -12.780997395902837 ], [ 45.2181978513158, -12.780994432588971 ], [ 45.218384657624071, -12.78072932377353 ], [ 45.218433191487627, -12.780382944039442 ], [ 45.218684620478115, -12.780267892135114 ], [ 45.219025174413844, -12.77986791756992 ], [ 45.220005278180587, -12.780691806385914 ], [ 45.220019987662049, -12.780654718611215 ], [ 45.220531651222466, -12.781017812354282 ], [ 45.220737159248543, -12.781071897366997 ], [ 45.22100159757764, -12.781084335958981 ], [ 45.221148985976036, -12.781052562655178 ], [ 45.221318077146151, -12.781608553481787 ], [ 45.22145648628706, -12.781845358873165 ], [ 45.221593748073353, -12.781822636621504 ], [ 45.221667505934981, -12.78187954434585 ], [ 45.221968616814216, -12.781683062332386 ], [ 45.22342183809134, -12.780917718822737 ], [ 45.223552559083359, -12.780791913116897 ], [ 45.22361889457499, -12.780790048350667 ], [ 45.223723138258592, -12.780939166280723 ], [ 45.22375460103224, -12.781094675853812 ], [ 45.223660201726481, -12.781662644037345 ], [ 45.223641468386909, -12.782361668710559 ], [ 45.223362413864777, -12.783541991024139 ], [ 45.223215386505977, -12.783986117116443 ], [ 45.223257859628816, -12.784089169136418 ], [ 45.223223806628468, -12.784131699127437 ], [ 45.223139958058702, -12.784126344378057 ], [ 45.222900706527511, -12.78447107744042 ] ] ] ] } },
{ "type": "Feature", "properties": { "code_iris": "976110803", "nom_iris": "Massimoni - Cavani-Mtsapéré" }, "geometry": { "type": "MultiPolygon", "coordinates": [ [ [ [ 45.221615699196363, -12.785863847504139 ], [ 45.221035418189267, -12.786071414574637 ], [ 45.220627338677012, -12.7861712270449 ], [ 45.219520199550054, -12.786571842668554 ], [ 45.219171641813176, -12.786247495852622 ], [ 45.218679328323155, -12.785896139353557 ], [ 45.218464705747451, -12.785961425383107 ], [ 45.217764251811346, -12.785711518858626 ], [ 45.216935341076159, -12.785006862971635 ], [ 45.217008029990126, -12.784891055266925 ], [ 45.21687899122994, -12.784835095983849 ], [ 45.216646578671089, -12.784566715594552 ], [ 45.216554416754278, -12.783455430266955 ], [ 45.216222182247392, -12.782814567675119 ], [ 45.216183306072729, -12.782603902099824 ], [ 45.217265962784303, -12.782678068115713 ], [ 45.217372675301284, -12.782485368418453 ], [ 45.217250937420751, -12.782346209442531 ], [ 45.217285870035283, -12.782253944037018 ], [ 45.217456297325647, -12.782226675211508 ], [ 45.217535426187162, -12.782100914956768 ], [ 45.217599902351381, -12.782079159053477 ], [ 45.217842215195674, -12.78207534198857 ], [ 45.218507676425723, -12.78235873589494 ], [ 45.218522499729957, -12.782453673093929 ], [ 45.218563992574332, -12.782490714235383 ], [ 45.219142795206359, -12.782712687188779 ], [ 45.219157593038197, -12.782777783105137 ], [ 45.218973623383285, -12.78312789246387 ], [ 45.218972917844027, -12.783378378784787 ], [ 45.219035525766934, -12.783326782819653 ], [ 45.219325904880556, -12.7835019720251 ], [ 45.219599139691411, -12.78302880598874 ], [ 45.219672783356636, -12.782953689392921 ], [ 45.219762147894848, -12.782945476448363 ], [ 45.219909390438062, -12.782743699189004 ], [ 45.220149997425928, -12.782897226241495 ], [ 45.220797559212329, -12.782722158976249 ], [ 45.220985608519882, -12.78282870664791 ], [ 45.220689432099604, -12.783404981255448 ], [ 45.220314027572435, -12.783993077346743 ], [ 45.219815154857365, -12.784576754408141 ], [ 45.220538063248966, -12.785221807300958 ], [ 45.221493961317016, -12.785729211984126 ], [ 45.221615699196363, -12.785863847504139 ] ] ] ] } },
{ "type": "Feature", "properties": { "code_iris": "976110804", "nom_iris": "Cavani-Sud - Bellevue" }, "geometry": { "type": "MultiPolygon", "coordinates": [ [ [ [ 45.21847496288445, -12.777528094489076 ], [ 45.218499971084661, -12.77768180156567 ], [ 45.218544244247475, -12.777738734616724 ], [ 45.21885575910381, -12.777857841593191 ], [ 45.219471606305014, -12.778313087827145 ], [ 45.219550994565928, -12.778490260863098 ], [ 45.219583540601946, -12.778836573377166 ], [ 45.219601348374354, -12.779186515264254 ], [ 45.219570179700078, -12.779368301652793 ], [ 45.219497494283303, -12.779485014347463 ], [ 45.219071180117496, -12.779796441195529 ], [ 45.219025174413844, -12.77986791756992 ], [ 45.218684620478115, -12.780267892135114 ], [ 45.218433191487627, -12.780382944039442 ], [ 45.218384657624071, -12.78072932377353 ], [ 45.2181978513158, -12.780994432588971 ], [ 45.217894729672274, -12.780997395902837 ], [ 45.217649551604374, -12.780881850289854 ], [ 45.21746788028323, -12.780688483959969 ], [ 45.217400613344545, -12.780678592295974 ], [ 45.217317737604901, -12.780732013132301 ], [ 45.216881557699899, -12.781364464326376 ], [ 45.216824050248249, -12.781994795344152 ], [ 45.216747741417421, -12.782186565575463 ], [ 45.216345309905812, -12.782422008867298 ], [ 45.216221931454925, -12.782519772332394 ], [ 45.216183306072729, -12.782603902099824 ], [ 45.216222182247392, -12.782814567675119 ], [ 45.216554416754278, -12.783455430266955 ], [ 45.216646578671089, -12.784566715594552 ], [ 45.21687899122994, -12.784835095983849 ], [ 45.217008029990126, -12.784891055266925 ], [ 45.216935341076159, -12.785006862971635 ], [ 45.217764251811346, -12.785711518858626 ], [ 45.218464705747451, -12.785961425383107 ], [ 45.218679328323155, -12.785896139353557 ], [ 45.219171641813176, -12.786247495852622 ], [ 45.219520199550054, -12.786571842668554 ], [ 45.218998667725849, -12.786529775008434 ], [ 45.218544771705375, -12.78692441772805 ], [ 45.218381735687309, -12.786978809586495 ], [ 45.218039927948944, -12.787003507932473 ], [ 45.21770006748249, -12.787150282088732 ], [ 45.217562759080387, -12.787122362688706 ], [ 45.217354341090129, -12.786902794365467 ], [ 45.217172792371805, -12.786857729882046 ], [ 45.217086246876619, -12.786931952124862 ], [ 45.217048659930541, -12.78715353177453 ], [ 45.216383407111749, -12.787127854234154 ], [ 45.215636263601887, -12.787233362654479 ], [ 45.215377001553591, -12.786813084020027 ], [ 45.215280227746852, -12.786777896078597 ], [ 45.214783668618665, -12.78684883477505 ], [ 45.214662004878356, -12.786798294101642 ], [ 45.214552273949401, -12.786694391107725 ], [ 45.214434105776768, -12.786418681600344 ], [ 45.21435201464913, -12.786312947484147 ], [ 45.214206352207476, -12.786210882094878 ], [ 45.214008216067825, -12.786161307480945 ], [ 45.213800994913449, -12.786264563521005 ], [ 45.213465994247095, -12.786714262349012 ], [ 45.213387684592526, -12.786722464238597 ], [ 45.213175713990182, -12.786656623143514 ], [ 45.213078902616957, -12.786576220382742 ], [ 45.213051151570163, -12.786445122092944 ], [ 45.21280767447206, -12.786164087320845 ], [ 45.212824935826752, -12.785871990703839 ], [ 45.212772323229387, -12.78575899804766 ], [ 45.212548244958455, -12.785536725613246 ], [ 45.21239524676156, -12.785475357748576 ], [ 45.212226673028226, -12.785518898903016 ], [ 45.212165078910807, -12.785683527562218 ], [ 45.212178129821893, -12.785865277511402 ], [ 45.212342674320631, -12.786512610153851 ], [ 45.212325289958358, -12.786658213350959 ], [ 45.212095035693096, -12.786764199445349 ], [ 45.211876670074645, -12.786763470660125 ], [ 45.211667555829408, -12.786807948309551 ], [ 45.211484195489597, -12.786799052579676 ], [ 45.211266672254062, -12.786703373129539 ], [ 45.211174440498276, -12.786589507602788 ], [ 45.211176232130732, -12.786528015072195 ], [ 45.21138225111612, -12.786085656726774 ], [ 45.211356294090784, -12.785894874265512 ], [ 45.211193119573927, -12.785783778409384 ], [ 45.210366436039365, -12.785522197499121 ], [ 45.210241054650773, -12.785430965080753 ], [ 45.210242720810143, -12.785217553446211 ], [ 45.21035129144574, -12.785035706420766 ], [ 45.210324469334481, -12.78491184131258 ], [ 45.210387985810193, -12.784842161029358 ], [ 45.210300299836057, -12.784653236216768 ], [ 45.21018426043068, -12.78471662836424 ], [ 45.210112514462452, -12.784862274758121 ], [ 45.210008743364824, -12.785277422362128 ], [ 45.209870577381764, -12.785324554930311 ], [ 45.209718488612928, -12.785247812000241 ], [ 45.20968245089724, -12.785121241307641 ], [ 45.209745894455537, -12.784962941695934 ], [ 45.209763263030034, -12.784796540179025 ], [ 45.209669072034252, -12.784539799242966 ], [ 45.209480941827223, -12.784331059770155 ], [ 45.209141710161624, -12.78412424854529 ], [ 45.208846604029816, -12.783795323993234 ], [ 45.208637337976668, -12.78365261314392 ], [ 45.20855900607993, -12.78363278089182 ], [ 45.208423623324776, -12.783702517527834 ], [ 45.208380300133932, -12.783679040439027 ], [ 45.208349519402425, -12.783220594186734 ], [ 45.208070936107617, -12.782813887479186 ], [ 45.207682685841981, -12.782374712668465 ], [ 45.2073849885413, -12.782252868843901 ], [ 45.207067070350753, -12.782190723116155 ], [ 45.206192625730033, -12.782093745513075 ], [ 45.206000876330812, -12.781960965918845 ], [ 45.205826561079839, -12.781739553001854 ], [ 45.205669891577273, -12.781690843965903 ], [ 45.205309624401359, -12.781668517491408 ], [ 45.205197300409473, -12.781768980107294 ], [ 45.205118069157344, -12.781775371680448 ], [ 45.205024079475194, -12.781760976223707 ], [ 45.204556762099052, -12.781523512879405 ], [ 45.204089590072428, -12.781466000606482 ], [ 45.204007549101831, -12.781415424280942 ], [ 45.20384245163379, -12.781196715731811 ], [ 45.203731055856956, -12.781306219831139 ], [ 45.203558694342561, -12.781220446100329 ], [ 45.203555459601851, -12.780632665551179 ], [ 45.203600543415213, -12.780554862551028 ], [ 45.203600389870779, -12.780363154962556 ], [ 45.203565304784377, -12.780270945301185 ], [ 45.203415095442935, -12.780233985580079 ], [ 45.202713062474871, -12.780277027024805 ], [ 45.202518606227102, -12.780212068043637 ], [ 45.202319290731886, -12.779829709754328 ], [ 45.202343918764107, -12.779517713667181 ], [ 45.202441373953576, -12.779257205779224 ], [ 45.2025987566049, -12.779047291636211 ], [ 45.203136860105296, -12.779095709223515 ], [ 45.203238171740125, -12.779050417137165 ], [ 45.203282311620967, -12.778944582177193 ], [ 45.203245308985714, -12.77875832863209 ], [ 45.203156722840944, -12.778586583298162 ], [ 45.20269314165737, -12.778403370521637 ], [ 45.202534561516224, -12.77826604142111 ], [ 45.202509523986727, -12.778063501498863 ], [ 45.202614227400545, -12.77765016433092 ], [ 45.202552412734121, -12.777543506512476 ], [ 45.202354253845861, -12.777454134596359 ], [ 45.201731030978415, -12.77579073278128 ], [ 45.203177176115091, -12.775357376902038 ], [ 45.201764660104615, -12.772887961386388 ], [ 45.202054783322296, -12.771610892955254 ], [ 45.202162627645421, -12.771674110174672 ], [ 45.202461176690775, -12.771727234094259 ], [ 45.202942363043199, -12.772051502047381 ], [ 45.203246410244788, -12.772066640989729 ], [ 45.203917987247891, -12.771986546376972 ], [ 45.204615575991596, -12.772174097425909 ], [ 45.204862618924501, -12.772334868093818 ], [ 45.205036778801869, -12.772372712762506 ], [ 45.205282886274439, -12.772515398112736 ], [ 45.205342831170952, -12.772588598350445 ], [ 45.20542610049602, -12.773022588971356 ], [ 45.205429025134116, -12.773221528745582 ], [ 45.205512060289585, -12.773365244969465 ], [ 45.2061075709926, -12.773779846196534 ], [ 45.206337037160132, -12.77384929667372 ], [ 45.206563657222077, -12.773817469599384 ], [ 45.206634616812046, -12.773839116838774 ], [ 45.206972041493934, -12.774109232827124 ], [ 45.207172050078967, -12.774208546962754 ], [ 45.207393204332448, -12.774252683139995 ], [ 45.208143163401076, -12.774252092945455 ], [ 45.209640867552707, -12.774918267836751 ], [ 45.210164271486853, -12.775026365482967 ], [ 45.210347603102377, -12.775010846682695 ], [ 45.210592593292709, -12.774910276101799 ], [ 45.210744604144999, -12.77490020770005 ], [ 45.211041389509361, -12.775041942830377 ], [ 45.211139058567539, -12.775051811832139 ], [ 45.211217281352148, -12.774943235465525 ], [ 45.211339524149928, -12.774589563519148 ], [ 45.211526108222998, -12.775161824346444 ], [ 45.2118027009342, -12.776500843520459 ], [ 45.212182125857851, -12.777407533077735 ], [ 45.212345291584192, -12.777514107066374 ], [ 45.21506840761505, -12.777090507216307 ], [ 45.215154958824016, -12.777026232711419 ], [ 45.215438857261113, -12.777176111836075 ], [ 45.216097463999738, -12.777001047187394 ], [ 45.216949653418503, -12.776946995550009 ], [ 45.217650937061656, -12.777119135923797 ], [ 45.218311736412247, -12.777353703298902 ], [ 45.21847496288445, -12.777528094489076 ] ] ] ] } }
]
}
